,eq_ret_3m,eq_vol_3m,eq_dd_12m,eq_mom_12m,ff_chg_3m,real_ff,cpi_yoy,cpi_yoy_chg_3m,y2_minus_ff,y2_chg_3m,fwd_6m_%,fwd_12m_%,pattern,distance,n_features
1954-07-31,9.271,7.323,0.0,24.768,,0.539,0.261,-0.376,,,18.62,40.933,HOLD | infl-dn | eq-up | low-vol,0.664,7
1954-08-31,2.193,8.681,-4.422,27.916,,1.22,0.0,-0.861,,,23.232,44.754,HOLD | infl-dn | eq-up | mid-vol,0.906,7
1954-09-30,10.613,8.141,-1.162,38.373,,1.368,-0.298,-0.933,,,13.216,35.159,HOLD | infl-dn | eq-up | low-vol,0.88,7
1954-10-31,2.591,8.154,-3.297,29.095,0.05,1.703,-0.853,-1.115,,,19.823,33.649,HOLD | infl-dn | eq-up | low-vol,0.961,8
1954-11-30,14.784,7.879,-0.897,38.288,-0.39,1.091,-0.261,-0.261,,,10.718,32.915,CUT | infl-dn | eq-up | low-vol,0.736,8
1954-12-31,11.359,8.312,0.0,45.022,0.21,1.652,-0.372,-0.075,,,14.036,26.404,HIKE | infl-flat | eq-up | low-vol,0.826,8
1955-01-31,15.625,11.056,-0.327,40.452,0.54,2.021,-0.631,0.222,,,18.81,19.629,HIKE | infl-up | eq-up | mid-vol,0.755,8
1955-02-28,7.36,10.745,-1.05,40.574,0.46,1.92,-0.63,-0.369,,,17.465,23.341,HIKE | infl-dn | eq-up | mid-vol,0.8,8
1955-03-31,1.668,12.666,-2.505,35.783,0.07,1.87,-0.52,-0.148,,,19.382,32.832,HOLD | infl-dn | eq-flat | high-vol,0.821,8
1955-04-30,3.631,12.501,-0.939,34.324,0.04,1.691,-0.261,0.37,,,11.538,27.45,HOLD | infl-up | eq-up | mid-vol,0.743,8
1955-05-31,3.128,12.206,-1.07,29.873,0.14,2.024,-0.594,0.036,,,20.047,19.23,HOLD | infl-flat | eq-up | mid-vol,0.74,8
1955-06-30,12.165,9.717,0.0,40.466,0.29,2.494,-0.854,-0.334,,,10.846,14.477,HIKE | infl-dn | eq-up | mid-vol,0.8,8
1955-07-31,14.647,9.49,-0.548,40.933,0.25,2.052,-0.372,-0.112,,,0.689,13.488,HIKE | infl-dn | eq-up | mid-vol,0.744,8
1955-08-31,13.901,10.327,-1.325,44.754,0.53,2.444,-0.484,0.11,,,5.002,10.028,HIKE | infl-up | eq-up | mid-vol,0.817,8
1955-09-30,6.434,15.92,-4.295,35.159,0.54,2.031,0.149,1.003,,,11.266,3.847,HIKE | infl-up | eq-up | high-vol,0.779,8
1955-10-31,-2.711,16.237,-7.21,33.649,0.56,1.866,0.374,0.747,,,14.265,7.652,HIKE | infl-up | eq-dn | high-vol,0.999,8
1955-11-30,5.396,17.064,-1.939,32.915,0.39,1.977,0.373,0.858,,,-0.681,-0.945,HIKE | infl-up | eq-up | high-vol,0.728,8
1955-12-31,4.145,11.969,-2.004,26.404,0.3,2.106,0.374,0.224,,,3.276,2.617,HIKE | infl-up | eq-up | mid-vol,0.631,8
1956-01-31,3.496,10.07,-5.581,19.629,0.21,2.226,0.224,-0.15,,,12.711,2.054,HIKE | infl-dn | eq-up | mid-vol,0.684,8
1956-02-29,-0.374,8.825,-2.306,23.341,0.15,2.351,0.149,-0.224,,,4.786,-4.588,HOLD | infl-dn | eq-flat | mid-vol,0.855,8
1956-03-31,6.838,9.621,-0.573,32.832,0.02,2.127,0.373,-0.0,,,-6.668,-9.22,HOLD | infl-flat | eq-up | mid-vol,0.649,8
1956-04-30,10.406,9.012,-1.003,27.45,0.17,2.097,0.523,0.298,,,-5.788,-5.457,HOLD | infl-up | eq-up | mid-vol,0.557,8
1956-05-31,-0.309,10.129,-7.51,19.23,0.25,1.779,0.971,0.822,,,-0.265,4.934,HIKE | infl-up | eq-flat | mid-vol,0.866,8
1956-06-30,-3.334,10.247,-3.888,14.477,0.21,1.063,1.647,1.274,,,-0.639,0.852,HIKE | infl-up | eq-dn | mid-vol,1.024,8
1956-07-31,2.088,9.799,-0.182,13.488,0.13,0.769,1.981,1.458,,,-9.455,-2.997,HOLD | infl-up | eq-up | mid-vol,0.899,8
1956-08-31,5.111,8.843,-4.483,10.028,-0.02,0.522,2.208,1.237,,,-8.945,-4.82,HOLD | infl-up | eq-up | mid-vol,0.778,8
1956-09-30,-3.449,8.382,-8.826,3.847,0.24,1.088,1.862,0.215,,,-2.734,-6.461,HIKE | infl-up | eq-dn | low-vol,1.0,8
1956-10-31,-7.714,10.101,-8.363,7.652,0.21,0.387,2.573,0.592,,,0.351,-9.917,HIKE | infl-up | eq-dn | mid-vol,1.138,8
1956-11-30,-5.115,10.821,-9.369,-0.945,0.15,0.536,2.344,0.136,,,5.213,-7.453,HOLD | infl-up | eq-dn | mid-vol,1.064,8
1956-12-31,2.911,10.849,-6.172,2.617,-0.01,0.112,2.828,0.966,,,1.5,-14.313,HOLD | infl-up | eq-up | mid-vol,0.798,8
1957-01-31,-1.887,9.482,-10.092,2.054,-0.12,-0.291,3.131,0.558,,,7.133,-6.753,HOLD | infl-up | eq-flat | mid-vol,0.98,8
1957-02-28,-4.037,9.426,-13.028,-4.588,0.12,-0.5,3.5,1.156,,,4.531,-5.594,HOLD | infl-up | eq-dn | mid-vol,1.253,8
1957-03-31,-5.485,8.03,-11.319,-9.22,0.02,-0.647,3.607,0.779,,,-3.831,-4.557,HOLD | infl-up | eq-dn | low-vol,1.292,8
1957-04-30,2.281,6.965,-8.042,-5.457,0.16,-0.713,3.713,0.583,,,-10.232,-5.028,HOLD | infl-up | eq-up | low-vol,0.975,8
1957-05-31,9.639,5.193,-4.644,4.934,0.0,-0.589,3.589,0.089,,,-12.039,-6.81,HOLD | infl-flat | eq-up | low-vol,0.692,8
1957-06-30,7.391,5.844,-4.765,0.852,0.04,-0.536,3.536,-0.071,,,-15.579,-4.497,HOLD | infl-flat | eq-up | low-vol,0.742,8
1957-07-31,4.744,6.514,-3.679,-2.997,-0.01,-0.308,3.298,-0.415,,,-12.962,-1.503,HOLD | infl-dn | eq-up | low-vol,0.829,8
1957-08-31,-4.659,9.48,-7.958,-4.82,0.24,-0.312,3.552,-0.037,,,-9.686,5.595,HIKE | infl-flat | eq-dn | mid-vol,1.1,8
1957-09-30,-10.45,10.836,-13.658,-6.461,0.47,-0.077,3.547,0.011,,,-0.754,18.01,HIKE | infl-flat | eq-dn | mid-vol,1.405,8
1957-10-31,-14.298,15.067,-16.426,-9.917,0.51,0.556,2.944,-0.354,,,5.796,25.012,HIKE | infl-dn | eq-dn | high-vol,1.619,8
1957-11-30,-7.74,16.26,-15.082,-7.453,0.04,0.008,3.272,-0.28,,,5.944,25.791,HOLD | infl-dn | eq-dn | high-vol,1.311,8
1957-12-31,-5.728,15.931,-18.604,-14.313,-0.49,-0.06,3.04,-0.506,,,13.128,38.06,CUT | infl-dn | eq-dn | high-vol,1.415,8
1958-01-31,1.559,11.882,-15.123,-6.753,-0.78,-0.786,3.506,0.561,,,13.165,32.902,CUT | infl-up | eq-flat | mid-vol,1.086,8
1958-02-28,-2.109,8.685,-16.874,-5.594,-1.61,-1.567,3.237,-0.034,,,16.92,35.676,CUT | infl-flat | eq-dn | mid-vol,1.343,8
1958-03-31,5.276,7.52,-14.309,-4.557,-1.78,-2.425,3.625,0.585,,,18.907,31.686,CUT | infl-up | eq-up | low-vol,1.235,8
1958-04-30,4.173,7.459,-11.582,-5.028,-1.46,-2.356,3.616,0.111,,,18.163,32.574,CUT | infl-up | eq-up | low-vol,1.128,8
1958-05-31,8.227,6.719,-10.035,-6.81,-1.04,-2.727,3.357,0.12,,,18.733,32.76,CUT | infl-up | eq-up | low-vol,1.043,8
1958-06-30,7.458,6.956,-7.918,-4.497,-0.27,-1.916,2.846,-0.779,,,22.038,29.244,CUT | infl-dn | eq-up | low-vol,0.932,8
1958-07-31,8.633,6.647,-1.255,-1.503,-0.58,-1.803,2.483,-1.133,,,17.44,28.226,CUT | infl-dn | eq-up | low-vol,0.944,8
1958-08-31,8.032,6.988,-0.892,5.595,0.9,-0.804,2.334,-1.023,,,16.042,24.817,HIKE | infl-dn | eq-up | low-vol,0.838,8
1958-09-30,10.654,6.69,0.0,18.01,0.83,-0.323,2.083,-0.763,,,10.747,13.624,HIKE | infl-dn | eq-up | low-vol,0.685,8
1958-10-31,8.773,7.059,-0.562,25.012,1.12,-0.283,2.083,-0.4,,,12.196,12.059,HIKE | infl-dn | eq-up | low-vol,0.692,8
1958-11-30,9.906,8.832,-1.427,25.791,0.74,0.369,1.901,-0.433,,,11.814,11.052,HIKE | infl-dn | eq-up | mid-vol,0.535,8
1958-12-31,10.288,9.131,0.0,38.06,0.66,0.664,1.756,-0.327,,,5.905,8.477,HIKE | infl-dn | eq-up | mid-vol,0.642,8
1959-01-31,7.968,8.852,-1.106,32.902,0.68,1.188,1.292,-0.791,,,9.184,0.343,HIKE | infl-dn | eq-up | mid-vol,0.702,8
1959-02-28,5.583,7.707,-1.124,35.676,0.16,1.385,1.045,-0.855,,,7.562,1.281,HOLD | infl-dn | eq-up | low-vol,0.799,8
1959-03-31,0.417,7.365,-2.17,31.686,0.38,2.454,0.346,-1.41,,,2.597,-0.18,HIKE | infl-dn | eq-flat | low-vol,1.085,8
1959-04-30,3.916,7.16,-0.997,32.574,0.48,2.822,0.138,-1.154,,,-0.122,-5.591,HIKE | infl-dn | eq-up | low-vol,0.979,8
1959-05-31,5.901,6.202,0.0,32.76,0.47,2.554,0.346,-0.7,,,-0.682,-4.857,HIKE | infl-dn | eq-up | low-vol,0.866,8
1959-06-30,5.465,7.075,-0.358,29.244,0.59,2.698,0.692,0.345,,,2.429,-2.651,HIKE | infl-up | eq-up | low-vol,0.778,8
1959-07-31,5.07,7.039,-0.181,28.226,0.51,2.57,0.9,0.762,,,-8.098,-8.263,HIKE | infl-up | eq-up | low-vol,0.816,8
1959-08-31,1.568,8.434,-1.828,24.817,0.6,2.671,0.829,0.484,,,-5.839,-4.43,HIKE | infl-up | eq-flat | mid-vol,0.828,8
1959-09-30,-2.719,9.507,-6.309,13.624,0.37,2.584,1.176,0.484,,,-2.707,-5.907,HIKE | infl-up | eq-dn | mid-vol,0.942,8
1959-10-31,-4.941,9.788,-5.254,12.059,0.51,2.458,1.522,0.622,,,-5.476,-7.18,HIKE | infl-up | eq-dn | mid-vol,1.034,8
1959-11-30,-2.215,8.808,-4.003,11.052,0.5,2.618,1.382,0.552,,,-4.204,-4.701,HIKE | infl-up | eq-dn | mid-vol,0.943,8
1959-12-31,5.292,6.231,-1.351,8.477,0.23,2.471,1.519,0.343,,,-4.959,-2.972,HIKE | infl-up | eq-up | low-vol,0.743,8
1960-01-31,-3.321,6.93,-8.401,0.343,0.01,2.749,1.241,-0.281,,,-0.18,11.095,HOLD | infl-dn | eq-dn | low-vol,1.096,8
1960-02-29,-3.706,8.139,-7.561,1.281,-0.03,2.556,1.414,0.032,,,1.497,13.043,HOLD | infl-flat | eq-dn | low-vol,1.051,8
1960-03-31,-7.597,9.067,-8.845,-0.18,-0.15,2.321,1.519,0.0,,,-3.289,18.052,HOLD | infl-flat | eq-dn | mid-vol,1.204,8
1960-04-30,-2.23,8.733,-10.443,-5.591,-0.07,1.988,1.932,0.691,,,-1.802,20.121,HOLD | infl-up | eq-dn | mid-vol,1.106,8
1960-05-31,-0.517,7.457,-8.038,-4.857,-0.12,2.025,1.825,0.411,,,-0.519,19.219,HOLD | infl-up | eq-flat | low-vol,1.014,8
1960-06-30,2.855,6.605,-6.243,-2.651,-0.52,1.602,1.718,0.199,,,2.091,13.563,CUT | infl-up | eq-up | low-vol,0.89,8
1960-07-31,2.097,7.22,-8.565,-8.263,-0.69,1.858,1.372,-0.56,,,11.295,20.267,CUT | infl-dn | eq-up | low-vol,1.038,8
1960-08-31,2.024,7.658,-5.68,-4.43,-0.87,1.506,1.474,-0.351,,,11.376,19.505,CUT | infl-dn | eq-up | low-vol,0.946,8
1960-09-30,-5.973,9.579,-11.376,-5.907,-0.72,1.369,1.231,-0.487,,,22.067,24.682,CUT | infl-dn | eq-dn | mid-vol,1.248,8
1960-10-31,-3.819,9.72,-11.591,-7.18,-0.76,1.107,1.363,-0.009,,,22.326,28.526,CUT | infl-flat | eq-dn | mid-vol,1.168,8
1960-11-30,-2.493,9.737,-8.031,-4.701,-0.54,0.975,1.465,-0.009,,,19.842,28.412,CUT | infl-flat | eq-dn | mid-vol,1.028,8
1960-12-31,8.576,7.53,-3.775,-2.972,-0.62,0.62,1.36,0.129,,,11.237,23.129,CUT | infl-up | eq-up | low-vol,0.738,8
1961-01-31,15.715,6.497,-0.307,11.095,-1.02,-0.15,1.6,0.237,,,8.061,11.428,CUT | infl-up | eq-up | low-vol,0.678,8
1961-02-28,14.224,6.598,0.0,13.043,0.1,1.078,1.462,-0.003,,,7.298,10.277,HOLD | infl-flat | eq-up | low-vol,0.538,8
1961-03-31,12.425,6.584,0.0,18.052,0.04,0.558,1.462,0.102,,,2.143,6.46,HOLD | infl-up | eq-up | low-vol,0.521,8
1961-04-30,5.714,7.483,-2.055,20.121,0.04,0.576,0.914,-0.686,,,5.068,-0.107,HOLD | infl-dn | eq-up | low-vol,0.674,8
1961-05-31,4.918,6.977,-1.232,19.219,-0.56,1.067,0.913,-0.549,,,7.151,-10.412,CUT | infl-dn | eq-up | low-vol,0.719,8
1961-06-30,-1.056,7.245,-4.081,13.563,-0.29,0.953,0.777,-0.685,,,10.69,-15.3,CUT | infl-dn | eq-flat | low-vol,0.917,8
1961-07-31,2.22,6.625,-0.935,20.267,-0.32,-0.082,1.252,0.338,,,3.116,-12.777,CUT | infl-up | eq-up | low-vol,0.771,8
1961-08-31,2.269,6.611,-0.541,19.505,0.02,0.886,1.114,0.201,,,2.777,-13.148,HOLD | infl-up | eq-up | low-vol,0.749,8
1961-09-30,3.233,7.147,-2.527,24.682,0.15,0.63,1.25,0.473,,,4.226,-15.675,HOLD | infl-up | eq-up | low-vol,0.722,8
1961-10-31,2.786,6.247,0.0,28.526,1.09,1.487,0.773,-0.479,,,-4.926,-17.633,HIKE | infl-dn | eq-up | low-vol,0.9,8
1961-11-30,4.774,6.319,-0.738,28.412,0.61,1.938,0.672,-0.443,,,-16.391,-12.703,HIKE | infl-dn | eq-up | low-vol,0.794,8
1961-12-31,7.223,5.356,-1.501,23.129,0.45,1.659,0.671,-0.579,,,-23.48,-11.81,HIKE | infl-dn | eq-up | low-vol,0.746,8
1962-01-31,0.321,6.72,-5.231,11.428,-0.11,1.48,0.67,-0.103,1.14,,-15.413,-3.835,HOLD | infl-dn | eq-flat | low-vol,0.885,9
1962-02-28,-1.907,6.55,-3.689,10.277,-0.24,1.465,0.905,0.233,0.84,,-15.495,-8.105,CUT | infl-up | eq-flat | low-vol,0.923,9
1962-03-31,-2.795,6.13,-4.254,6.46,0.52,1.744,1.106,0.435,0.12,,-19.094,-4.285,HIKE | infl-up | eq-dn | low-vol,0.967,9
1962-04-30,-5.23,6.795,-10.187,-0.107,0.63,1.438,1.342,0.672,0.29,-0.22,-13.366,6.99,HIKE | infl-up | eq-dn | low-vol,1.089,10
1962-05-31,-14.766,17.42,-17.91,-10.412,-0.01,1.02,1.34,0.436,0.63,-0.22,4.411,18.732,HOLD | infl-up | eq-dn | high-vol,1.517,10
1962-06-30,-21.28,21.348,-24.628,-15.3,-0.17,1.44,1.24,0.134,0.52,0.23,15.251,26.703,HOLD | infl-up | eq-dn | high-vol,1.915,10
1962-07-31,-10.745,22.124,-19.838,-12.777,-0.07,1.707,1.003,-0.339,0.62,0.26,13.687,18.719,HOLD | infl-dn | eq-dn | high-vol,1.483,10
1962-08-31,-0.855,15.535,-18.612,-13.148,0.57,1.794,1.136,-0.205,0.21,0.15,8.745,22.632,HIKE | infl-dn | eq-flat | high-vol,1.137,10
1962-09-30,2.776,10.296,-22.536,-15.675,0.22,1.432,1.468,0.228,0.12,-0.18,18.305,27.421,HIKE | infl-up | eq-up | mid-vol,1.199,10
1962-10-31,-2.937,12.25,-22.192,-17.633,0.19,1.566,1.334,0.332,0.07,-0.36,23.496,30.945,HOLD | infl-up | eq-dn | mid-vol,1.321,10
1962-11-30,5.311,12.821,-14.29,-12.703,0.01,1.606,1.334,0.199,0.08,-0.12,13.717,17.62,HOLD | infl-up | eq-up | high-vol,0.89,10
1962-12-31,12.138,11.701,-11.81,-11.81,0.03,1.697,1.233,-0.235,0.12,0.03,9.937,18.891,HOLD | infl-dn | eq-up | mid-vol,0.77,10
1963-01-31,17.127,7.782,-6.839,-3.835,0.02,1.588,1.332,-0.003,0.11,0.06,4.426,16.375,HOLD | infl-flat | eq-up | low-vol,0.656,10
1963-02-28,3.261,6.759,-9.527,-8.105,0.06,1.771,1.229,-0.105,0.02,0.0,12.77,21.014,HOLD | infl-dn | eq-up | low-vol,0.874,10
1963-03-31,5.499,7.039,-4.285,-4.285,0.05,1.853,1.127,-0.106,0.11,0.04,7.706,18.642,HOLD | infl-dn | eq-up | low-vol,0.735,10
1963-04-30,5.438,6.377,0.0,6.99,-0.02,2.006,0.894,-0.438,0.21,0.08,6.032,13.84,HOLD | infl-dn | eq-up | low-vol,0.686,10
1963-05-31,10.126,5.832,0.0,18.732,0.0,2.107,0.893,-0.336,0.2,0.18,3.432,13.333,HOLD | infl-dn | eq-up | low-vol,0.582,10
1963-06-30,4.206,4.93,-2.02,26.703,0.01,1.666,1.324,0.197,0.2,0.1,8.145,17.76,HOLD | infl-up | eq-up | low-vol,0.689,10
1963-07-31,-0.96,5.517,-2.359,18.719,0.12,1.465,1.555,0.662,0.48,0.39,11.442,20.324,HOLD | infl-up | eq-flat | low-vol,0.855,10
1963-08-31,2.401,5.578,0.0,22.632,0.49,1.938,1.552,0.659,0.1,0.39,7.31,12.869,HIKE | infl-up | eq-up | low-vol,0.778,10
1963-09-30,3.359,5.604,-2.183,27.421,0.49,2.494,0.986,-0.338,0.11,0.4,10.153,17.406,HIKE | infl-dn | eq-up | low-vol,0.761,10
1963-10-31,7.059,5.584,-0.631,30.945,0.48,2.282,1.218,-0.337,0.18,0.18,7.364,14.66,HIKE | infl-dn | eq-up | low-vol,0.683,10
1963-11-30,1.007,10.516,-1.678,17.62,-0.01,2.163,1.317,-0.236,0.26,0.15,9.573,15.281,HOLD | infl-dn | eq-flat | mid-vol,0.636,10
1963-12-31,4.63,10.338,0.0,18.891,-0.1,1.734,1.646,0.66,0.45,0.24,8.891,12.97,HOLD | infl-up | eq-up | mid-vol,0.572,10
1964-01-31,4.094,9.955,-0.091,16.375,-0.02,1.837,1.643,0.425,0.28,0.08,7.97,13.655,HOLD | infl-up | eq-up | mid-vol,0.549,10
1964-02-29,6.241,3.696,-0.09,21.014,0.0,2.069,1.411,0.094,0.43,0.17,5.18,12.378,HOLD | infl-flat | eq-up | low-vol,0.701,10
1964-03-31,5.279,3.088,-0.504,18.642,0.05,2.021,1.409,-0.236,0.51,0.11,6.584,9.091,HOLD | infl-dn | eq-up | low-vol,0.747,10
1964-04-30,3.141,3.537,-1.353,13.84,-0.01,1.928,1.542,-0.101,0.37,0.08,6.796,12.144,HOLD | infl-dn | eq-up | low-vol,0.762,10
1964-05-31,3.136,4.105,-1.134,13.333,0.02,1.96,1.54,0.13,0.34,-0.07,5.209,10.194,HOLD | infl-up | eq-up | low-vol,0.744,10
1964-06-30,3.431,4.949,0.0,17.76,0.07,2.193,1.307,-0.103,0.28,-0.16,3.746,2.975,HOLD | infl-dn | eq-up | low-vol,0.716,10
1964-07-31,4.682,4.542,-0.988,20.324,-0.05,2.345,1.075,-0.467,0.27,-0.15,5.266,2.489,HOLD | infl-dn | eq-up | low-vol,0.727,10
1964-08-31,1.982,5.31,-2.595,12.869,0.0,2.524,0.976,-0.565,0.31,-0.03,6.843,6.526,HOLD | infl-dn | eq-flat | low-vol,0.791,10
1964-09-30,3.048,4.549,-0.119,17.406,-0.05,2.278,1.172,-0.135,0.39,0.06,2.352,6.866,HOLD | infl-dn | eq-up | low-vol,0.749,10
1964-10-31,2.02,4.67,-0.446,14.66,-0.06,2.157,1.203,0.128,0.5,0.17,5.008,8.909,HOLD | infl-up | eq-up | low-vol,0.778,10
1964-11-30,3.165,3.958,-2.156,15.281,0.02,2.123,1.397,0.421,0.58,0.29,4.738,8.517,HOLD | infl-up | eq-up | low-vol,0.785,10
1964-12-31,0.677,4.579,-1.773,12.97,0.4,2.652,1.198,0.026,0.14,0.15,-0.743,9.062,HIKE | infl-flat | eq-flat | low-vol,0.827,10
1965-01-31,3.182,4.486,0.0,13.655,0.54,2.801,1.099,-0.104,0.06,0.1,-2.638,6.076,HIKE | infl-dn | eq-up | low-vol,0.785,10
1965-02-28,3.566,5.233,-0.228,12.378,0.46,2.783,1.197,-0.2,0.11,-0.01,-0.297,4.335,HIKE | infl-dn | eq-up | low-vol,0.748,10
1965-03-31,1.664,4.511,-1.678,9.091,0.2,2.854,1.196,-0.002,-0.02,0.04,4.41,3.563,HOLD | infl-flat | eq-flat | low-vol,0.815,10
1965-04-30,1.77,4.418,0.0,12.144,0.19,2.701,1.389,0.29,-0.05,0.08,3.715,2.188,HOLD | infl-up | eq-flat | low-vol,0.808,10
1965-05-31,1.132,4.216,-2.049,10.194,0.12,2.486,1.614,0.417,-0.06,-0.05,3.608,-2.59,HOLD | infl-up | eq-flat | low-vol,0.825,10
1965-06-30,-2.368,8.06,-6.813,2.975,0.0,2.115,1.935,0.739,-0.09,-0.07,9.879,0.737,HOLD | infl-up | eq-dn | low-vol,0.904,10
1965-07-31,-4.332,8.638,-5.561,2.489,0.0,2.285,1.805,0.416,-0.07,-0.02,8.95,-1.935,HOLD | infl-up | eq-dn | mid-vol,0.931,10
1965-08-31,-1.414,8.19,-3.434,6.526,0.02,2.51,1.61,-0.004,0.01,0.09,4.646,-11.552,HOLD | infl-flat | eq-flat | low-vol,0.8,10
1965-09-30,6.942,4.925,-0.761,6.866,-0.03,2.283,1.737,-0.197,0.34,0.4,-0.811,-14.896,HOLD | infl-dn | eq-up | low-vol,0.691,10
1965-10-31,8.411,3.826,-0.097,8.909,-0.01,2.377,1.703,-0.102,0.25,0.31,-1.472,-13.222,HOLD | infl-dn | eq-up | low-vol,0.692,10
1965-11-30,5.093,4.104,-1.101,8.517,-0.02,2.37,1.73,0.12,0.3,0.27,-5.982,-12.182,HOLD | infl-up | eq-up | low-vol,0.733,10
1965-12-31,2.746,4.173,-0.216,9.062,0.3,2.4,1.92,0.183,0.64,0.6,-8.32,-13.091,HIKE | infl-up | eq-up | low-vol,0.836,10
1966-01-31,0.498,4.064,-1.139,6.076,0.34,2.502,1.918,0.215,0.47,0.56,-9.991,-6.751,HIKE | infl-up | eq-flat | low-vol,0.897,10
1966-02-28,-0.426,4.715,-3.019,4.335,0.5,2.042,2.558,0.827,0.41,0.61,-15.479,-4.867,HIKE | infl-up | eq-flat | low-vol,0.954,10
1966-03-31,-3.462,6.294,-5.135,3.563,0.34,1.881,2.779,0.859,0.24,-0.06,-14.199,1.087,HIKE | infl-up | eq-dn | low-vol,0.974,10
1966-04-30,-1.96,6.765,-3.189,2.188,0.25,1.802,2.868,0.95,0.24,0.02,-11.926,3.24,HIKE | infl-up | eq-flat | low-vol,0.93,10
1966-05-31,-5.58,9.219,-8.431,-2.59,0.3,2.136,2.764,0.206,0.14,0.03,-6.595,3.425,HIKE | infl-up | eq-dn | mid-vol,1.009,10
1966-06-30,-5.032,8.791,-9.909,0.737,0.51,2.734,2.436,-0.343,-0.12,0.15,-5.204,6.962,HIKE | infl-dn | eq-dn | mid-vol,1.019,10
1966-07-31,-8.192,9.719,-11.121,-1.935,0.63,2.545,2.755,-0.113,-0.06,0.33,3.6,13.337,HIKE | infl-dn | eq-dn | mid-vol,1.146,10
1966-08-31,-10.484,11.289,-18.031,-11.552,0.63,2.043,3.487,0.723,0.31,0.8,12.555,21.453,HIKE | infl-up | eq-dn | mid-vol,1.445,10
1966-09-30,-9.653,12.459,-18.605,-14.896,0.23,1.826,3.574,1.138,0.22,0.57,17.816,26.319,HIKE | infl-up | eq-dn | mid-vol,1.462,10
1966-10-31,-4.067,14.069,-14.735,-13.222,0.23,1.739,3.791,1.037,-0.03,0.26,17.219,17.082,HIKE | infl-up | eq-dn | high-vol,1.186,10
1966-11-30,4.345,11.712,-14.469,-12.182,0.23,2.201,3.559,0.073,-0.31,-0.39,10.727,16.843,HIKE | infl-flat | eq-up | mid-vol,0.929,10
1966-12-31,4.924,10.477,-14.597,-13.091,0.0,2.041,3.359,-0.214,-0.4,-0.62,12.835,20.092,HOLD | infl-dn | eq-up | mid-vol,0.964,10
1967-01-31,7.993,7.525,-7.92,-6.751,-0.59,1.741,3.199,-0.592,-0.32,-0.88,9.398,6.5,CUT | infl-dn | eq-up | low-vol,0.849,10
1967-02-28,7.868,6.915,-6.103,-4.867,-0.76,2.132,2.868,-0.691,-0.24,-0.69,7.905,2.973,CUT | infl-dn | eq-up | low-vol,0.829,10
1967-03-31,12.287,6.475,-2.402,1.087,-0.87,1.982,2.548,-0.811,-0.4,-0.87,7.217,0.0,CUT | infl-dn | eq-up | low-vol,0.795,10
1967-04-30,8.544,6.898,0.0,3.24,-0.89,1.51,2.54,-0.659,0.09,-0.48,-0.117,3.808,CUT | infl-dn | eq-up | low-vol,0.705,10
1967-05-31,2.65,7.701,-5.815,3.425,-1.06,1.622,2.318,-0.549,0.24,-0.58,5.523,10.777,CUT | infl-dn | eq-up | low-vol,0.817,10
1967-06-30,0.488,8.854,-4.166,6.962,-0.55,1.139,2.841,0.293,0.99,0.84,6.432,9.863,CUT | infl-up | eq-flat | mid-vol,0.834,10
1967-07-31,0.787,7.807,0.0,13.337,-0.26,0.862,2.928,0.387,1.26,0.91,-2.649,3.156,CUT | infl-up | eq-flat | low-vol,0.865,10
1967-08-31,5.119,6.273,-2.285,21.453,-0.04,1.297,2.603,0.285,1.3,1.02,-4.571,5.575,HOLD | infl-up | eq-up | low-vol,0.805,10
1967-09-30,6.697,4.812,-0.902,26.319,0.01,1.395,2.595,-0.246,1.28,0.3,-6.731,6.163,HOLD | infl-dn | eq-up | low-vol,0.741,10
1967-10-31,-0.897,5.434,-3.781,17.082,0.09,1.292,2.588,-0.34,1.59,0.42,3.93,10.128,HOLD | infl-dn | eq-flat | low-vol,0.946,10
1967-11-30,0.384,7.016,-3.679,16.843,0.23,1.028,3.102,0.499,1.52,0.45,4.979,15.287,HIKE | infl-up | eq-flat | low-vol,0.876,10
1967-12-31,-0.248,6.839,-1.148,20.092,0.52,1.229,3.281,0.685,1.25,0.49,3.224,7.66,HIKE | infl-up | eq-flat | low-vol,0.891,10
1968-01-31,-1.768,6.584,-5.482,6.5,0.73,0.963,3.647,1.06,0.75,-0.11,5.963,11.676,HIKE | infl-up | eq-flat | low-vol,0.972,10
1968-02-29,-4.936,6.624,-8.433,2.973,0.58,1.074,3.636,0.534,0.72,-0.22,10.631,9.814,HIKE | infl-up | eq-dn | low-vol,1.038,10
1968-03-31,-6.499,8.648,-7.572,0.0,0.54,1.111,3.939,0.659,0.54,-0.17,13.825,12.539,HIKE | infl-up | eq-dn | mid-vol,1.068,10
1968-04-30,5.8,10.4,0.0,3.808,1.15,1.833,3.927,0.28,0.24,0.64,5.964,6.251,HIKE | infl-up | eq-up | mid-vol,0.703,10
1968-05-31,10.43,9.559,-0.233,10.777,1.41,1.89,4.23,0.593,-0.06,0.63,9.82,4.844,HIKE | infl-up | eq-up | mid-vol,0.686,10
1968-06-30,10.399,8.169,-2.046,9.863,1.02,1.866,4.204,0.265,-0.16,0.32,4.298,-1.878,HIKE | infl-up | eq-up | low-vol,0.578,10
1968-07-31,0.154,6.75,-4.541,3.156,0.27,1.539,4.491,0.564,-0.53,-0.5,5.392,-6.047,HIKE | infl-up | eq-flat | low-vol,0.87,10
1968-08-31,0.182,6.635,-3.448,5.575,-0.09,1.552,4.478,0.248,-0.6,-0.63,-0.738,-3.389,HOLD | infl-up | eq-flat | low-vol,0.845,10
1968-09-30,3.103,6.093,0.0,6.163,-0.29,1.316,4.464,0.26,-0.34,-0.47,-1.13,-9.302,CUT | infl-up | eq-up | low-vol,0.754,10
1968-10-31,5.801,4.701,-1.505,10.128,-0.12,1.162,4.748,0.257,-0.25,0.16,0.271,-5.967,HOLD | infl-up | eq-up | low-vol,0.686,10
1968-11-30,9.62,4.446,0.0,15.287,-0.21,1.395,4.425,-0.053,-0.04,0.35,-4.531,-13.435,CUT | infl-flat | eq-up | low-vol,0.616,10
1968-12-31,1.159,4.909,-4.162,7.66,0.24,1.314,4.706,0.242,0.44,1.02,-5.921,-11.361,HIKE | infl-up | eq-flat | low-vol,0.899,10
1969-01-31,-0.387,5.778,-4.946,11.676,0.39,1.608,4.692,-0.056,0.11,0.75,-10.853,-17.464,HIKE | infl-flat | eq-flat | low-vol,0.857,10
1969-02-28,-9.449,6.77,-9.449,9.814,0.79,1.932,4.678,0.254,-0.14,0.69,-2.67,-8.794,HIKE | infl-up | eq-dn | low-vol,1.199,10
1969-03-31,-2.263,7.382,-6.33,12.539,0.77,1.542,5.248,0.542,-0.52,-0.19,-8.265,-11.703,HIKE | infl-up | eq-dn | low-vol,0.92,10
1969-04-30,0.66,7.319,-4.319,6.251,1.11,1.887,5.523,0.831,-1.15,-0.15,-6.22,-21.381,HIKE | infl-up | eq-flat | low-vol,0.994,10
1969-05-31,5.432,6.453,-4.531,4.844,2.06,3.163,5.507,0.829,-2.03,0.17,-9.327,-26.01,HIKE | infl-up | eq-up | low-vol,1.229,10
1969-06-30,-3.743,6.928,-9.837,-1.878,2.11,3.424,5.476,0.228,-1.32,1.31,-5.782,-25.576,HIKE | infl-up | eq-dn | low-vol,1.423,10
1969-07-31,-11.438,9.654,-15.263,-6.047,1.2,3.166,5.444,-0.079,-1.04,1.31,-7.416,-15.006,HIKE | infl-flat | eq-dn | mid-vol,1.55,10
1969-08-31,-7.684,10.462,-11.867,-3.389,0.52,3.761,5.429,-0.079,-1.55,1.0,-6.293,-14.648,HIKE | infl-flat | eq-dn | mid-vol,1.365,10
1969-09-30,-4.698,10.72,-14.072,-9.302,0.25,3.452,5.698,0.223,-1.14,0.43,-3.748,-9.568,HIKE | infl-up | eq-dn | mid-vol,1.255,10
1969-10-31,5.891,7.949,-10.27,-5.967,0.39,3.334,5.666,0.222,-1.42,0.01,-16.166,-14.387,HIKE | infl-up | eq-up | low-vol,1.005,10
1969-11-30,-1.78,7.816,-13.435,-13.435,-0.34,2.918,5.932,0.504,-0.81,0.4,-18.399,-7.046,CUT | infl-up | eq-flat | low-vol,1.222,10
1969-12-31,-1.138,8.171,-13.282,-11.361,-0.18,3.071,5.899,0.201,-0.65,0.31,-21.008,0.098,HOLD | infl-up | eq-flat | low-vol,1.15,10
1970-01-31,-12.567,8.443,-19.913,-17.464,-0.02,2.818,6.162,0.497,-0.83,0.57,-8.198,12.773,HOLD | infl-up | eq-dn | mid-vol,1.654,10
1970-02-28,-4.594,9.564,-15.693,-8.794,0.13,2.555,6.425,0.492,-1.87,-0.93,-8.916,8.101,HOLD | infl-up | eq-dn | mid-vol,1.418,10
1970-03-31,-2.64,9.332,-15.571,-11.703,-1.21,1.666,6.094,0.195,-0.86,-1.42,-6.047,11.916,CUT | infl-up | eq-dn | mid-vol,1.368,10
1970-04-30,-4.117,10.141,-23.21,-21.381,-0.88,2.039,6.061,-0.102,-0.38,-0.43,2.122,27.515,CUT | infl-dn | eq-dn | mid-vol,1.499,10
1970-05-31,-14.469,17.279,-26.01,-26.01,-1.03,1.906,6.044,-0.381,-0.3,0.54,13.912,30.15,CUT | infl-dn | eq-dn | high-vol,1.867,10
1970-06-30,-18.866,18.454,-26.995,-25.576,-0.15,1.599,6.011,-0.083,-0.21,0.5,26.719,37.101,HOLD | infl-flat | eq-dn | high-vol,1.978,10
1970-07-31,-4.257,19.16,-20.624,-15.006,-0.89,1.503,5.707,-0.354,-0.21,-0.72,22.844,22.46,CUT | infl-dn | eq-dn | high-vol,1.377,10
1970-08-31,6.492,13.353,-17.095,-14.648,-1.33,0.929,5.691,-0.353,0.22,-0.81,18.683,21.479,CUT | infl-dn | eq-up | high-vol,1.129,10
1970-09-30,15.8,11.619,-14.36,-9.568,-1.32,0.63,5.66,-0.351,0.29,-0.82,19.119,16.779,CUT | infl-dn | eq-up | mid-vol,0.991,10
1970-10-31,6.662,10.503,-15.336,-14.387,-1.01,0.57,5.63,-0.076,0.09,-0.71,24.865,13.189,CUT | infl-flat | eq-up | mid-vol,1.053,10
1970-11-30,6.968,9.065,-6.698,-7.046,-1.02,-0.0,5.6,-0.091,-0.54,-1.78,14.255,7.787,CUT | infl-flat | eq-up | mid-vol,1.081,10
1970-12-31,9.429,8.152,-1.402,0.098,-1.39,-0.67,5.57,-0.09,0.04,-1.64,8.193,10.787,CUT | infl-flat | eq-up | low-vol,1.002,10
1971-01-31,15.171,6.979,0.0,12.773,-2.06,-1.137,5.277,-0.353,0.09,-2.06,-0.313,8.406,CUT | infl-dn | eq-up | low-vol,1.178,10
1971-02-28,10.952,6.671,-1.936,8.101,-1.88,-1.004,4.724,-0.876,-0.03,-1.37,2.357,10.15,CUT | infl-dn | eq-up | low-vol,1.027,10
1971-03-31,8.855,6.281,-0.889,11.916,-1.19,-0.729,4.439,-1.132,0.21,-1.02,-1.964,6.869,CUT | infl-dn | eq-up | low-vol,0.896,10
1971-04-30,8.417,5.745,-0.783,27.515,0.02,0.004,4.156,-1.121,0.61,0.54,-9.351,3.579,HOLD | infl-dn | eq-up | low-vol,0.765,10
1971-05-31,2.977,6.09,-4.906,30.15,0.91,0.226,4.404,-0.32,0.5,1.44,-5.661,9.937,HIKE | infl-dn | eq-up | low-vol,0.952,10
1971-06-30,-0.608,7.042,-4.839,37.101,1.2,0.529,4.381,-0.057,1.33,2.32,2.397,7.462,HIKE | infl-flat | eq-flat | low-vol,1.337,10
1971-07-31,-8.052,7.307,-8.772,22.46,1.15,0.94,4.37,0.214,0.87,1.41,8.747,12.356,HIKE | infl-up | eq-dn | low-vol,1.258,10
1971-08-31,-0.602,10.335,-5.479,21.479,0.94,1.211,4.359,-0.045,-0.29,0.15,7.614,12.178,HIKE | infl-flat | eq-flat | mid-vol,0.744,10
1971-09-30,-1.364,9.823,-6.137,16.779,0.64,1.468,4.082,-0.3,-0.28,-0.97,9.01,12.416,HIKE | infl-dn | eq-flat | mid-vol,0.843,10
1971-10-31,-1.412,10.026,-10.06,13.189,-0.11,1.393,3.807,-0.563,-0.56,-1.54,14.263,18.412,HOLD | infl-dn | eq-flat | mid-vol,1.008,10
1971-11-30,-5.089,9.201,-10.289,7.787,-0.66,1.375,3.535,-0.824,-0.15,-0.52,16.534,24.13,CUT | infl-dn | eq-dn | mid-vol,1.023,10
1971-12-31,3.813,10.262,-2.558,10.787,-1.41,0.874,3.266,-0.815,0.32,-0.81,4.947,15.633,CUT | infl-dn | eq-up | mid-vol,0.8,10
1972-01-31,10.305,9.563,-0.792,8.406,-1.69,0.252,3.258,-0.549,0.85,-0.28,3.319,11.632,CUT | infl-dn | eq-up | mid-vol,0.736,10
1972-02-29,13.384,7.264,0.0,10.15,-1.61,-0.459,3.759,0.224,1.04,-0.42,4.241,4.795,CUT | infl-up | eq-up | low-vol,0.783,10
1972-03-31,5.005,6.026,-1.615,6.869,-0.31,0.33,3.5,0.234,1.28,0.65,3.125,4.03,CUT | infl-up | eq-up | low-vol,0.796,10
1972-04-30,3.589,5.808,-2.278,3.579,0.66,0.679,3.491,0.233,0.44,0.25,3.631,-0.65,HIKE | infl-up | eq-up | low-vol,0.745,10
1972-05-31,2.778,6.775,-1.021,9.937,0.97,1.044,3.226,-0.534,0.37,0.3,6.519,-4.182,HIKE | infl-dn | eq-up | low-vol,0.752,10
1972-06-30,-0.056,6.519,-3.181,7.462,0.63,1.497,2.963,-0.537,0.69,0.04,10.183,-2.688,HIKE | infl-dn | eq-flat | low-vol,0.83,10
1972-07-31,-0.26,6.79,-2.955,12.356,0.38,1.594,2.956,-0.536,0.27,0.21,8.045,0.773,HIKE | infl-dn | eq-flat | low-vol,0.774,10
1972-08-31,1.424,6.592,-1.297,12.178,0.54,1.862,2.948,-0.277,0.59,0.76,0.531,-6.157,HIKE | infl-dn | eq-flat | low-vol,0.793,10
1972-09-30,3.183,6.786,-1.777,12.416,0.41,1.684,3.186,0.223,0.74,0.46,0.877,-1.918,HIKE | infl-up | eq-up | low-vol,0.701,10
1972-10-31,3.902,7.14,-0.862,18.412,0.5,1.872,3.178,0.223,0.39,0.62,-4.132,-2.949,HIKE | infl-up | eq-up | low-vol,0.663,10
1972-11-30,5.023,7.07,-0.512,24.13,0.25,1.645,3.415,0.466,0.29,-0.05,-10.045,-17.751,HIKE | infl-up | eq-up | low-vol,0.599,10
1972-12-31,6.784,7.129,-0.898,15.633,0.46,1.924,3.406,0.22,0.35,0.07,-11.681,-17.366,HIKE | infl-up | eq-up | low-vol,0.55,10
1973-01-31,3.988,6.296,-3.501,11.632,0.89,2.299,3.641,0.462,0.15,0.65,-6.731,-16.772,HIKE | infl-up | eq-up | low-vol,0.762,10
1973-02-28,-4.277,7.991,-7.119,4.795,1.52,2.715,3.865,0.45,-0.15,1.08,-6.653,-13.843,HIKE | infl-up | eq-dn | low-vol,1.139,10
1973-03-31,-5.532,9.619,-7.252,4.03,1.76,2.259,4.831,1.425,0.0,1.41,-2.771,-15.728,HIKE | infl-up | eq-dn | mid-vol,1.35,10
1973-04-30,-7.808,10.943,-11.036,-0.65,1.18,1.819,5.301,1.66,-0.32,0.71,1.234,-15.574,HIKE | infl-up | eq-dn | mid-vol,1.361,10
1973-05-31,-6.026,13.058,-12.716,-4.182,1.26,2.311,5.529,1.664,-0.68,0.73,-8.566,-16.837,HIKE | infl-up | eq-dn | high-vol,1.378,10
1973-06-30,-6.51,13.712,-13.29,-2.688,1.4,2.495,5.995,1.164,-0.75,0.65,-6.436,-17.514,HIKE | infl-up | eq-dn | high-vol,1.337,10
1973-07-31,1.169,14.106,-9.997,0.773,3.28,4.658,5.742,0.44,-1.53,2.07,-10.765,-26.714,HIKE | infl-up | eq-flat | high-vol,1.666,10
1973-08-31,-0.667,11.872,-13.298,-6.157,2.66,3.101,7.399,1.87,-2.03,1.31,-7.703,-30.791,HIKE | infl-up | eq-flat | mid-vol,1.749,10
1973-09-30,4.0,10.423,-9.822,-1.918,2.29,3.417,7.363,1.368,-3.28,-0.24,-13.327,-41.4,HIKE | infl-up | eq-up | mid-vol,1.664,10
1973-10-31,0.065,9.477,-9.938,-2.949,-0.39,1.953,8.057,2.315,-2.8,-1.66,-16.604,-31.757,CUT | infl-up | eq-flat | mid-vol,1.763,10
1973-11-30,-7.952,13.573,-20.193,-17.751,-0.47,1.775,8.255,0.856,-2.75,-1.19,-9.045,-27.084,CUT | infl-up | eq-dn | high-vol,1.853,10
1973-12-31,-10.034,17.52,-18.871,-17.366,-0.83,1.009,8.941,1.578,-2.65,-0.2,-11.84,-29.718,CUT | infl-up | eq-dn | high-vol,1.913,10
1974-01-31,-10.823,19.073,-17.306,-16.772,-0.36,0.048,9.602,1.545,-2.53,-0.09,-17.873,-20.286,CUT | infl-up | eq-dn | high-vol,1.907,10
1974-02-28,0.271,17.42,-16.316,-13.843,-1.06,-1.03,10.0,1.745,-1.81,-0.12,-25.016,-15.205,CUT | infl-up | eq-flat | high-vol,1.643,10
1974-03-31,-3.66,13.969,-16.596,-15.728,-0.6,-0.788,10.138,1.197,-0.99,1.06,-32.39,-11.3,CUT | infl-up | eq-dn | high-vol,1.609,10
1974-04-30,-6.482,12.306,-18.961,-15.574,0.86,0.441,10.069,0.467,-1.52,1.87,-18.171,-3.333,HIKE | infl-up | eq-dn | mid-vol,1.793,10
1974-05-31,-9.291,12.28,-21.68,-16.837,2.34,0.604,10.706,0.706,-2.6,1.55,-19.833,4.434,HIKE | infl-up | eq-dn | mid-vol,2.135,10
1974-06-30,-8.491,13.013,-22.828,-17.514,2.58,1.07,10.86,0.721,-3.06,0.51,-20.279,10.686,HIKE | infl-up | eq-dn | high-vol,2.163,10
1974-07-31,-12.18,15.548,-28.832,-26.714,2.41,1.382,11.538,1.47,-3.92,0.01,-2.938,11.903,HIKE | infl-up | eq-dn | high-vol,2.583,10
1974-08-31,-17.335,18.05,-35.257,-30.791,0.7,1.121,10.889,0.183,-2.28,1.02,13.084,20.416,HIKE | infl-up | eq-dn | high-vol,2.48,10
1974-09-30,-26.116,21.54,-42.983,-41.4,-0.59,-0.607,11.947,1.087,-3.13,-0.66,31.193,31.996,CUT | infl-up | eq-dn | high-vol,3.101,10
1974-10-31,-6.821,25.16,-31.377,-31.757,-2.86,-1.782,11.842,0.304,-2.13,-1.07,18.133,20.487,CUT | infl-up | eq-dn | high-vol,2.453,10
1974-11-30,-3.021,24.483,-29.89,-27.084,-2.56,-2.75,12.2,1.312,-1.79,-2.07,30.27,30.399,CUT | infl-up | eq-dn | high-vol,2.45,10
1974-12-31,7.901,22.025,-31.303,-29.718,-2.81,-3.565,12.095,0.148,-1.18,-0.86,38.842,31.549,CUT | infl-up | eq-up | high-vol,2.22,10
1975-01-31,4.168,17.804,-22.819,-20.286,-2.93,-4.622,11.752,-0.09,-0.77,-1.57,15.29,31.021,CUT | infl-flat | eq-up | high-vol,2.053,10
1975-02-28,16.607,16.509,-18.197,-15.205,-3.21,-4.965,11.205,-0.995,-0.23,-1.65,6.484,22.209,CUT | infl-dn | eq-up | high-vol,1.967,10
1975-03-31,21.587,15.426,-12.049,-11.3,-2.99,-4.92,10.46,-1.635,0.82,-0.99,0.612,23.285,CUT | infl-dn | eq-up | high-vol,1.836,10
1975-04-30,13.406,14.008,-6.23,-3.333,-1.64,-4.697,10.187,-1.565,1.39,0.52,1.993,16.426,CUT | infl-dn | eq-up | high-vol,1.502,10
1975-05-31,11.717,13.366,-2.095,4.434,-1.02,-4.039,9.259,-1.946,0.86,0.07,0.099,9.907,CUT | infl-dn | eq-up | high-vol,1.319,10
1975-06-30,14.191,12.151,0.0,10.686,0.01,-3.634,9.184,-1.277,1.3,0.49,-5.253,9.549,HOLD | infl-dn | eq-up | mid-vol,1.161,10
1975-07-31,1.661,10.998,-7.175,11.903,0.61,-3.433,9.533,-0.654,1.28,0.5,13.645,16.552,HIKE | infl-dn | eq-flat | mid-vol,1.228,10
1975-08-31,-4.685,11.735,-9.131,20.416,0.92,-2.477,8.617,-0.642,1.42,1.48,14.767,18.451,HIKE | infl-dn | eq-dn | mid-vol,1.401,10
1975-09-30,-11.892,12.656,-12.279,31.996,0.69,-1.665,7.905,-1.279,1.59,0.98,22.535,25.48,HIKE | infl-dn | eq-dn | high-vol,1.587,10
1975-10-31,0.327,13.724,-6.872,20.487,-0.28,-1.827,7.647,-1.886,0.45,-1.11,14.151,15.566,CUT | infl-dn | eq-flat | high-vol,1.22,10
1975-11-30,5.018,12.116,-4.571,30.399,-0.92,-2.159,7.379,-1.239,1.46,-0.88,9.798,11.903,CUT | infl-dn | eq-up | mid-vol,1.115,10
1975-12-31,7.535,10.703,-5.669,31.549,-1.04,-1.929,7.129,-0.776,0.96,-1.67,15.623,19.148,CUT | infl-dn | eq-up | mid-vol,1.111,10
1976-01-31,13.275,10.51,0.0,31.021,-0.95,-1.822,6.692,-0.955,0.78,-0.62,2.558,1.16,CUT | infl-dn | eq-up | mid-vol,0.872,10
1976-02-29,9.283,11.144,-2.341,22.209,-0.45,-1.504,6.274,-1.105,1.44,-0.47,3.209,0.11,CUT | infl-dn | eq-up | mid-vol,0.864,10
1976-03-31,13.948,10.931,-0.629,23.285,-0.36,-1.221,6.061,-1.068,1.27,-0.05,2.403,-4.233,CUT | infl-dn | eq-up | mid-vol,0.774,10
1976-04-30,0.773,9.884,-1.807,16.426,-0.05,-1.029,5.849,-0.843,1.32,0.49,1.24,-3.148,HOLD | infl-dn | eq-flat | mid-vol,0.917,10
1976-05-31,0.471,9.453,-3.217,9.907,0.52,-0.925,6.215,-0.059,1.46,0.54,1.917,-4.053,HIKE | infl-flat | eq-flat | mid-vol,0.942,10
1976-06-30,1.469,9.059,0.0,9.549,0.64,-0.501,5.981,-0.079,1.54,0.91,3.049,-3.644,HIKE | infl-flat | eq-flat | mid-vol,0.973,10
1976-07-31,1.771,8.214,-2.369,16.552,0.49,-0.246,5.556,-0.294,1.43,0.6,-1.363,-4.437,HIKE | infl-dn | eq-flat | low-vol,0.874,10
1976-08-31,2.725,7.864,-2.869,18.451,0.0,-0.43,5.72,-0.495,1.21,-0.25,-3.003,-5.966,HOLD | infl-dn | eq-up | low-vol,0.807,10
1976-09-30,0.921,7.618,-2.402,25.48,-0.23,-0.245,5.495,-0.487,1.08,-0.69,-6.48,-8.276,CUT | infl-dn | eq-flat | low-vol,0.875,10
1976-10-31,-0.522,9.009,-4.572,15.566,-0.29,-0.444,5.464,-0.091,1.01,-0.71,-4.334,-10.262,CUT | infl-flat | eq-flat | mid-vol,0.864,10
1976-11-30,-0.787,9.571,-5.314,11.903,-0.34,-0.113,5.063,-0.656,0.47,-1.08,-5.857,-7.12,CUT | infl-dn | eq-flat | mid-vol,0.902,10
1976-12-31,2.109,8.926,-0.343,19.148,-0.6,-0.386,5.036,-0.459,0.69,-0.99,-6.495,-11.502,CUT | infl-dn | eq-up | mid-vol,0.82,10
1977-01-31,-0.845,8.172,-5.379,1.16,-0.41,-0.587,5.197,-0.267,1.57,0.15,-3.117,-12.526,CUT | infl-dn | eq-flat | low-vol,0.998,10
1977-02-28,-2.233,6.715,-7.428,0.11,-0.27,-1.402,6.082,1.019,1.4,0.66,-3.055,-12.803,CUT | infl-up | eq-dn | low-vol,1.192,10
1977-03-31,-8.412,6.802,-8.727,-4.233,0.04,-1.739,6.429,1.393,1.32,0.67,-1.92,-9.358,HOLD | infl-up | eq-dn | low-vol,1.451,10
1977-04-30,-3.519,7.434,-8.708,-3.148,0.12,-2.222,6.952,1.755,1.41,-0.04,-6.197,-1.636,HOLD | infl-up | eq-dn | low-vol,1.391,10
1977-05-31,-3.707,7.963,-10.86,-4.053,0.67,-1.388,6.738,0.655,0.83,0.1,-1.342,1.217,HIKE | infl-up | eq-dn | low-vol,1.192,10
1977-06-30,2.093,7.939,-6.816,-3.644,0.7,-1.312,6.702,0.273,0.69,0.07,-5.354,-4.926,HIKE | infl-up | eq-up | low-vol,0.975,10
1977-07-31,0.416,7.387,-8.328,-4.437,0.69,-1.247,6.667,-0.285,1.08,0.36,-9.712,1.851,HIKE | infl-dn | eq-flat | low-vol,1.078,10
1977-08-31,0.676,7.007,-10.257,-5.966,0.55,-0.732,6.632,-0.106,0.69,0.41,-10.055,6.738,HIKE | infl-dn | eq-flat | low-vol,1.055,10
1977-09-30,-3.931,6.89,-10.171,-8.276,0.75,-0.284,6.424,-0.278,0.68,0.74,-7.583,6.226,HIKE | infl-dn | eq-dn | low-vol,1.212,10
1977-10-31,-6.586,6.918,-14.07,-10.262,1.05,0.08,6.39,-0.276,0.76,0.73,4.862,0.877,HIKE | infl-dn | eq-dn | low-vol,1.365,10
1977-11-30,-2.005,8.486,-11.753,-7.12,0.61,-0.203,6.713,0.081,0.6,0.52,2.594,-0.137,HIKE | infl-flat | eq-dn | mid-vol,1.122,10
1977-12-31,-1.481,8.754,-11.502,-11.502,0.42,-0.118,6.678,0.254,0.66,0.4,0.452,1.062,HIKE | infl-up | eq-flat | mid-vol,1.135,10
1978-01-31,-3.346,8.858,-12.961,-12.526,0.23,-0.114,6.814,0.424,0.77,0.24,12.807,11.966,HIKE | infl-up | eq-dn | mid-vol,1.218,10
1978-02-28,-8.215,7.741,-14.809,-12.803,0.27,0.541,6.239,-0.473,0.79,0.46,18.67,10.616,HIKE | infl-dn | eq-dn | low-vol,1.381,10
1978-03-31,-6.193,7.789,-12.359,-9.358,0.23,0.414,6.376,-0.302,0.91,0.48,14.942,13.877,HIKE | infl-dn | eq-dn | low-vol,1.264,10
1978-04-30,8.493,9.207,-4.873,-1.636,0.19,0.39,6.5,-0.314,1.08,0.5,-3.8,5.091,HOLD | infl-dn | eq-up | mid-vol,0.803,10
1978-05-31,11.776,9.647,-4.421,1.217,0.58,0.217,7.143,0.903,0.76,0.55,-2.662,1.84,HIKE | infl-up | eq-up | mid-vol,0.839,10
1978-06-30,7.084,10.319,-6.15,-4.926,0.81,0.162,7.438,1.062,0.88,0.78,0.607,7.725,HIKE | infl-up | eq-up | mid-vol,1.022,10
1978-07-31,3.976,8.979,0.0,1.851,0.92,0.08,7.73,1.23,0.66,0.5,-0.745,3.109,HIKE | infl-up | eq-up | mid-vol,1.04,10
1978-08-31,6.167,8.917,-1.703,6.738,0.68,0.184,7.856,0.713,0.42,0.34,-6.787,5.838,HIKE | infl-up | eq-up | mid-vol,0.856,10
1978-09-30,7.338,8.766,-4.159,6.226,0.85,-0.033,8.483,1.045,0.25,0.22,-0.926,6.612,HIKE | infl-up | eq-up | mid-vol,0.947,10
1978-10-31,-7.479,10.675,-12.936,0.877,1.15,0.031,8.929,1.198,0.53,1.02,9.243,9.308,HIKE | infl-up | eq-dn | mid-vol,1.469,10
1978-11-30,-8.316,13.211,-11.487,-0.137,1.72,0.889,8.871,1.015,-0.21,1.09,4.625,12.101,HIKE | infl-up | eq-dn | high-vol,1.495,10
1978-12-31,-6.271,16.72,-10.169,1.062,1.58,1.041,8.989,0.506,-0.05,1.28,7.075,12.309,HIKE | infl-up | eq-dn | high-vol,1.395,10
1979-01-31,7.279,14.25,-6.599,11.966,1.11,0.82,9.25,0.322,-0.43,0.15,3.883,14.24,HIKE | infl-up | eq-up | high-vol,0.897,10
1979-02-28,1.668,13.563,-10.01,10.616,0.3,0.219,9.841,0.97,-0.17,0.34,13.544,18.052,HIKE | infl-up | eq-flat | high-vol,1.088,10
1979-03-31,5.702,8.5,-5.047,13.877,0.06,-0.162,10.252,1.264,-0.37,-0.26,7.609,0.492,HOLD | infl-up | eq-up | mid-vol,1.107,10
1979-04-30,1.831,8.212,-4.888,5.091,-0.06,-0.475,10.485,1.235,-0.1,0.27,0.059,4.452,HOLD | infl-up | eq-flat | low-vol,1.211,10
1979-05-31,2.908,8.067,-7.393,1.84,0.18,-0.458,10.698,0.856,-0.68,-0.33,7.146,12.273,HOLD | infl-up | eq-up | low-vol,1.217,10
1979-06-30,1.299,7.742,-3.813,7.725,0.2,-0.787,11.077,0.825,-1.32,-0.75,4.888,11.01,HOLD | infl-up | eq-flat | low-vol,1.325,10
1979-07-31,2.015,7.844,-2.972,3.109,0.46,-0.98,11.45,0.965,-1.16,-0.6,9.97,17.205,HIKE | infl-up | eq-up | low-vol,1.357,10
1979-08-31,10.335,6.856,0.0,5.838,0.7,-0.896,11.836,1.138,-1.1,0.28,3.97,11.947,HIKE | infl-up | eq-up | low-vol,1.324,10
1979-09-30,6.229,8.207,-1.077,6.612,1.14,-0.45,11.88,0.803,-1.33,1.13,-6.614,14.764,HIKE | infl-up | eq-up | low-vol,1.403,10
1979-10-31,-1.917,10.988,-8.493,9.308,3.3,1.698,12.072,0.621,-1.71,2.75,4.39,25.192,HIKE | infl-up | eq-flat | mid-vol,2.053,10
1979-11-30,-2.891,12.266,-4.592,12.101,2.24,0.587,12.593,0.756,-1.85,1.49,4.785,32.366,HIKE | infl-up | eq-dn | mid-vol,1.741,10
1979-12-31,-1.262,11.311,-2.993,12.309,2.35,0.525,13.255,1.375,-2.55,1.13,5.837,25.774,HIKE | infl-up | eq-flat | mid-vol,1.885,10
1980-01-31,12.119,10.246,-0.903,14.24,0.05,-0.049,13.869,1.797,-2.07,-0.31,6.578,13.481,HOLD | infl-up | eq-up | mid-vol,1.623,10
1980-02-29,7.065,10.869,-4.036,18.052,0.95,-0.032,14.162,1.569,0.6,3.4,7.672,15.494,HIKE | infl-up | eq-up | mid-vol,2.002,10
1980-03-31,-5.42,15.333,-13.804,0.492,3.41,2.598,14.592,1.337,-2.56,3.4,22.892,33.216,HIKE | infl-up | eq-dn | high-vol,2.575,10
1980-04-30,-6.894,16.122,-10.258,4.452,3.79,3.021,14.589,0.721,-6.8,-0.94,19.927,24.951,HIKE | infl-up | eq-dn | high-vol,3.042,10
1980-05-31,-2.129,15.763,-6.079,12.273,-3.15,-3.446,14.426,0.264,-1.73,-5.48,26.321,19.193,CUT | infl-up | eq-dn | high-vol,2.875,10
1980-06-30,11.901,12.388,-3.546,11.01,-7.72,-4.796,14.266,-0.326,-0.5,-5.66,18.838,14.855,CUT | infl-dn | eq-up | mid-vol,3.565,10
1980-07-31,14.47,10.519,-0.686,17.205,-8.58,-4.121,13.151,-1.439,0.69,-1.09,6.477,7.603,CUT | infl-dn | eq-up | mid-vol,3.054,10
1980-08-31,10.014,11.02,-2.888,11.947,-1.37,-3.28,12.89,-1.536,1.75,2.11,7.264,0.335,CUT | infl-dn | eq-up | mid-vol,1.778,10
1980-09-30,9.821,12.526,-3.788,14.764,1.4,-1.899,12.769,-1.497,1.26,3.16,8.401,-7.397,HIKE | infl-dn | eq-up | mid-vol,1.9,10
1980-10-31,4.767,13.503,-4.66,25.192,3.78,0.177,12.633,-0.518,0.27,3.36,4.189,-4.378,HIKE | infl-dn | eq-up | high-vol,2.12,10
1980-11-30,14.823,14.047,0.0,32.366,6.24,3.218,12.632,-0.259,-1.72,2.77,-5.643,-10.084,HIKE | infl-dn | eq-up | high-vol,2.568,10
1980-12-31,8.21,14.327,-3.387,25.774,8.03,6.546,12.354,-0.415,-5.84,0.93,-3.352,-9.73,HIKE | infl-dn | eq-up | high-vol,3.409,10
1981-01-31,1.632,13.964,-7.807,13.481,6.27,7.285,11.795,-0.838,-5.82,0.18,1.058,-7.063,HIKE | infl-dn | eq-flat | high-vol,3.069,10
1981-02-28,-6.583,13.013,-6.583,15.494,0.08,4.538,11.392,-1.239,-1.85,-0.05,-6.46,-13.834,HOLD | infl-dn | eq-dn | high-vol,1.596,10
1981-03-31,0.177,12.099,-3.217,33.216,-4.2,4.088,10.612,-1.742,-1.53,0.11,-14.574,-17.676,CUT | infl-dn | eq-flat | mid-vol,1.937,10
1981-04-30,2.516,11.248,-5.487,24.951,-3.36,5.584,10.136,-1.659,-0.88,1.58,-8.222,-12.326,CUT | infl-dn | eq-up | mid-vol,1.807,10
1981-05-31,1.006,10.417,-5.643,19.193,2.59,8.728,9.792,-1.6,-4.12,0.32,-4.706,-15.62,HIKE | infl-dn | eq-flat | mid-vol,2.191,10
1981-06-30,-3.522,8.828,-6.625,14.855,4.4,9.403,9.697,-0.915,-4.44,1.49,-6.6,-16.462,HIKE | infl-dn | eq-dn | mid-vol,2.609,10
1981-07-31,-1.423,9.2,-6.832,7.603,3.32,8.265,10.775,0.639,-3.2,1.0,-8.035,-18.202,HIKE | infl-up | eq-flat | mid-vol,2.147,10
1981-08-31,-7.391,10.536,-12.617,0.335,-0.7,7.003,10.817,1.025,-1.09,2.33,-7.883,-2.671,CUT | infl-up | eq-dn | mid-vol,1.93,10
1981-09-30,-11.455,12.459,-17.321,-7.397,-3.23,4.905,10.965,1.268,0.82,2.03,-3.632,3.65,CUT | infl-up | eq-dn | mid-vol,2.194,10
1981-10-31,-6.897,13.761,-13.258,-4.378,-3.96,4.808,10.272,-0.503,-0.49,-1.25,-4.471,9.697,CUT | infl-dn | eq-dn | high-vol,1.979,10
1981-11-30,2.899,13.365,-8.522,-10.084,-4.51,3.731,9.579,-1.238,-0.95,-4.37,-11.452,9.648,CUT | infl-dn | eq-up | high-vol,2.533,10
1981-12-31,5.483,11.162,-11.273,-9.73,-3.5,3.458,8.912,-2.053,1.26,-3.06,-10.559,14.761,CUT | infl-dn | eq-up | mid-vol,2.126,10
1982-01-31,-1.222,12.102,-12.187,-7.063,-1.86,4.963,8.257,-2.015,1.02,-0.35,-11.055,20.681,CUT | infl-dn | eq-flat | mid-vol,1.59,10
1982-02-28,-10.479,12.57,-17.504,-13.834,1.47,7.166,7.614,-1.966,-0.34,2.08,5.658,30.899,HIKE | infl-dn | eq-dn | mid-vol,2.056,10
1982-03-31,-8.641,13.45,-18.02,-17.676,2.31,7.795,6.885,-2.027,-0.16,0.89,7.556,36.62,HIKE | infl-dn | eq-dn | high-vol,2.011,10
1982-04-30,-3.289,11.773,-13.007,-12.326,1.72,8.318,6.622,-1.635,-0.95,-0.25,14.832,41.206,HIKE | infl-dn | eq-dn | mid-vol,1.722,10
1982-05-31,-1.087,10.44,-16.414,-15.62,-0.33,7.538,6.912,-0.702,-0.83,-0.82,23.829,45.147,CUT | infl-dn | eq-flat | mid-vol,1.554,10
1982-06-30,-2.099,10.074,-18.11,-16.462,-0.53,6.968,7.182,0.297,0.51,0.14,28.309,53.371,CUT | infl-up | eq-dn | mid-vol,1.517,10
1982-07-31,-8.03,9.563,-19.993,-18.202,-2.35,6.033,6.557,-0.064,0.58,-0.82,35.68,51.798,CUT | infl-flat | eq-dn | mid-vol,1.796,10
1982-08-31,6.82,15.733,-5.414,-2.671,-4.33,4.155,5.965,-0.947,1.87,-1.63,23.889,37.562,CUT | infl-dn | eq-up | high-vol,1.797,10
1982-09-30,9.862,16.148,-4.693,3.65,-3.84,5.369,4.941,-2.241,0.92,-3.43,27.022,37.909,CUT | infl-dn | eq-up | high-vol,2.117,10
1982-10-31,24.858,20.081,-3.965,9.697,-2.88,4.678,5.032,-1.525,0.14,-3.32,22.968,22.317,CUT | infl-dn | eq-up | high-vol,1.852,10
1982-11-30,15.923,19.651,-3.132,9.648,-0.92,4.722,4.478,-1.488,0.76,-2.03,17.215,20.11,CUT | infl-dn | eq-up | high-vol,1.207,10
1982-12-31,16.791,19.8,-1.664,14.761,-1.36,5.124,3.826,-1.115,0.53,-1.75,19.532,17.271,CUT | infl-dn | eq-up | high-vol,1.114,10
1983-01-31,8.668,17.572,-1.008,20.681,-1.03,4.972,3.708,-1.324,0.9,-0.27,11.879,12.464,CUT | infl-dn | eq-up | high-vol,0.891,10
1983-02-28,6.872,15.531,-1.122,30.899,-0.69,5.025,3.485,-0.993,0.8,-0.65,11.036,6.079,CUT | infl-dn | eq-up | high-vol,0.859,10
1983-03-31,8.76,13.679,-0.462,36.62,-0.18,5.18,3.59,-0.235,1.1,0.39,8.571,4.066,HOLD | infl-dn | eq-up | high-vol,0.797,10
1983-04-30,13.159,11.529,0.0,41.206,0.12,4.8,4.0,0.292,0.55,-0.23,-0.529,-2.658,HOLD | infl-up | eq-up | mid-vol,0.747,10
1983-05-31,9.679,10.116,-2.298,45.147,0.12,5.189,3.441,-0.044,1.39,0.71,2.469,-7.291,HOLD | infl-flat | eq-up | mid-vol,0.962,10
1983-06-30,9.905,10.322,-1.684,53.371,0.21,6.506,2.474,-1.116,1.25,0.36,-1.892,-8.881,HIKE | infl-dn | eq-up | mid-vol,1.191,10
1983-07-31,-1.131,11.564,-4.93,51.798,0.57,7.011,2.359,-1.641,1.66,1.68,0.523,-7.32,HIKE | infl-dn | eq-flat | mid-vol,1.605,10
1983-08-31,1.238,11.901,-3.854,37.562,0.93,7.104,2.456,-0.985,1.62,1.16,-4.465,1.387,HIKE | infl-dn | eq-flat | mid-vol,1.32,10
1983-09-30,-1.213,11.465,-2.877,37.909,0.47,6.686,2.764,0.289,1.08,0.3,-4.149,0.018,HIKE | infl-up | eq-flat | mid-vol,1.125,10
1983-10-31,0.609,9.942,-5.271,22.317,0.11,6.728,2.752,0.393,1.13,-0.42,-2.14,1.553,HOLD | infl-up | eq-flat | mid-vol,1.05,10
1983-11-30,1.217,9.176,-3.62,20.11,-0.22,6.177,3.163,0.707,1.33,-0.51,-9.525,-1.695,CUT | infl-up | eq-flat | mid-vol,1.05,10
1983-12-31,-0.686,8.332,-4.471,17.271,0.02,5.683,3.787,1.024,1.38,0.32,-7.124,1.401,HOLD | infl-up | eq-flat | low-vol,1.105,10
1984-01-31,-0.086,7.775,-5.352,12.464,0.08,5.27,4.29,1.538,1.02,-0.03,-7.802,9.926,HOLD | infl-up | eq-flat | low-vol,1.131,10
1984-02-29,-5.613,9.624,-9.03,6.079,0.25,4.896,4.694,1.531,1.4,0.32,6.125,15.357,HIKE | infl-up | eq-dn | mid-vol,1.316,10
1984-03-31,-3.486,10.788,-7.802,4.066,0.44,5.017,4.893,1.106,1.69,0.75,4.347,13.494,HIKE | infl-up | eq-dn | mid-vol,1.263,10
1984-04-30,-2.056,11.122,-7.298,-2.658,0.73,5.735,4.555,0.265,1.6,1.31,3.774,12.359,HIKE | infl-up | eq-dn | mid-vol,1.297,10
1984-05-31,-4.145,9.534,-12.8,-7.291,0.73,5.985,4.335,-0.359,2.68,2.01,8.655,25.905,HIKE | infl-dn | eq-dn | mid-vol,1.711,10
1984-06-30,-3.769,10.081,-11.277,-8.881,1.15,6.734,4.326,-0.567,2.11,1.57,9.179,25.245,HIKE | infl-dn | eq-dn | mid-vol,1.611,10
1984-07-31,-5.867,9.64,-12.737,-7.32,0.94,6.921,4.309,-0.246,1.34,0.68,19.229,26.722,HIKE | infl-dn | eq-dn | mid-vol,1.465,10
1984-08-31,10.714,12.143,-3.458,1.387,1.32,7.344,4.296,-0.039,0.9,-0.46,8.699,13.169,HIKE | infl-flat | eq-up | mid-vol,1.065,10
1984-09-30,8.435,11.664,-3.794,0.018,0.24,7.017,4.283,-0.043,0.77,-1.1,8.766,9.621,HIKE | infl-flat | eq-up | mid-vol,1.046,10
1984-10-31,10.242,11.57,-1.884,1.553,-1.24,5.724,4.266,-0.043,1.1,-1.48,8.273,14.287,CUT | infl-flat | eq-up | mid-vol,1.08,10
1984-11-30,-1.86,9.543,-4.008,-1.695,-2.21,5.276,4.154,-0.141,1.07,-2.04,15.876,23.591,CUT | infl-dn | eq-flat | mid-vol,1.484,10
1984-12-31,0.686,9.785,-1.86,1.401,-2.92,4.337,4.043,-0.239,1.64,-2.05,14.715,26.333,CUT | infl-dn | eq-flat | mid-vol,1.551,10
1985-01-31,8.152,10.202,0.0,9.926,-1.64,4.824,3.526,-0.74,1.55,-1.19,6.285,17.898,CUT | infl-dn | eq-up | mid-vol,1.094,10
1985-02-28,10.759,9.842,-1.184,15.357,-0.93,4.894,3.606,-0.548,2.16,0.16,4.112,25.246,CUT | infl-dn | eq-up | mid-vol,0.979,10
1985-03-31,8.024,9.375,-1.467,13.494,0.2,4.79,3.79,-0.253,1.85,0.41,0.786,32.237,HOLD | infl-dn | eq-up | mid-vol,0.887,10
1985-04-30,0.111,7.505,-1.963,12.359,-0.08,4.688,3.582,0.056,1.64,0.01,5.555,30.968,HOLD | infl-flat | eq-flat | low-vol,0.995,10
1985-05-31,4.62,7.4,-0.09,25.905,-0.53,4.395,3.575,-0.031,0.95,-1.74,6.658,30.493,CUT | infl-flat | eq-up | low-vol,1.042,10
1985-06-30,6.194,7.472,0.0,25.245,-1.05,3.866,3.664,-0.126,1.14,-1.76,10.128,30.748,CUT | infl-dn | eq-up | low-vol,1.054,10
1985-07-31,6.167,7.805,-2.418,26.722,-0.39,4.422,3.458,-0.124,1.13,-0.9,10.926,23.675,CUT | infl-dn | eq-up | low-vol,0.846,10
1985-08-31,-0.485,7.649,-3.588,13.169,-0.07,4.548,3.352,-0.222,1.06,0.04,20.299,34.088,HOLD | infl-dn | eq-flat | low-vol,0.915,10
1985-09-30,-5.093,7.8,-6.936,9.621,0.39,4.673,3.247,-0.417,0.96,0.21,31.206,27.043,HIKE | infl-dn | eq-dn | low-vol,1.09,10
1985-10-31,-0.576,8.141,-2.98,14.287,0.11,4.755,3.235,-0.223,0.71,-0.31,24.075,28.532,HOLD | infl-dn | eq-flat | low-vol,0.893,10
1985-11-30,7.178,8.637,-0.183,23.591,0.15,4.536,3.514,0.161,0.41,-0.5,22.348,23.272,HOLD | infl-up | eq-up | mid-vol,0.687,10
1985-12-31,16.037,8.635,-0.349,26.333,0.35,4.479,3.791,0.544,-0.29,-0.9,18.724,14.62,HIKE | infl-up | eq-up | mid-vol,0.749,10
1986-01-31,11.569,10.505,-0.945,17.898,0.15,4.166,3.974,0.738,-0.15,-0.71,11.493,29.417,HOLD | infl-up | eq-up | mid-vol,0.648,10
1986-02-28,12.242,10.758,0.0,25.246,-0.19,4.662,3.198,-0.315,-0.15,-0.75,11.462,25.242,HOLD | infl-dn | eq-up | mid-vol,0.648,10
1986-03-31,13.073,10.859,-0.029,32.237,-0.79,5.326,2.154,-1.638,-0.56,-1.06,-3.173,22.101,CUT | infl-dn | eq-up | mid-vol,1.057,10
1986-04-30,11.21,11.752,-3.767,30.968,-1.15,5.401,1.589,-2.385,-0.16,-1.16,3.592,22.435,CUT | infl-dn | eq-up | mid-vol,1.272,10
1986-05-31,9.003,11.969,-0.254,30.493,-1.01,5.171,1.679,-1.519,0.51,-0.35,0.756,17.283,CUT | infl-dn | eq-up | mid-vol,0.958,10
1986-06-30,4.998,12.292,0.0,30.748,-0.56,5.153,1.767,-0.386,-0.11,-0.11,-3.456,21.193,CUT | infl-dn | eq-up | mid-vol,0.763,10
1986-07-31,0.255,12.273,-6.561,23.675,-0.43,4.889,1.671,0.083,0.01,-0.26,16.077,34.957,CUT | infl-flat | eq-flat | mid-vol,0.819,10
1986-08-31,2.256,12.143,-0.146,34.088,-0.68,4.594,1.576,-0.104,-0.23,-1.42,12.363,30.392,CUT | infl-dn | eq-up | mid-vol,0.973,10
1986-09-30,-7.782,14.766,-8.868,27.043,-1.03,4.132,1.758,-0.01,0.49,-0.43,26.102,39.128,CUT | infl-flat | eq-dn | high-vol,1.116,10
1986-10-31,3.329,13.401,-3.881,28.532,-0.71,4.283,1.567,-0.104,0.41,-0.31,18.19,3.201,CUT | infl-dn | eq-up | high-vol,0.717,10
1986-11-30,-1.467,13.927,-1.816,23.272,-0.13,4.756,1.284,-0.291,0.17,0.27,16.403,-7.592,HOLD | infl-dn | eq-flat | high-vol,0.847,10
1986-12-31,4.69,10.411,-4.657,14.62,1.02,5.723,1.187,-0.57,-0.56,-0.03,25.532,2.028,HIKE | infl-dn | eq-up | mid-vol,0.896,10
1987-01-31,12.337,12.2,-0.479,29.417,0.58,5.065,1.365,-0.202,-0.1,0.07,16.265,-6.206,HIKE | infl-dn | eq-up | mid-vol,0.656,10
1987-02-28,14.036,11.78,-0.48,25.242,0.06,4.186,1.914,0.63,0.25,0.14,16.045,-5.764,HOLD | infl-up | eq-up | mid-vol,0.558,10
1987-03-31,20.453,12.425,-3.295,22.101,-0.78,3.289,2.841,1.654,0.41,0.19,10.329,-11.248,CUT | infl-up | eq-up | mid-vol,0.837,10
1987-04-30,5.21,14.535,-4.501,22.435,-0.06,2.69,3.68,2.315,1.01,1.05,-12.682,-9.374,HOLD | infl-up | eq-up | high-vol,1.118,10
1987-05-31,2.076,15.56,-3.924,17.283,0.75,3.18,3.67,1.755,0.84,1.34,-20.614,-9.631,HIKE | infl-up | eq-up | high-vol,1.084,10
1987-06-30,4.217,14.713,-1.825,21.193,0.6,2.982,3.748,0.906,0.75,0.94,-18.724,-10.033,HIKE | infl-up | eq-up | high-vol,0.761,10
1987-07-31,10.508,10.92,0.0,34.957,0.21,2.653,3.927,0.247,1.05,0.25,-19.328,-14.636,HIKE | infl-up | eq-up | mid-vol,0.606,10
1987-08-31,13.685,9.863,-2.07,30.392,-0.12,2.442,4.288,0.619,1.24,0.28,-18.793,-20.703,HOLD | infl-up | eq-up | mid-vol,0.638,10
1987-09-30,5.865,11.918,-4.436,39.128,0.49,2.947,4.273,0.525,1.38,1.12,-19.557,-15.511,HIKE | infl-up | eq-up | mid-vol,0.907,10
1987-10-31,-20.985,45.776,-25.234,3.201,0.71,2.934,4.356,0.429,0.29,-0.05,3.789,10.795,HIKE | infl-up | eq-dn | high-vol,2.374,10
1987-11-30,-30.17,47.082,-31.615,-7.592,-0.04,2.161,4.529,0.241,1.04,-0.24,13.834,18.845,HOLD | infl-up | eq-dn | high-vol,2.813,10
1987-12-31,-23.227,48.405,-26.632,2.028,-0.45,2.438,4.332,0.059,1.0,-0.83,10.693,12.401,CUT | infl-flat | eq-dn | high-vol,2.564,10
1988-01-31,2.097,25.258,-23.666,-6.206,-0.46,2.701,4.129,-0.226,0.39,-0.36,5.816,15.716,CUT | infl-dn | eq-up | high-vol,1.27,10
1988-02-29,16.292,22.259,-20.474,-5.764,-0.11,2.644,3.936,-0.593,0.55,-0.6,-2.352,7.856,HOLD | infl-dn | eq-up | high-vol,1.058,10
1988-03-31,4.78,18.897,-23.126,-11.248,-0.19,2.748,3.832,-0.5,0.83,-0.36,5.029,13.898,HOLD | infl-dn | eq-up | high-vol,1.194,10
1988-04-30,1.657,14.086,-22.401,-9.374,0.04,2.877,3.993,-0.136,0.86,0.51,6.75,18.486,HOLD | infl-dn | eq-flat | high-vol,1.189,10
1988-05-31,-2.113,14.656,-22.155,-9.631,0.51,3.108,3.982,0.047,1.12,1.08,4.402,22.261,HIKE | infl-flat | eq-dn | high-vol,1.347,10
1988-06-30,5.643,15.284,-18.787,-10.033,0.93,3.545,3.965,0.132,0.51,0.61,1.543,16.263,HIKE | infl-up | eq-up | high-vol,1.081,10
1988-07-31,4.091,13.806,-19.227,-14.636,0.88,3.62,4.13,0.137,0.64,0.66,9.356,27.226,HIKE | infl-up | eq-up | high-vol,1.177,10
1988-08-31,-0.244,12.251,-20.288,-20.703,0.92,3.898,4.112,0.13,0.7,0.5,10.454,34.387,HIKE | infl-up | eq-flat | mid-vol,1.353,10
1988-09-30,-0.581,11.168,-17.121,-15.511,0.68,4.005,4.185,0.22,0.24,0.41,8.444,28.406,HIKE | infl-up | eq-flat | mid-vol,1.213,10
1988-10-31,2.555,10.853,-1.653,10.795,0.55,4.039,4.261,0.131,-0.05,-0.14,10.994,22.006,HIKE | infl-up | eq-up | mid-vol,0.714,10
1988-11-30,4.657,10.776,-3.511,18.845,0.34,4.104,4.246,0.134,0.49,0.13,17.106,26.412,HIKE | infl-up | eq-up | mid-vol,0.645,10
1988-12-31,2.137,10.041,-2.094,12.401,0.57,4.348,4.412,0.227,0.38,0.71,14.497,27.25,HIKE | infl-up | eq-up | mid-vol,0.815,10
1989-01-31,6.632,9.0,0.0,15.716,0.82,4.637,4.483,0.222,0.0,0.87,16.341,10.626,HIKE | infl-up | eq-up | mid-vol,0.8,10
1989-02-28,5.539,8.896,-3.594,7.856,1.01,4.713,4.647,0.401,0.19,0.71,21.668,14.896,HIKE | infl-up | eq-up | mid-vol,0.856,10
1989-03-31,6.175,9.736,-1.589,13.898,1.09,4.957,4.893,0.481,-0.12,0.59,18.408,15.285,HIKE | infl-up | eq-up | mid-vol,0.839,10
1989-04-30,4.091,9.86,0.0,18.486,0.72,4.806,5.034,0.551,-0.62,0.1,9.921,6.834,HIKE | infl-up | eq-up | mid-vol,0.832,10
1989-05-31,10.96,9.378,-0.453,22.261,0.45,4.533,5.277,0.629,-0.99,-0.73,7.946,12.701,HIKE | infl-up | eq-up | mid-vol,0.817,10
1989-06-30,7.837,9.747,-3.185,16.263,-0.32,4.361,5.169,0.277,-1.45,-1.65,11.139,12.592,CUT | infl-up | eq-up | mid-vol,1.027,10
1989-07-31,11.769,9.72,0.0,27.226,-0.6,4.177,5.063,0.029,-1.71,-1.69,-4.912,2.91,CUT | infl-flat | eq-up | mid-vol,1.066,10
1989-08-31,9.65,10.206,-0.182,34.387,-0.82,4.368,4.622,-0.655,-0.57,-0.4,-5.566,-8.22,CUT | infl-dn | eq-up | mid-vol,0.786,10
1989-09-30,9.803,8.934,-1.295,28.406,-0.51,4.585,4.435,-0.734,-0.56,0.38,-2.638,-12.344,CUT | infl-dn | eq-up | mid-vol,0.758,10
1989-10-31,-1.653,14.497,-5.403,22.006,-0.4,4.253,4.587,-0.476,-0.99,0.32,-2.809,-10.683,CUT | infl-dn | eq-flat | high-vol,0.91,10
1989-11-30,-1.554,14.014,-3.838,26.412,-0.44,3.895,4.655,0.033,-0.8,-0.67,4.405,-6.87,CUT | infl-flat | eq-flat | high-vol,0.885,10
1989-12-31,1.217,14.388,-1.779,27.25,-0.57,3.81,4.64,0.204,-0.58,-0.59,1.307,-6.559,CUT | infl-up | eq-flat | high-vol,0.782,10
1990-01-31,-3.314,11.409,-8.538,10.626,-0.61,3.032,5.198,0.611,0.05,0.43,8.226,4.513,CUT | infl-up | eq-dn | mid-vol,0.944,10
1990-02-28,-4.075,11.675,-7.757,14.896,-0.31,2.977,5.263,0.608,0.19,0.68,-2.811,10.6,CUT | infl-up | eq-dn | mid-vol,0.958,10
1990-03-31,-3.809,11.735,-5.52,15.285,-0.17,3.043,5.237,0.598,0.36,0.77,-9.969,10.378,HOLD | infl-up | eq-dn | mid-vol,0.944,10
1990-04-30,0.523,9.767,-8.06,6.834,0.03,3.548,4.712,-0.486,0.7,0.68,-8.102,13.464,HOLD | infl-dn | eq-flat | mid-vol,0.886,10
1990-05-31,8.84,9.578,0.0,12.701,-0.06,3.815,4.365,-0.898,0.32,0.07,-10.799,7.917,HOLD | infl-dn | eq-up | mid-vol,0.664,10
1990-06-30,5.319,10.106,-2.553,12.592,0.01,3.616,4.674,-0.564,-0.05,-0.4,-7.765,3.67,HOLD | infl-dn | eq-up | mid-vol,0.657,10
1990-07-31,7.663,10.497,-3.469,2.91,-0.11,3.331,4.819,0.108,-0.24,-1.05,-3.431,8.89,HOLD | infl-up | eq-up | mid-vol,0.733,10
1990-08-31,-10.705,15.249,-12.574,-8.22,-0.05,2.427,5.703,1.337,-0.06,-0.43,13.799,22.591,HOLD | infl-up | eq-dn | high-vol,1.4,10
1990-09-30,-14.516,15.747,-17.048,-12.344,-0.09,2.03,6.17,1.496,-0.18,-0.22,22.601,26.731,HOLD | infl-up | eq-dn | high-vol,1.637,10
1990-10-31,-14.643,18.371,-17.604,-10.683,-0.04,1.73,6.38,1.56,-0.34,-0.14,23.467,29.095,HOLD | infl-up | eq-dn | high-vol,1.658,10
1990-11-30,-0.105,15.801,-12.666,-6.87,-0.32,1.615,6.195,0.493,-0.28,-0.54,20.983,16.448,CUT | infl-up | eq-flat | high-vol,1.007,10
1990-12-31,7.897,13.854,-10.497,-6.559,-0.89,1.055,6.255,0.085,-0.16,-0.87,12.398,26.307,CUT | infl-flat | eq-up | high-vol,0.871,10
1991-01-31,13.135,13.154,-6.781,4.513,-1.2,1.263,5.647,-0.733,0.14,-0.72,12.758,18.856,CUT | infl-dn | eq-up | high-vol,0.72,10
1991-02-28,13.919,13.493,-0.628,10.6,-1.56,0.937,5.313,-0.883,0.79,-0.49,7.726,12.431,CUT | infl-dn | eq-up | high-vol,0.751,10
1991-03-31,13.627,13.817,-0.398,10.378,-1.19,1.299,4.821,-1.434,0.9,-0.13,3.369,7.588,CUT | infl-dn | eq-up | high-vol,0.786,10
1991-04-30,9.133,13.007,-3.87,13.464,-1.0,1.1,4.81,-0.837,0.89,-0.25,4.559,10.553,CUT | infl-dn | eq-up | high-vol,0.624,10
1991-05-31,6.2,11.733,-0.159,7.917,-0.47,0.745,5.035,-0.278,0.9,-0.36,-3.748,6.546,CUT | infl-dn | eq-up | mid-vol,0.609,10
1991-06-30,-1.082,11.639,-4.94,3.67,-0.22,1.204,4.696,-0.125,1.0,-0.12,12.375,9.963,CUT | infl-dn | eq-flat | mid-vol,0.812,10
1991-07-31,3.322,10.168,-0.676,8.89,-0.09,1.452,4.368,-0.442,0.99,0.01,5.407,9.386,HOLD | infl-dn | eq-up | mid-vol,0.67,10
1991-08-31,1.437,10.998,-0.305,22.591,-0.12,1.861,3.799,-1.235,0.7,-0.32,4.367,4.704,HOLD | infl-dn | eq-flat | mid-vol,0.795,10
1991-09-30,4.499,9.58,-2.214,26.731,-0.45,2.054,3.396,-1.3,0.54,-0.91,4.081,7.719,CUT | infl-dn | eq-up | mid-vol,0.827,10
1991-10-31,1.196,10.085,-1.056,29.095,-0.61,2.361,2.849,-1.519,0.49,-1.11,5.733,6.684,CUT | infl-dn | eq-flat | mid-vol,0.996,10
1991-11-30,-5.111,10.069,-5.584,16.448,-0.85,1.743,3.067,-0.733,0.57,-0.98,10.695,14.959,CUT | infl-dn | eq-dn | mid-vol,1.017,10
1991-12-31,7.536,12.015,0.0,26.307,-1.02,1.449,2.981,-0.416,0.34,-1.22,-2.146,4.464,CUT | infl-dn | eq-up | mid-vol,0.692,10
1992-01-31,4.161,11.76,-2.85,18.856,-1.18,1.357,2.673,-0.176,1.08,-0.59,3.775,7.339,CUT | infl-dn | eq-up | mid-vol,0.695,10
1992-02-29,9.989,10.223,-1.918,12.431,-0.75,1.241,2.819,-0.248,1.21,-0.11,0.322,7.434,CUT | infl-dn | eq-up | mid-vol,0.551,10
1992-03-31,-3.213,7.929,-4.059,7.588,-0.45,0.79,3.19,0.209,1.62,0.83,3.495,11.885,CUT | infl-up | eq-dn | low-vol,1.033,10
1992-04-30,1.509,9.301,-1.383,10.553,-0.3,0.547,3.183,0.51,1.73,0.35,0.899,6.083,CUT | infl-up | eq-flat | mid-vol,0.855,10
1992-05-31,0.642,8.883,-1.288,6.546,-0.24,0.796,3.024,0.205,1.37,-0.08,3.852,8.388,CUT | infl-up | eq-flat | mid-vol,0.805,10
1992-06-30,1.102,9.317,-3.002,9.963,-0.22,0.745,3.015,-0.175,1.07,-0.77,6.755,10.386,CUT | infl-dn | eq-flat | mid-vol,0.77,10
1992-07-31,2.232,8.021,0.0,9.386,-0.48,0.093,3.157,-0.026,1.17,-1.04,3.435,5.639,CUT | infl-flat | eq-up | low-vol,0.849,10
1992-08-31,-0.318,7.479,-2.602,4.704,-0.52,0.225,3.075,0.051,0.85,-1.04,7.089,11.963,CUT | infl-flat | eq-flat | low-vol,0.906,10
1992-09-30,2.367,7.488,-1.757,7.719,-0.54,0.227,2.993,-0.022,0.58,-1.03,8.107,9.844,CUT | infl-flat | eq-up | low-vol,0.794,10
1992-10-31,-1.304,7.82,-1.55,6.684,-0.15,-0.18,3.28,0.123,1.3,-0.02,5.138,11.739,HOLD | infl-up | eq-flat | low-vol,0.877,10
1992-11-30,4.183,8.034,0.0,14.959,-0.21,-0.03,3.12,0.046,1.7,0.64,4.368,7.057,CUT | infl-flat | eq-up | low-vol,0.81,10
1992-12-31,4.287,7.269,-1.262,4.464,-0.3,-0.047,2.967,-0.026,1.64,0.76,3.401,7.055,CUT | infl-flat | eq-up | low-vol,0.869,10
1993-01-31,4.801,6.042,-0.567,7.339,-0.08,-0.234,3.254,-0.026,1.18,-0.2,2.131,9.761,HOLD | infl-flat | eq-up | low-vol,0.744,10
1993-02-28,2.789,7.417,-1.375,7.434,-0.06,-0.217,3.247,0.126,0.89,-0.87,4.551,5.359,HOLD | infl-up | eq-up | low-vol,0.781,10
1993-03-31,3.663,8.435,-1.021,11.885,0.15,0.051,3.019,0.053,0.89,-0.6,1.607,-1.306,HOLD | infl-flat | eq-up | mid-vol,0.665,10
1993-04-30,0.321,9.401,-3.537,6.083,-0.06,-0.196,3.156,-0.097,0.87,-0.37,6.279,2.435,HOLD | infl-flat | eq-flat | mid-vol,0.751,10
1993-05-31,1.536,8.875,-1.346,8.388,-0.03,-0.221,3.221,-0.026,1.24,0.32,2.577,1.402,HOLD | infl-flat | eq-flat | mid-vol,0.76,10
1993-06-30,-0.252,8.191,-1.271,10.386,-0.03,0.042,2.998,-0.022,0.99,0.07,3.534,-1.389,HOLD | infl-flat | eq-flat | low-vol,0.768,10
1993-07-31,1.804,7.477,-1.797,5.639,0.1,0.213,2.847,-0.309,1.07,0.3,7.471,2.261,HOLD | infl-dn | eq-flat | low-vol,0.773,10
1993-08-31,2.97,6.248,0.0,11.963,0.03,0.189,2.841,-0.38,0.85,-0.36,0.772,2.574,HOLD | infl-dn | eq-up | low-vol,0.73,10
1993-09-30,1.864,6.136,-0.999,9.844,0.05,0.326,2.764,-0.234,0.8,-0.14,-2.868,0.824,HOLD | infl-dn | eq-flat | low-vol,0.739,10
1993-10-31,4.396,5.41,-0.356,11.739,-0.07,0.238,2.752,-0.095,1.0,-0.14,-3.617,0.966,HOLD | infl-flat | eq-up | low-vol,0.713,10
1993-11-30,-0.382,6.173,-1.642,7.057,-0.01,0.275,2.745,-0.096,1.2,0.34,-1.146,-1.754,HOLD | infl-flat | eq-flat | low-vol,0.87,10
1993-12-31,1.639,5.631,-0.953,7.055,-0.13,0.149,2.811,0.047,1.29,0.36,-4.755,-1.539,HOLD | infl-flat | eq-flat | low-vol,0.847,10
1994-01-31,2.946,5.926,0.0,9.761,0.06,0.599,2.451,-0.301,1.07,0.13,-4.848,-2.323,HOLD | infl-dn | eq-up | low-vol,0.759,10
1994-02-28,1.159,6.936,-3.083,5.359,0.23,0.734,2.516,-0.229,1.42,0.45,1.787,4.335,HIKE | infl-dn | eq-flat | low-vol,0.863,10
1994-03-31,-4.433,8.09,-7.517,-1.306,0.38,0.688,2.652,-0.159,1.87,0.96,3.8,12.325,HIKE | infl-dn | eq-dn | low-vol,1.183,10
1994-04-30,-6.374,9.601,-6.45,2.435,0.51,1.196,2.364,-0.087,2.17,1.61,4.755,14.149,HIKE | infl-flat | eq-dn | mid-vol,1.343,10
1994-05-31,-2.278,9.135,-5.29,1.402,0.76,1.722,2.288,-0.227,2.0,1.34,-0.616,16.846,HIKE | infl-dn | eq-dn | mid-vol,1.187,10
1994-06-30,-0.336,9.044,-7.828,-1.389,0.91,1.755,2.495,-0.157,1.94,0.98,3.376,22.617,HIKE | infl-dn | eq-flat | mid-vol,1.118,10
1994-07-31,1.63,7.24,-4.925,2.261,0.7,1.561,2.699,0.335,1.73,0.26,2.654,22.651,HIKE | infl-up | eq-flat | low-vol,0.945,10
1994-08-31,4.16,6.82,-1.351,2.574,0.46,1.569,2.901,0.612,1.7,0.16,2.503,18.169,HIKE | infl-up | eq-up | low-vol,0.896,10
1994-09-30,4.151,6.809,-4.002,0.824,0.48,1.764,2.966,0.471,1.89,0.43,8.212,26.302,HIKE | infl-up | eq-up | low-vol,0.95,10
1994-10-31,3.075,8.328,-2.002,0.966,0.5,2.15,2.61,-0.089,2.08,0.85,8.968,23.108,HIKE | infl-flat | eq-up | low-vol,1.012,10
1994-11-30,-4.585,8.814,-5.873,-1.754,0.82,2.687,2.603,-0.298,2.11,1.23,17.569,33.433,HIKE | infl-dn | eq-dn | mid-vol,1.293,10
1994-12-31,-0.743,8.693,-4.716,-1.539,0.72,2.853,2.597,-0.368,2.24,1.07,18.612,34.111,HIKE | infl-dn | eq-flat | mid-vol,1.201,10
1995-01-31,-0.409,7.022,-2.402,-2.323,0.77,2.659,2.871,0.261,1.73,0.42,19.48,35.203,HIKE | infl-up | eq-flat | low-vol,1.061,10
1995-02-28,7.428,6.301,-0.148,4.335,0.63,3.057,2.863,0.26,0.87,-0.61,15.283,31.4,HIKE | infl-up | eq-up | low-vol,0.775,10
1995-03-31,9.023,5.689,-0.633,12.325,0.53,3.193,2.787,0.19,0.82,-0.89,16.716,28.917,HIKE | infl-up | eq-up | low-vol,0.759,10
1995-04-30,9.415,5.672,0.0,14.149,0.52,2.925,3.125,0.254,0.55,-0.66,12.976,27.095,HIKE | infl-up | eq-up | low-vol,0.681,10
1995-05-31,9.44,6.779,0.0,16.846,0.09,2.891,3.119,0.256,-0.12,-0.9,13.493,25.444,HOLD | infl-up | eq-up | low-vol,0.642,10
1995-06-30,8.796,7.265,-1.147,22.617,0.02,2.957,3.043,0.255,-0.21,-1.01,13.067,23.108,HOLD | infl-up | eq-up | low-vol,0.66,10
1995-07-31,9.199,8.183,-0.559,22.651,-0.2,3.02,2.83,-0.295,0.03,-0.72,13.159,13.858,CUT | infl-dn | eq-up | low-vol,0.574,10
1995-08-31,5.339,6.789,-0.591,18.169,-0.27,3.123,2.617,-0.501,0.11,-0.04,13.98,16.037,CUT | infl-dn | eq-up | low-vol,0.648,10
1995-09-30,7.28,6.047,-0.402,26.302,-0.2,3.255,2.545,-0.497,0.03,0.04,10.453,17.611,CUT | infl-dn | eq-up | low-vol,0.656,10
1995-10-31,3.459,5.397,-1.549,23.108,-0.09,3.016,2.744,-0.086,-0.15,-0.27,12.497,21.285,HOLD | infl-flat | eq-up | low-vol,0.712,10
1995-11-30,7.74,6.154,-0.374,33.433,0.06,3.197,2.603,-0.014,-0.44,-0.49,10.531,25.051,HOLD | infl-flat | eq-up | low-vol,0.701,10
1995-12-31,5.393,7.143,-0.927,34.111,-0.2,3.068,2.532,-0.014,-0.42,-0.65,8.881,20.264,CUT | infl-flat | eq-up | low-vol,0.729,10
1996-01-31,9.376,8.609,0.0,35.203,-0.2,2.769,2.791,0.046,-0.63,-0.68,0.618,23.606,CUT | infl-flat | eq-up | mid-vol,0.652,10
1996-02-29,5.791,9.808,-3.178,31.4,-0.58,2.503,2.717,0.114,0.22,0.08,1.805,23.483,CUT | infl-up | eq-up | mid-vol,0.558,10
1996-03-31,4.801,11.058,-2.411,28.917,-0.29,2.466,2.844,0.312,0.48,0.61,6.48,17.292,CUT | infl-up | eq-up | mid-vol,0.591,10
1996-04-30,2.854,10.664,-1.101,27.095,-0.34,2.387,2.833,0.042,0.81,1.1,7.811,22.497,CUT | infl-flat | eq-up | mid-vol,0.754,10
1996-05-31,4.48,10.307,-1.384,25.444,0.02,2.413,2.827,0.11,1.03,0.83,13.137,26.775,HOLD | infl-up | eq-up | mid-vol,0.68,10
1996-06-30,3.893,8.341,-1.161,23.108,-0.04,2.448,2.822,-0.022,0.84,0.32,10.454,31.986,HOLD | infl-flat | eq-up | low-vol,0.637,10
1996-07-31,-2.174,10.41,-5.683,13.858,0.18,2.517,2.883,0.051,0.82,0.19,22.847,49.123,HOLD | infl-flat | eq-dn | mid-vol,0.796,10
1996-08-31,-2.56,10.403,-3.909,16.037,-0.02,2.408,2.812,-0.015,1.12,0.07,21.293,37.958,HOLD | infl-flat | eq-dn | mid-vol,0.826,10
1996-09-30,2.49,10.712,0.0,17.611,0.03,2.295,3.005,0.183,0.8,-0.01,10.154,37.82,HOLD | infl-up | eq-up | mid-vol,0.612,10
1996-10-31,10.207,7.652,-0.781,21.285,-0.16,2.178,3.062,0.179,0.53,-0.45,13.622,29.684,HOLD | infl-up | eq-up | low-vol,0.502,10
1996-11-30,16.109,6.995,-0.001,25.051,0.09,2.057,3.253,0.441,0.28,-0.75,12.055,26.205,HOLD | infl-up | eq-up | low-vol,0.591,10
1996-12-31,7.771,9.092,-2.152,20.264,-0.01,1.911,3.379,0.374,0.59,-0.22,19.494,31.008,HOLD | infl-up | eq-up | mid-vol,0.474,10
1997-01-31,11.469,10.08,-0.009,23.606,0.01,2.212,3.038,-0.024,0.69,0.17,21.389,24.692,HOLD | infl-flat | eq-up | mid-vol,0.41,10
1997-02-28,4.465,11.249,-3.12,23.483,-0.12,2.158,3.032,-0.221,0.9,0.5,13.739,32.69,HOLD | infl-dn | eq-up | mid-vol,0.58,10
1997-03-31,2.211,11.993,-7.249,17.292,0.1,2.625,2.765,-0.614,1.06,0.57,25.116,45.519,HOLD | infl-dn | eq-up | mid-vol,0.739,10
1997-04-30,1.931,13.693,-1.831,22.497,0.26,3.076,2.434,-0.604,0.78,0.35,14.136,38.736,HIKE | infl-dn | eq-flat | high-vol,0.683,10
1997-05-31,7.266,13.957,-0.168,26.775,0.31,3.262,2.238,-0.794,0.72,0.13,12.628,28.592,HIKE | infl-dn | eq-up | high-vol,0.598,10
1997-06-30,16.909,13.706,-1.509,31.986,0.17,3.326,2.234,-0.532,0.52,-0.37,9.636,28.097,HOLD | infl-dn | eq-up | high-vol,0.543,10
1997-07-31,19.089,12.547,0.0,49.123,0.01,3.354,2.166,-0.269,0.22,-0.55,2.721,17.432,HOLD | infl-dn | eq-up | mid-vol,0.787,10
1997-08-31,6.035,13.395,-6.336,37.958,0.04,3.25,2.29,0.052,0.43,-0.25,16.662,6.427,HOLD | infl-flat | eq-up | high-vol,0.621,10
1997-09-30,7.02,14.012,-1.358,37.82,-0.02,3.321,2.219,-0.014,0.26,-0.28,16.307,7.361,HOLD | infl-flat | eq-up | high-vol,0.581,10
1997-10-31,-4.159,20.071,-6.968,29.684,-0.02,3.414,2.086,-0.08,0.13,-0.11,21.553,20.123,HOLD | infl-flat | eq-dn | high-vol,0.902,10
1997-11-30,6.218,20.218,-2.82,26.205,-0.02,3.63,1.89,-0.4,0.24,-0.21,14.174,21.795,HOLD | infl-dn | eq-up | high-vol,0.59,10
1997-12-31,2.444,19.935,-1.358,31.008,-0.04,3.803,1.697,-0.522,0.16,-0.14,16.839,26.669,HOLD | infl-dn | eq-up | high-vol,0.734,10
1998-01-31,7.179,14.318,-0.529,24.692,0.06,3.929,1.631,-0.455,-0.24,-0.31,14.321,30.538,HOLD | infl-dn | eq-up | high-vol,0.563,10
1998-02-28,9.833,12.599,0.0,32.69,-0.01,4.07,1.44,-0.45,0.04,-0.21,-8.773,18.01,HOLD | infl-dn | eq-up | high-vol,0.595,10
1998-03-31,13.532,11.195,-0.353,45.519,-0.01,4.113,1.377,-0.32,0.11,-0.06,-7.691,16.757,HOLD | infl-dn | eq-up | mid-vol,0.735,10
1998-04-30,13.411,10.132,-1.662,38.736,-0.11,4.012,1.438,-0.193,0.14,0.27,-1.177,20.097,HOLD | infl-dn | eq-up | mid-vol,0.649,10
1998-05-31,3.953,10.166,-3.513,28.592,-0.02,3.801,1.689,0.248,0.04,-0.02,6.675,19.345,HOLD | infl-up | eq-up | mid-vol,0.649,10
1998-06-30,2.913,11.424,-0.408,28.097,0.07,3.937,1.623,0.246,-0.07,-0.11,8.413,21.067,HOLD | infl-up | eq-up | mid-vol,0.677,10
1998-07-31,0.802,12.085,-5.568,17.432,0.09,3.794,1.746,0.307,-0.05,-0.1,14.185,18.565,HOLD | infl-up | eq-flat | mid-vol,0.702,10
1998-08-31,-12.242,19.435,-19.336,6.427,0.06,3.933,1.617,-0.072,-0.64,-0.62,29.359,37.934,HOLD | infl-flat | eq-dn | high-vol,1.435,10
1998-09-30,-10.304,24.381,-14.303,7.361,-0.05,4.083,1.427,-0.196,-1.21,-1.19,26.485,26.126,HOLD | infl-dn | eq-dn | high-vol,1.448,10
1998-10-31,-1.963,26.178,-7.422,20.123,-0.47,3.584,1.486,-0.26,-0.95,-1.37,21.527,24.053,CUT | infl-dn | eq-flat | high-vol,1.151,10
1998-11-30,21.556,21.576,-2.407,21.795,-0.72,3.346,1.484,-0.133,-0.29,-0.37,11.877,19.36,CUT | infl-dn | eq-up | high-vol,0.671,10
1998-12-31,20.867,15.817,-1.013,26.669,-0.83,3.073,1.607,0.18,-0.14,0.24,11.672,19.526,CUT | infl-up | eq-up | high-vol,0.57,10
1999-01-31,16.472,15.237,0.0,30.538,-0.44,2.963,1.667,0.181,-0.05,0.46,3.835,8.973,CUT | infl-up | eq-up | high-vol,0.484,10
1999-02-28,6.42,17.279,-3.228,18.01,-0.07,3.093,1.667,0.182,0.37,0.59,6.628,10.344,HOLD | infl-up | eq-up | high-vol,0.517,10
1999-03-31,4.648,16.742,-2.292,16.757,0.13,3.082,1.728,0.121,0.18,0.45,-0.285,16.497,HOLD | infl-up | eq-up | high-vol,0.528,10
1999-04-30,4.34,16.221,-2.027,20.097,0.11,2.459,2.281,0.614,0.34,0.5,2.078,8.782,HOLD | infl-up | eq-up | high-vol,0.549,10
1999-05-31,5.129,15.864,-4.806,19.345,-0.02,2.649,2.091,0.424,0.68,0.29,6.688,9.122,HOLD | infl-up | eq-up | high-vol,0.52,10
1999-06-30,6.712,15.124,0.0,21.067,-0.05,2.794,1.966,0.237,0.77,0.54,7.033,5.966,HOLD | infl-up | eq-up | high-vol,0.523,10
1999-07-31,-0.484,14.106,-6.348,18.565,0.25,2.845,2.145,-0.137,0.64,0.55,4.948,7.685,HIKE | infl-dn | eq-flat | high-vol,0.73,10
1999-08-31,1.426,13.707,-6.933,37.934,0.33,2.806,2.264,0.173,0.66,0.31,3.485,14.94,HIKE | infl-up | eq-flat | high-vol,0.752,10
1999-09-30,-6.556,13.955,-9.591,26.126,0.46,2.59,2.63,0.664,0.41,0.1,16.829,11.99,HIKE | infl-up | eq-dn | high-vol,0.989,10
1999-10-31,2.575,16.983,-3.936,24.053,0.21,2.637,2.563,0.418,0.59,0.16,6.567,4.877,HIKE | infl-up | eq-up | high-vol,0.591,10
1999-11-30,5.188,15.788,-2.529,19.36,0.35,2.8,2.62,0.356,0.59,0.28,2.282,-5.325,HIKE | infl-up | eq-up | high-vol,0.507,10
1999-12-31,14.543,14.165,0.0,19.526,0.08,2.624,2.676,0.046,0.94,0.61,-0.997,-10.139,HOLD | infl-flat | eq-up | high-vol,0.462,10
2000-01-31,2.313,14.641,-5.09,8.973,0.25,2.657,2.793,0.23,1.16,0.82,2.608,-2.04,HIKE | infl-up | eq-up | high-vol,0.753,10
2000-02-29,-1.619,16.183,-6.999,10.344,0.31,2.512,3.218,0.598,0.8,0.52,11.07,-9.256,HIKE | infl-up | eq-flat | high-vol,0.825,10
2000-03-31,1.996,20.41,-1.891,16.497,0.55,2.088,3.762,1.086,0.65,0.26,-4.142,-22.571,HIKE | infl-up | eq-flat | high-vol,0.773,10
2000-04-30,4.157,22.571,-4.912,8.782,0.57,3.006,3.014,0.221,0.66,0.07,-1.586,-13.975,HIKE | infl-up | eq-up | high-vol,0.703,10
2000-05-31,3.965,23.487,-6.996,9.122,0.54,3.137,3.133,-0.085,0.42,0.16,-7.437,-11.599,HIKE | infl-flat | eq-up | high-vol,0.732,10
2000-06-30,-2.935,20.82,-4.77,5.966,0.68,2.795,3.735,-0.027,-0.15,-0.12,-9.234,-15.827,HIKE | infl-flat | eq-dn | high-vol,0.873,10
2000-07-31,-1.487,16.298,-6.326,7.685,0.52,2.941,3.599,0.585,-0.24,-0.38,-4.53,-15.348,HIKE | infl-up | eq-flat | high-vol,0.813,10
2000-08-31,6.834,11.884,-0.64,14.94,0.23,3.149,3.351,0.219,-0.32,-0.51,-18.3,-25.308,HIKE | infl-up | eq-up | mid-vol,0.519,10
2000-09-30,-1.244,11.476,-5.954,11.99,-0.01,3.064,3.456,-0.278,-0.54,-0.4,-19.226,-27.537,HOLD | infl-dn | eq-flat | mid-vol,0.781,10
2000-10-31,-0.1,15.136,-6.42,4.877,-0.03,3.06,3.45,-0.149,-0.57,-0.36,-12.588,-25.858,HOLD | infl-dn | eq-flat | high-vol,0.759,10
2000-11-30,-13.358,16.925,-13.913,-5.325,0.01,3.066,3.444,0.093,-0.9,-0.57,-4.497,-13.347,HOLD | infl-flat | eq-dn | high-vol,1.412,10
2000-12-31,-8.091,19.851,-13.564,-10.139,-0.12,2.964,3.436,-0.02,-1.29,-0.87,-7.264,-13.043,HOLD | infl-flat | eq-dn | high-vol,1.344,10
2001-01-31,-4.435,19.416,-10.57,-2.04,-0.53,2.259,3.721,0.271,-1.36,-1.32,-11.331,-17.263,CUT | infl-up | eq-dn | high-vol,1.202,10
2001-02-28,-5.704,19.16,-18.823,-9.256,-1.02,1.961,3.529,0.085,-1.08,-1.2,-8.578,-10.743,CUT | infl-flat | eq-dn | high-vol,1.388,10
2001-03-31,-12.115,20.109,-23.701,-22.571,-1.09,2.328,2.982,-0.454,-1.13,-0.93,-10.289,-1.115,CUT | infl-dn | eq-dn | high-vol,1.769,10
2001-04-30,-8.532,21.885,-17.84,-13.975,-1.18,1.582,3.218,-0.503,-0.5,-0.32,-15.181,-13.809,CUT | infl-dn | eq-dn | high-vol,1.425,10
2001-05-31,1.281,21.879,-17.422,-11.599,-1.28,0.647,3.563,0.034,0.01,-0.19,-9.266,-15.024,CUT | infl-flat | eq-flat | high-vol,1.13,10
2001-06-30,5.52,17.891,-19.489,-15.827,-1.34,0.776,3.194,0.212,0.28,0.07,-6.232,-19.157,CUT | infl-up | eq-up | high-vol,1.124,10
2001-07-31,-3.06,13.739,-20.354,-15.348,-1.03,1.049,2.721,-0.497,0.02,-0.51,-6.69,-24.736,CUT | infl-dn | eq-dn | high-vol,1.288,10
2001-08-31,-9.734,13.489,-25.46,-25.308,-0.56,0.929,2.721,-0.842,-0.01,-0.58,-2.369,-19.188,CUT | infl-dn | eq-dn | high-vol,1.678,10
2001-09-30,-14.982,18.347,-27.537,-27.537,-0.9,0.478,2.592,-0.602,-0.21,-1.39,10.226,-21.678,CUT | infl-dn | eq-dn | high-vol,1.957,10
2001-10-31,-12.504,18.659,-26.003,-25.858,-1.28,0.362,2.128,-0.594,-0.05,-1.35,1.617,-16.42,CUT | infl-dn | eq-dn | high-vol,1.86,10
2001-11-30,0.518,18.787,-17.443,-13.347,-1.56,0.196,1.894,-0.827,0.75,-0.8,-6.346,-17.828,CUT | infl-dn | eq-flat | high-vol,1.266,10
2001-12-31,10.293,14.113,-16.426,-13.043,-1.25,0.216,1.604,-0.989,1.25,0.21,-13.785,-23.366,CUT | infl-dn | eq-up | high-vol,1.101,10
2002-01-31,6.645,12.547,-17.712,-17.263,-0.76,0.534,1.196,-0.932,1.43,0.72,-19.34,-24.288,CUT | infl-dn | eq-up | mid-vol,1.219,10
2002-02-28,-2.872,13.535,-15.699,-10.743,-0.35,0.604,1.136,-0.758,1.32,0.22,-17.227,-23.997,CUT | infl-dn | eq-dn | high-vol,1.195,10
2002-03-31,-0.06,13.89,-12.602,-1.115,-0.09,0.367,1.363,-0.241,1.99,0.65,-28.945,-26.077,HOLD | infl-dn | eq-flat | high-vol,1.072,10
2002-04-30,-4.714,14.257,-17.97,-13.809,0.02,0.106,1.644,0.448,1.49,0.08,-17.751,-14.857,HOLD | infl-up | eq-dn | high-vol,1.299,10
2002-05-31,-3.577,14.864,-16.862,-15.024,0.01,0.509,1.241,0.104,1.47,0.16,-12.26,-9.704,HOLD | infl-up | eq-dn | high-vol,1.251,10
2002-06-30,-13.733,16.654,-19.964,-19.157,0.02,0.681,1.069,-0.294,1.15,-0.82,-11.113,-1.548,HOLD | infl-dn | eq-dn | high-vol,1.647,10
2002-07-31,-15.349,25.259,-25.323,-24.736,-0.02,0.264,1.466,-0.178,0.5,-1.01,-6.134,8.632,HOLD | infl-dn | eq-dn | high-vol,1.897,10
2002-08-31,-14.157,28.128,-21.871,-19.188,-0.01,-0.007,1.747,0.507,0.4,-1.08,-8.178,10.036,HOLD | infl-up | eq-dn | high-vol,1.805,10
2002-09-30,-17.634,29.65,-30.467,-21.678,0.0,0.234,1.516,0.447,-0.03,-1.18,4.035,22.163,HOLD | infl-up | eq-dn | high-vol,2.125,10
2002-10-31,-2.837,27.743,-24.456,-16.42,0.02,-0.277,2.027,0.561,-0.07,-0.55,3.518,18.622,HOLD | infl-up | eq-dn | high-vol,1.511,10
2002-11-30,2.209,25.593,-20.145,-17.828,-0.4,-0.914,2.254,0.506,0.74,-0.06,2.914,13.018,CUT | infl-up | eq-up | high-vol,1.303,10
2002-12-31,7.916,21.852,-24.963,-23.366,-0.51,-1.24,2.48,0.964,0.37,-0.11,10.761,26.38,CUT | infl-up | eq-up | high-vol,1.396,10
2003-01-31,-3.394,18.283,-26.881,-24.288,-0.51,-1.517,2.757,0.73,0.48,0.04,15.731,32.188,CUT | infl-up | eq-dn | high-vol,1.572,10
2003-02-28,-10.163,16.947,-28.125,-23.997,-0.08,-1.886,3.146,0.893,0.27,-0.55,19.837,36.116,HOLD | infl-up | eq-dn | high-vol,1.769,10
2003-03-31,-3.596,19.699,-26.023,-26.077,0.01,-1.775,3.025,0.545,0.26,-0.1,17.424,32.78,HOLD | infl-up | eq-dn | high-vol,1.566,10
2003-04-30,7.154,18.643,-17.14,-14.857,0.02,-0.915,2.175,-0.582,0.25,-0.21,14.591,20.763,HOLD | infl-dn | eq-up | high-vol,1.006,10
2003-05-31,14.556,17.716,-9.704,-9.704,0.0,-0.634,1.894,-1.252,0.07,-0.2,9.818,16.303,HOLD | infl-dn | eq-up | high-vol,0.841,10
2003-06-30,14.893,14.067,-3.673,-1.548,-0.03,-0.729,1.949,-1.076,0.1,-0.19,14.102,17.069,HOLD | infl-dn | eq-up | high-vol,0.633,10
2003-07-31,8.004,13.176,-2.11,8.632,-0.25,-1.046,2.056,-0.12,0.79,0.29,14.22,11.25,CUT | infl-dn | eq-up | high-vol,0.493,10
2003-08-31,4.61,11.815,-0.361,10.036,-0.23,-1.186,2.216,0.322,0.92,0.62,13.584,9.547,CUT | infl-up | eq-up | mid-vol,0.657,10
2003-09-30,2.203,11.611,-4.195,22.163,-0.21,-1.368,2.378,0.43,0.49,0.18,13.077,11.909,CUT | infl-up | eq-up | mid-vol,0.628,10
2003-10-31,6.099,10.69,0.0,18.622,0.0,-1.032,2.042,-0.014,0.84,0.05,5.386,7.565,HOLD | infl-flat | eq-up | mid-vol,0.532,10
2003-11-30,4.979,10.802,-0.077,13.018,-0.03,-0.928,1.928,-0.288,1.06,0.11,5.904,10.926,HOLD | infl-dn | eq-up | mid-vol,0.615,10
2003-12-31,11.642,8.587,0.0,26.38,-0.03,-1.055,2.035,-0.343,0.86,0.34,2.601,8.993,HOLD | infl-dn | eq-up | mid-vol,0.557,10
2004-01-31,7.654,8.742,-2.098,32.188,-0.01,-1.026,2.026,-0.016,0.84,-0.01,-2.6,4.433,HOLD | infl-flat | eq-up | mid-vol,0.592,10
2004-02-29,8.197,8.22,-1.107,36.116,0.01,-0.678,1.688,-0.24,0.65,-0.4,-3.555,5.123,HOLD | infl-dn | eq-up | low-vol,0.635,10
2004-03-31,1.285,9.996,-2.725,32.78,0.02,-0.74,1.74,-0.295,0.6,-0.24,-1.033,4.829,HOLD | infl-dn | eq-flat | mid-vol,0.712,10
2004-04-30,-2.107,10.341,-4.358,20.763,0.0,-1.293,2.293,0.266,1.31,0.47,2.068,4.475,HOLD | infl-up | eq-dn | mid-vol,0.883,10
2004-05-31,-2.119,10.699,-3.203,16.303,-0.01,-1.898,2.898,1.209,1.54,0.88,4.742,6.319,HOLD | infl-up | eq-dn | mid-vol,1.081,10
2004-06-30,1.299,9.13,-1.461,17.069,0.03,-2.138,3.168,1.428,1.67,1.1,6.23,4.426,HOLD | infl-up | eq-flat | mid-vol,1.119,10
2004-07-31,-0.504,8.408,-4.84,11.25,0.26,-1.68,2.94,0.647,1.42,0.37,7.221,12.023,HIKE | infl-up | eq-flat | low-vol,0.934,10
2004-08-31,-1.467,9.147,-4.623,9.547,0.43,-1.117,2.547,-0.35,0.98,-0.13,8.998,10.513,HIKE | infl-dn | eq-flat | mid-vol,0.846,10
2004-09-30,-2.302,8.878,-3.73,11.909,0.58,-0.929,2.539,-0.628,1.02,-0.07,5.922,10.249,HIKE | infl-dn | eq-dn | mid-vol,0.895,10
2004-10-31,2.585,9.716,-2.38,7.565,0.5,-1.431,3.191,0.251,0.8,-0.12,2.358,6.796,HIKE | infl-up | eq-up | mid-vol,0.712,10
2004-11-30,6.301,8.776,-0.874,10.926,0.5,-1.692,3.622,1.074,1.09,0.61,1.506,6.446,HIKE | infl-up | eq-up | mid-vol,0.83,10
2004-12-31,8.733,8.419,-0.134,8.993,0.55,-1.182,3.342,0.803,0.92,0.45,-1.699,3.001,HIKE | infl-up | eq-up | mid-vol,0.706,10
2005-01-31,4.519,8.17,-2.66,4.433,0.52,-0.565,2.845,-0.346,1.01,0.73,4.479,8.365,HIKE | infl-dn | eq-up | low-vol,0.768,10
2005-02-28,2.537,8.189,-0.82,5.123,0.57,-0.553,3.053,-0.569,1.09,0.57,1.39,6.402,HIKE | infl-dn | eq-up | low-vol,0.825,10
2005-03-31,-2.585,8.383,-3.65,4.829,0.47,-0.577,3.207,-0.135,1.17,0.72,4.084,9.68,HIKE | infl-dn | eq-dn | low-vol,0.958,10
2005-04-30,-2.067,10.024,-5.587,4.475,0.51,-0.572,3.362,0.517,0.87,0.37,4.336,13.291,HIKE | infl-up | eq-dn | mid-vol,0.884,10
2005-05-31,-1.005,9.912,-2.759,6.319,0.5,0.131,2.869,-0.184,0.6,0.01,4.866,6.596,HIKE | infl-dn | eq-flat | mid-vol,0.756,10
2005-06-30,0.91,9.501,-2.773,4.426,0.41,0.499,2.541,-0.666,0.62,-0.14,4.781,6.62,HIKE | infl-dn | eq-flat | mid-vol,0.749,10
2005-07-31,6.685,7.49,-0.767,12.023,0.47,0.193,3.067,-0.295,0.76,0.36,3.719,3.442,HIKE | infl-dn | eq-up | low-vol,0.599,10
2005-08-31,2.42,7.108,-1.985,10.513,0.5,-0.147,3.647,0.778,0.34,0.24,4.944,6.842,HIKE | infl-up | eq-up | low-vol,0.744,10
2005-09-30,3.146,7.465,-1.304,10.249,0.58,-1.122,4.742,2.201,0.56,0.52,5.376,8.711,HIKE | infl-up | eq-up | low-vol,1.135,10
2005-10-31,-2.201,9.419,-3.055,6.796,0.52,-0.57,4.35,1.283,0.62,0.38,8.583,14.161,HIKE | infl-up | eq-dn | mid-vol,0.982,10
2005-11-30,2.389,9.182,-1.48,6.446,0.5,0.661,3.339,-0.308,0.42,0.58,1.649,12.097,HIKE | infl-dn | eq-up | mid-vol,0.688,10
2005-12-31,1.585,8.835,-1.921,3.001,0.54,0.821,3.339,-1.403,0.25,0.23,1.755,13.619,HIKE | infl-dn | eq-flat | mid-vol,0.884,10
2006-01-31,6.054,7.278,-1.089,8.365,0.51,0.271,4.019,-0.331,0.25,0.14,-0.267,12.355,HIKE | infl-dn | eq-up | low-vol,0.603,10
2006-02-28,2.495,7.656,-1.045,6.402,0.49,0.852,3.638,0.3,0.2,0.27,1.808,9.851,HIKE | infl-up | eq-up | low-vol,0.687,10
2006-03-31,3.732,7.762,-0.947,9.68,0.43,1.172,3.418,0.079,0.23,0.41,3.165,9.73,HIKE | infl-flat | eq-up | low-vol,0.625,10
2006-04-30,2.385,7.09,-0.072,13.291,0.5,1.176,3.614,-0.405,0.08,0.33,5.137,13.105,HIKE | infl-dn | eq-up | low-vol,0.687,10
2006-05-31,-0.825,8.223,-4.199,6.596,0.45,0.963,3.977,0.339,0.1,0.35,10.278,20.513,HIKE | infl-up | eq-flat | low-vol,0.784,10
2006-06-30,-1.905,10.635,-4.191,6.62,0.4,0.808,4.182,0.764,0.17,0.34,11.66,18.355,HIKE | infl-up | eq-flat | mid-vol,0.824,10
2006-07-31,-2.59,11.689,-3.704,3.442,0.45,1.135,4.105,0.491,-0.27,0.1,12.656,13.99,HIKE | infl-up | eq-dn | mid-vol,0.823,10
2006-08-31,2.656,10.397,-1.655,6.842,0.31,1.323,3.927,-0.051,-0.46,-0.25,7.9,13.052,HIKE | infl-flat | eq-up | mid-vol,0.62,10
2006-09-30,5.168,8.203,-0.226,8.711,0.26,3.238,2.012,-2.17,-0.54,-0.45,6.364,14.291,HIKE | infl-dn | eq-up | low-vol,1.077,10
2006-10-31,7.933,6.125,-0.802,14.161,0.01,3.844,1.406,-2.698,-0.54,-0.26,7.579,12.442,HOLD | infl-dn | eq-up | low-vol,1.249,10
2006-11-30,7.425,6.484,-0.388,12.097,0.0,3.281,1.969,-1.958,-0.63,-0.17,9.281,5.748,HOLD | infl-dn | eq-up | low-vol,0.998,10
2006-12-31,6.172,6.167,-0.616,13.619,-0.01,2.716,2.524,0.512,-0.42,0.11,5.997,3.53,HOLD | infl-up | eq-up | low-vol,0.652,10
2007-01-31,4.376,6.071,-0.131,12.355,0.0,3.174,2.076,0.669,-0.31,0.23,1.184,-4.15,HOLD | infl-up | eq-up | low-vol,0.745,10
2007-02-28,0.442,7.999,-3.621,9.851,0.01,2.84,2.42,0.452,-0.61,0.03,4.775,-5.416,HOLD | infl-up | eq-flat | low-vol,0.774,10
2007-03-31,0.18,9.92,-2.659,9.73,0.02,2.462,2.798,0.274,-0.68,-0.24,7.453,-6.908,HOLD | infl-up | eq-flat | mid-vol,0.728,10
2007-04-30,3.068,10.178,-0.873,13.105,0.0,2.657,2.593,0.517,-0.65,-0.34,4.52,-6.529,HOLD | infl-up | eq-up | mid-vol,0.656,10
2007-05-31,8.8,8.81,0.0,20.513,-0.01,2.54,2.71,0.29,-0.33,0.27,-3.233,-8.509,HOLD | infl-up | eq-up | mid-vol,0.48,10
2007-06-30,5.806,8.715,-2.328,18.355,-0.01,2.557,2.693,-0.105,-0.38,0.29,-2.327,-14.857,HOLD | infl-dn | eq-up | mid-vol,0.53,10
2007-07-31,-1.828,11.33,-6.298,13.99,0.01,2.942,2.318,-0.275,-0.7,-0.04,-5.272,-12.911,HOLD | infl-dn | eq-flat | mid-vol,0.792,10
2007-08-31,-3.7,15.878,-5.092,13.052,-0.23,3.123,1.897,-0.812,-0.87,-0.77,-9.726,-12.969,CUT | infl-dn | eq-dn | high-vol,0.964,10
2007-09-30,1.557,16.244,-1.695,14.291,-0.31,2.106,2.834,0.141,-0.97,-0.9,-13.365,-23.605,CUT | infl-up | eq-flat | high-vol,0.73,10
2007-10-31,6.467,15.512,-1.008,12.442,-0.5,1.149,3.611,1.293,-0.82,-0.62,-10.571,-37.475,CUT | infl-up | eq-up | high-vol,0.723,10
2007-11-30,0.485,16.039,-5.368,5.748,-0.53,0.117,4.373,2.476,-1.45,-1.11,-5.453,-39.49,CUT | infl-up | eq-flat | high-vol,1.331,10
2007-12-31,-3.824,16.28,-6.184,3.53,-0.7,0.131,4.109,1.275,-1.19,-0.92,-12.828,-38.486,CUT | infl-up | eq-dn | high-vol,1.121,10
2008-01-31,-11.026,18.361,-11.922,-4.15,-0.82,-0.355,4.295,0.684,-1.77,-1.77,-8.064,-40.091,CUT | infl-up | eq-dn | high-vol,1.569,10
2008-02-29,-10.162,16.975,-14.984,-5.416,-1.51,-1.163,4.143,-0.23,-1.33,-1.39,-3.592,-44.756,CUT | infl-dn | eq-dn | high-vol,1.517,10
2008-03-31,-9.92,20.004,-15.491,-6.908,-1.63,-1.365,3.975,-0.134,-0.99,-1.43,-11.82,-39.679,CUT | infl-dn | eq-dn | high-vol,1.534,10
2008-04-30,0.511,18.887,-11.472,-6.529,-1.66,-1.624,3.904,-0.391,0.01,0.12,-30.084,-37.008,CUT | infl-dn | eq-flat | high-vol,1.055,10
2008-05-31,5.242,17.427,-10.527,-8.509,-1.0,-2.108,4.088,-0.055,0.68,1.01,-36.0,-34.365,CUT | infl-flat | eq-up | high-vol,0.987,10
2008-06-30,-3.228,14.93,-18.219,-14.857,-0.61,-2.936,4.936,0.961,0.63,1.01,-29.434,-28.178,CUT | infl-up | eq-dn | high-vol,1.413,10
2008-07-31,-8.531,15.984,-19.025,-12.911,-0.27,-3.488,5.498,1.594,0.51,0.23,-34.836,-22.085,CUT | infl-up | eq-dn | high-vol,1.591,10
2008-08-31,-8.394,17.76,-18.038,-12.969,0.02,-3.308,5.308,1.22,0.36,-0.3,-42.698,-20.44,HOLD | infl-up | eq-dn | high-vol,1.509,10
2008-09-30,-8.878,29.76,-25.479,-23.605,-0.19,-3.143,4.953,0.017,0.19,-0.63,-31.593,-9.369,HOLD | infl-flat | eq-dn | high-vol,1.844,10
2008-10-31,-23.563,48.721,-36.278,-37.475,-1.04,-2.761,3.731,-1.766,0.59,-0.96,-9.903,6.962,CUT | infl-dn | eq-dn | high-vol,3.069,10
2008-11-30,-30.136,57.276,-40.88,-39.49,-1.61,-0.71,1.1,-4.208,0.61,-1.36,2.555,22.247,CUT | infl-dn | eq-dn | high-vol,3.867,10
2008-12-31,-22.558,56.498,-37.585,-38.486,-1.65,0.182,-0.022,-4.976,0.6,-1.24,1.779,23.454,CUT | infl-dn | eq-dn | high-vol,3.777,10
2009-01-31,-14.748,43.682,-42.11,-40.091,-0.82,0.264,-0.114,-3.845,0.79,-0.62,19.567,30.027,CUT | infl-dn | eq-dn | high-vol,3.157,10
2009-02-28,-17.981,34.161,-48.474,-44.756,-0.17,0.212,0.008,-1.091,0.78,0.0,38.843,50.252,HOLD | infl-dn | eq-dn | high-vol,2.867,10
2009-03-31,-11.667,34.46,-44.073,-39.679,0.02,0.626,-0.446,-0.424,0.63,0.05,32.488,46.569,HOLD | infl-dn | eq-dn | high-vol,2.558,10
2009-04-30,5.682,32.776,-38.82,-37.008,0.0,0.726,-0.576,-0.463,0.76,-0.03,18.719,35.962,HOLD | infl-dn | eq-up | high-vol,2.135,10
2009-05-31,25.038,30.7,-34.537,-34.365,-0.04,1.196,-1.016,-1.024,0.74,-0.08,19.202,18.525,HOLD | infl-dn | eq-up | high-vol,2.026,10
2009-06-30,15.222,21.917,-29.571,-28.178,0.03,1.439,-1.229,-0.783,0.9,0.3,21.296,12.117,HOLD | infl-dn | eq-up | high-vol,1.619,10
2009-07-31,13.138,19.388,-24.35,-22.085,0.01,2.119,-1.959,-1.382,0.97,0.22,8.749,11.557,HOLD | infl-dn | eq-up | high-vol,1.485,10
2009-08-31,11.041,15.588,-20.44,-20.44,-0.02,1.644,-1.484,-0.468,0.81,0.05,8.218,2.813,HOLD | infl-dn | eq-up | high-vol,1.223,10
2009-09-30,14.985,14.616,-8.956,-9.369,-0.06,1.528,-1.378,-0.149,0.8,-0.16,10.628,7.958,HOLD | infl-dn | eq-up | high-vol,0.833,10
2009-10-31,4.933,14.928,-5.622,6.962,-0.04,0.344,-0.224,1.735,0.78,-0.23,14.524,14.193,HOLD | infl-up | eq-up | high-vol,0.912,10
2009-11-30,7.349,14.731,-1.351,22.247,-0.04,-1.795,1.915,3.398,0.55,-0.3,-0.568,7.751,HOLD | infl-up | eq-up | high-vol,1.394,10
2009-12-31,5.489,13.063,-1.124,23.454,-0.03,-2.694,2.814,4.192,1.02,0.19,-7.568,12.783,HOLD | infl-up | eq-up | high-vol,1.743,10
2010-01-31,3.636,11.726,-6.639,30.027,-0.01,-2.511,2.621,2.845,0.71,-0.08,2.582,19.765,HOLD | infl-up | eq-up | mid-vol,1.3,10
2010-02-28,0.809,12.194,-3.977,50.252,0.01,-2.021,2.151,0.237,0.68,0.14,-4.994,20.166,HOLD | infl-up | eq-flat | mid-vol,0.936,10
2010-03-31,4.872,11.928,-0.404,46.569,0.04,-2.126,2.286,-0.528,0.86,-0.12,-2.414,13.374,HOLD | infl-dn | eq-up | mid-vol,0.846,10
2010-04-30,10.506,11.454,-2.513,35.962,0.09,-2.007,2.207,-0.414,0.77,0.15,-0.289,14.909,HOLD | infl-dn | eq-up | mid-vol,0.611,10
2010-05-31,-1.365,17.087,-10.505,18.525,0.07,-1.804,2.004,-0.148,0.56,-0.05,8.366,23.48,HOLD | infl-dn | eq-flat | high-vol,0.808,10
2010-06-30,-11.862,20.723,-15.327,12.117,0.02,-0.942,1.122,-1.165,0.43,-0.41,22.017,28.129,HOLD | infl-dn | eq-dn | high-vol,1.365,10
2010-07-31,-7.17,21.817,-9.503,11.557,-0.02,-1.161,1.341,-0.866,0.37,-0.42,16.75,17.309,HOLD | infl-dn | eq-dn | high-vol,1.105,10
2010-08-31,-3.679,17.826,-13.797,2.813,-0.01,-0.96,1.15,-0.853,0.28,-0.29,26.483,16.159,HOLD | infl-dn | eq-dn | high-vol,1.034,10
2010-09-30,10.72,15.198,-6.25,7.958,0.01,-0.928,1.118,-0.003,0.23,-0.19,16.179,-0.857,HOLD | infl-flat | eq-up | high-vol,0.417,10
2010-10-31,7.413,13.027,-2.795,14.193,0.01,-0.977,1.167,-0.174,0.15,-0.21,15.242,5.919,HOLD | infl-dn | eq-up | high-vol,0.424,10
2010-11-30,12.505,11.827,-3.695,7.751,0.0,-0.895,1.085,-0.066,0.26,-0.02,13.947,5.625,HOLD | infl-flat | eq-up | mid-vol,0.411,10
2010-12-31,10.203,9.945,-0.17,12.783,-0.01,-1.258,1.438,0.319,0.43,0.19,5.009,-0.003,HOLD | infl-up | eq-up | mid-vol,0.487,10
2011-01-31,8.693,9.692,-1.033,19.765,-0.02,-1.531,1.701,0.534,0.41,0.24,0.479,2.044,HOLD | infl-up | eq-up | mid-vol,0.531,10
2011-02-28,12.424,8.628,-1.176,20.166,-0.03,-1.965,2.125,1.04,0.53,0.24,-8.162,2.898,HOLD | infl-up | eq-up | mid-vol,0.656,10
2011-03-31,5.422,10.9,-1.279,13.374,-0.04,-2.479,2.619,1.181,0.66,0.19,-14.663,6.233,HOLD | infl-up | eq-up | mid-vol,0.772,10
2011-04-30,6.025,10.658,0.0,14.909,-0.07,-2.977,3.077,1.376,0.51,0.03,-8.09,2.515,HOLD | infl-up | eq-up | mid-vol,0.835,10
2011-05-31,1.355,10.122,-1.35,23.48,-0.07,-3.369,3.459,1.334,0.36,-0.24,-7.303,-2.592,HOLD | infl-up | eq-flat | mid-vol,0.948,10
2011-06-30,-0.391,10.403,-3.151,28.129,-0.05,-3.412,3.502,0.883,0.36,-0.35,-4.773,3.144,HOLD | infl-up | eq-flat | mid-vol,0.929,10
2011-07-31,-5.231,11.869,-5.231,17.309,-0.03,-3.51,3.58,0.503,0.29,-0.25,1.558,6.735,HOLD | infl-up | eq-dn | mid-vol,1.012,10
2011-08-31,-9.39,25.257,-10.613,16.159,0.01,-3.655,3.755,0.296,0.1,-0.25,12.043,15.398,HOLD | infl-up | eq-dn | high-vol,1.29,10
2011-09-30,-14.328,27.748,-17.028,-0.857,-0.01,-3.733,3.813,0.31,0.17,-0.2,24.487,27.333,HOLD | infl-up | eq-dn | high-vol,1.634,10
2011-10-31,-3.016,30.636,-8.09,5.919,0.0,-3.452,3.522,-0.058,0.18,-0.11,11.538,12.675,HOLD | infl-flat | eq-dn | high-vol,1.225,10
2011-11-30,2.303,24.81,-8.554,5.625,-0.02,-3.371,3.451,-0.304,0.17,0.05,5.082,13.571,HOLD | infl-dn | eq-up | high-vol,0.938,10
2011-12-31,11.152,22.262,-7.774,-0.003,-0.01,-2.992,3.062,-0.751,0.18,0.0,8.314,13.406,HOLD | infl-dn | eq-up | high-vol,0.797,10
2012-01-31,4.716,16.934,-3.755,2.044,0.01,-2.929,3.009,-0.514,0.14,-0.03,5.098,14.443,HOLD | infl-dn | eq-up | high-vol,0.721,10
2012-02-29,9.521,10.505,-0.474,2.898,0.02,-2.798,2.898,-0.553,0.2,0.05,2.995,11.006,HOLD | infl-dn | eq-up | mid-vol,0.666,10
2012-03-31,11.997,7.996,-0.568,6.233,0.06,-2.453,2.583,-0.479,0.2,0.08,2.286,10.962,HOLD | infl-dn | eq-up | low-vol,0.637,10
2012-04-30,6.515,9.701,-1.489,2.515,0.06,-2.133,2.273,-0.736,0.13,0.05,1.019,13.997,HOLD | infl-dn | eq-up | mid-vol,0.697,10
2012-05-31,-4.053,10.868,-7.661,-2.592,0.06,-1.578,1.738,-1.16,0.11,-0.03,8.078,26.085,HOLD | infl-dn | eq-dn | mid-vol,1.061,10
2012-06-30,-3.288,13.543,-4.008,3.144,0.03,-1.494,1.654,-0.929,0.17,0.0,4.701,18.277,HOLD | infl-dn | eq-dn | high-vol,0.919,10
2012-07-31,-1.33,13.44,-2.799,6.735,0.02,-1.258,1.418,-0.856,0.07,-0.04,8.891,22.362,HOLD | infl-dn | eq-flat | high-vol,0.813,10
2012-08-31,7.345,11.836,-0.878,15.398,-0.03,-1.556,1.686,-0.052,0.09,-0.05,7.778,16.516,HOLD | infl-flat | eq-up | mid-vol,0.456,10
2012-09-30,5.764,9.595,-1.712,27.333,-0.02,-1.81,1.95,0.296,0.09,-0.1,8.481,17.116,HOLD | infl-up | eq-up | mid-vol,0.581,10
2012-10-31,2.381,8.662,-3.657,12.675,0.0,-1.996,2.156,0.738,0.14,0.07,12.847,24.861,HOLD | infl-up | eq-up | mid-vol,0.739,10
2012-11-30,0.683,10.412,-3.383,13.571,0.03,-1.636,1.796,0.11,0.09,0.03,16.661,27.716,HOLD | infl-up | eq-flat | mid-vol,0.683,10
2012-12-31,-1.005,10.39,-2.7,13.406,0.02,-1.6,1.76,-0.19,0.09,0.02,12.967,29.198,HOLD | infl-dn | eq-flat | mid-vol,0.744,10
2013-01-31,6.359,10.163,-0.39,14.443,-0.02,-1.544,1.684,-0.472,0.13,-0.03,12.371,18.283,HOLD | infl-dn | eq-up | mid-vol,0.55,10
2013-02-28,7.048,9.363,-0.977,11.006,-0.01,-1.868,2.018,0.222,0.1,0.0,8.107,23.02,HOLD | infl-up | eq-up | mid-vol,0.557,10
2013-03-31,9.583,8.807,-0.057,10.962,-0.02,-1.379,1.519,-0.241,0.11,0.0,7.96,19.802,HOLD | infl-dn | eq-up | mid-vol,0.516,10
2013-04-30,6.1,9.763,0.0,13.997,0.01,-0.989,1.139,-0.545,0.07,-0.05,10.646,18.221,HOLD | infl-dn | eq-up | mid-vol,0.565,10
2013-05-31,8.98,8.848,-1.034,26.085,-0.04,-1.28,1.39,-0.628,0.19,0.05,9.476,16.43,HOLD | infl-dn | eq-up | mid-vol,0.556,10
2013-06-30,3.088,11.2,-3.49,18.277,-0.05,-1.626,1.716,0.197,0.27,0.11,14.368,21.669,HOLD | infl-up | eq-up | mid-vol,0.592,10
2013-07-31,5.91,9.425,-0.523,22.362,-0.06,-1.795,1.885,0.747,0.22,0.09,5.262,14.392,HOLD | infl-up | eq-up | mid-vol,0.63,10
2013-08-31,-0.801,9.523,-4.047,16.516,-0.03,-1.459,1.539,0.148,0.31,0.09,13.795,22.239,HOLD | infl-up | eq-flat | mid-vol,0.748,10
2013-09-30,4.726,6.891,-2.32,17.116,-0.01,-1.015,1.095,-0.621,0.25,-0.03,10.969,16.893,HOLD | infl-dn | eq-up | low-vol,0.672,10
2013-10-31,4.472,8.135,-0.51,24.861,0.0,-0.787,0.877,-1.009,0.22,0.0,6.846,14.451,HOLD | infl-dn | eq-up | low-vol,0.725,10
2013-11-30,10.361,7.758,0.0,27.716,0.0,-1.153,1.233,-0.306,0.2,-0.11,6.352,14.313,HOLD | infl-dn | eq-up | low-vol,0.549,10
2013-12-31,9.207,7.931,-0.02,29.198,0.01,-1.423,1.513,0.418,0.29,0.05,6.383,11.738,HOLD | infl-up | eq-up | low-vol,0.585,10
2014-01-31,0.756,7.241,-3.754,18.283,-0.02,-1.488,1.558,0.681,0.27,0.03,8.674,12.294,HOLD | infl-up | eq-flat | low-vol,0.785,10
2014-02-28,3.112,8.0,0.0,23.02,-0.01,-1.05,1.12,-0.112,0.26,0.05,7.421,12.844,HOLD | infl-dn | eq-up | low-vol,0.656,10
2014-03-31,1.613,8.532,-0.497,19.802,-0.01,-1.533,1.613,0.1,0.36,0.06,5.338,10.444,HOLD | infl-flat | eq-flat | mid-vol,0.694,10
2014-04-30,6.044,9.731,-0.368,18.221,0.02,-1.925,2.015,0.457,0.33,0.08,7.118,10.699,HOLD | infl-up | eq-up | mid-vol,0.586,10
2014-05-31,3.142,8.947,0.0,16.43,0.02,-2.077,2.167,1.046,0.28,0.04,7.486,9.556,HOLD | infl-up | eq-up | mid-vol,0.776,10
2014-06-30,4.694,7.805,-0.134,21.669,0.02,-1.959,2.059,0.446,0.37,0.03,5.034,5.249,HOLD | infl-up | eq-up | low-vol,0.67,10
2014-07-31,2.48,7.058,-2.883,14.392,0.0,-1.884,1.974,-0.041,0.44,0.11,3.331,8.974,HOLD | infl-flat | eq-up | low-vol,0.722,10
2014-08-31,4.149,7.017,0.0,22.239,0.0,-1.625,1.715,-0.452,0.39,0.11,5.048,-1.557,HOLD | infl-dn | eq-up | low-vol,0.695,10
2014-09-30,0.615,7.798,-1.942,16.893,-0.01,-1.594,1.684,-0.375,0.49,0.11,4.847,-2.65,HOLD | infl-dn | eq-flat | low-vol,0.76,10
2014-10-31,4.526,10.814,0.0,14.451,0.0,-1.52,1.61,-0.365,0.41,-0.03,3.343,3.038,HOLD | infl-dn | eq-up | mid-vol,0.588,10
2014-11-30,3.204,10.319,-0.254,14.313,0.0,-1.142,1.232,-0.484,0.38,-0.01,1.926,0.622,HOLD | infl-dn | eq-up | mid-vol,0.633,10
2014-12-31,4.391,11.682,-1.515,11.738,0.03,-0.533,0.653,-1.031,0.55,0.09,0.205,-0.727,HOLD | infl-dn | eq-up | mid-vol,0.687,10
2015-01-31,-1.143,11.06,-4.572,12.294,0.02,0.34,-0.23,-1.839,0.36,-0.03,5.46,-2.744,HOLD | infl-dn | eq-flat | mid-vol,1.04,10
2015-02-28,1.787,11.866,-0.519,12.844,0.02,0.197,-0.087,-1.319,0.52,0.16,-6.287,-8.186,HOLD | infl-dn | eq-flat | mid-vol,0.833,10
2015-03-31,0.437,11.673,-2.338,10.444,-0.01,0.132,-0.022,-0.675,0.45,-0.11,-7.15,-0.394,HOLD | infl-dn | eq-flat | mid-vol,0.748,10
2015-04-30,4.537,9.561,-1.52,10.699,0.01,0.224,-0.104,0.126,0.46,0.11,-0.295,-0.969,HOLD | infl-up | eq-up | mid-vol,0.619,10
2015-05-31,0.137,9.438,-1.1,9.556,0.01,0.085,0.035,0.122,0.49,-0.02,-1.28,-0.495,HOLD | infl-up | eq-flat | mid-vol,0.754,10
2015-06-30,-0.231,8.395,-3.177,5.249,0.02,-0.05,0.18,0.202,0.51,0.08,-0.93,1.732,HOLD | infl-up | eq-flat | low-vol,0.807,10
2015-07-31,0.883,9.139,-1.262,8.974,0.01,-0.096,0.226,0.33,0.54,0.09,-7.78,3.312,HOLD | infl-up | eq-flat | mid-vol,0.746,10
2015-08-31,-6.416,14.978,-7.445,-1.557,0.02,-0.101,0.241,0.206,0.6,0.13,-2.026,10.079,HOLD | infl-up | eq-dn | high-vol,1.03,10
2015-09-30,-6.936,17.511,-9.892,-2.65,0.01,0.131,0.009,-0.171,0.5,0.0,7.276,12.929,HOLD | infl-dn | eq-dn | high-vol,1.085,10
2015-10-31,-1.167,17.958,-2.415,3.038,-0.01,-0.008,0.128,-0.098,0.63,0.08,-0.676,2.25,HOLD | infl-flat | eq-flat | high-vol,0.807,10
2015-11-30,5.488,13.746,-2.366,0.622,-0.02,-0.316,0.436,0.195,0.82,0.2,0.796,5.691,HOLD | infl-up | eq-up | high-vol,0.646,10
2015-12-31,6.454,12.44,-4.077,-0.727,0.1,-0.399,0.639,0.63,0.82,0.42,2.687,9.535,HOLD | infl-up | eq-up | mid-vol,0.701,10
2016-01-31,-6.691,15.163,-8.944,-2.744,0.22,-0.898,1.238,1.11,0.42,0.01,12.027,17.453,HIKE | infl-up | eq-dn | high-vol,1.126,10
2016-02-29,-7.123,16.476,-9.32,-8.186,0.26,-0.467,0.847,0.411,0.4,-0.16,12.355,22.327,HIKE | infl-up | eq-dn | high-vol,1.123,10
2016-03-31,0.773,15.131,-3.336,-0.394,0.12,-0.532,0.892,0.253,0.37,-0.33,5.269,14.71,HOLD | infl-up | eq-flat | high-vol,0.743,10
2016-04-30,6.446,11.407,-3.075,-0.969,0.03,-0.803,1.173,-0.065,0.4,0.01,2.946,15.441,HOLD | infl-flat | eq-up | mid-vol,0.604,10
2016-05-31,8.525,8.331,-1.472,-0.495,-0.01,-0.708,1.078,0.231,0.5,0.09,4.857,15.014,HOLD | infl-up | eq-up | low-vol,0.641,10
2016-06-30,1.899,11.436,-1.382,1.732,0.02,-0.699,1.079,0.188,0.2,-0.15,6.669,15.463,HOLD | infl-up | eq-flat | mid-vol,0.691,10
2016-07-31,5.244,10.978,-0.066,3.312,0.02,-0.478,0.868,-0.304,0.28,-0.1,4.843,13.65,HOLD | infl-dn | eq-up | mid-vol,0.605,10
2016-08-31,3.528,10.046,-0.877,10.079,0.03,-0.655,1.055,-0.023,0.4,-0.07,8.876,13.851,HOLD | infl-flat | eq-up | mid-vol,0.602,10
2016-09-30,3.307,8.223,-0.999,12.929,0.02,-1.149,1.549,0.469,0.37,0.19,8.968,16.192,HOLD | infl-up | eq-up | low-vol,0.669,10
2016-10-31,-2.183,8.043,-2.922,2.25,0.01,-1.286,1.686,0.818,0.46,0.19,12.137,21.123,HOLD | infl-up | eq-dn | low-vol,0.938,10
2016-11-30,1.283,9.137,-0.657,5.691,0.01,-1.274,1.684,0.629,0.7,0.31,9.687,20.41,HOLD | infl-up | eq-flat | mid-vol,0.795,10
2016-12-31,3.254,7.144,-1.448,9.535,0.14,-1.511,2.051,0.502,0.66,0.43,8.244,19.42,HOLD | infl-up | eq-up | low-vol,0.758,10
2017-01-31,7.183,6.888,-0.848,17.453,0.25,-1.86,2.51,0.824,0.54,0.33,8.4,23.913,HIKE | infl-up | eq-up | low-vol,0.708,10
2017-02-28,7.496,5.474,-0.258,22.327,0.25,-2.15,2.81,1.126,0.56,0.11,4.57,14.816,HIKE | infl-up | eq-up | low-vol,0.814,10
2017-03-31,5.534,5.639,-1.387,14.71,0.25,-1.651,2.441,0.39,0.48,0.07,6.63,11.8,HIKE | infl-up | eq-up | low-vol,0.695,10
2017-04-30,4.622,5.901,-0.491,15.441,0.25,-1.276,2.176,-0.334,0.38,0.09,8.014,11.067,HIKE | infl-dn | eq-up | low-vol,0.682,10
2017-05-31,2.038,5.99,-0.166,15.014,0.25,-0.946,1.856,-0.954,0.37,0.06,9.776,12.168,HIKE | infl-dn | eq-up | low-vol,0.815,10
2017-06-30,2.569,6.111,-1.225,15.463,0.25,-0.601,1.641,-0.801,0.34,0.11,10.324,12.171,HIKE | infl-dn | eq-up | low-vol,0.759,10
2017-07-31,3.611,5.781,-0.304,13.65,0.25,-0.575,1.725,-0.451,0.19,0.06,14.31,14.006,HIKE | infl-dn | eq-up | low-vol,0.699,10
2017-08-31,2.482,6.259,-0.373,13.851,0.25,-0.768,1.928,0.072,0.17,0.05,9.798,17.392,HIKE | infl-flat | eq-up | low-vol,0.694,10
2017-09-30,3.959,5.922,0.0,16.192,0.11,-1.031,2.181,0.54,0.32,0.09,4.849,15.664,HOLD | infl-up | eq-up | low-vol,0.701,10
2017-10-31,4.249,5.81,-0.225,21.123,0.0,-0.871,2.021,0.296,0.45,0.26,2.827,5.3,HOLD | infl-up | eq-up | low-vol,0.681,10
2017-11-30,7.118,4.668,0.0,20.41,0.0,-1.012,2.172,0.244,0.62,0.45,2.179,4.253,HOLD | infl-up | eq-up | low-vol,0.692,10
2017-12-31,6.123,4.668,-0.615,19.42,0.15,-0.83,2.13,-0.051,0.59,0.42,1.674,-6.237,HOLD | infl-flat | eq-up | low-vol,0.688,10
2018-01-31,9.651,5.986,-1.708,23.913,0.26,-0.741,2.151,0.131,0.73,0.54,-0.266,-4.239,HIKE | infl-up | eq-up | low-vol,0.617,10
2018-02-28,2.502,13.421,-5.536,14.816,0.26,-0.843,2.263,0.091,0.83,0.47,6.916,2.604,HIKE | infl-flat | eq-up | high-vol,0.625,10
2018-03-31,-1.2,16.208,-8.053,11.8,0.21,-0.821,2.331,0.201,0.76,0.38,10.314,7.301,HIKE | infl-up | eq-flat | high-vol,0.765,10
2018-04-30,-6.224,17.589,-7.826,11.067,0.28,-0.781,2.471,0.32,0.8,0.35,2.405,11.245,HIKE | infl-up | eq-dn | high-vol,0.963,10
2018-05-31,-0.315,13.348,-5.834,12.168,0.28,-1.082,2.782,0.518,0.7,0.15,2.029,1.73,HIKE | infl-up | eq-flat | high-vol,0.73,10
2018-06-30,2.909,10.462,-5.378,12.171,0.31,-0.988,2.808,0.477,0.7,0.25,-7.781,8.218,HIKE | infl-up | eq-up | mid-vol,0.652,10
2018-07-31,6.353,7.766,-1.969,14.006,0.22,-0.944,2.854,0.383,0.76,0.18,-3.984,5.826,HIKE | infl-up | eq-up | low-vol,0.601,10
2018-08-31,7.254,6.675,-0.43,17.392,0.21,-0.733,2.643,-0.139,0.71,0.22,-4.033,0.86,HIKE | infl-dn | eq-up | low-vol,0.589,10
2018-09-30,7.196,6.037,-0.572,15.664,0.13,-0.382,2.332,-0.475,0.86,0.29,-2.731,2.154,HOLD | infl-dn | eq-up | low-vol,0.649,10
2018-10-31,-3.712,12.142,-7.473,5.3,0.28,-0.302,2.492,-0.362,0.68,0.2,8.632,12.015,HIKE | infl-dn | eq-dn | mid-vol,0.871,10
2018-11-30,-4.872,14.609,-5.82,4.253,0.29,0.053,2.147,-0.496,0.6,0.18,-0.294,13.797,HIKE | infl-dn | eq-dn | high-vol,0.898,10
2018-12-31,-13.972,19.768,-14.464,-6.237,0.32,0.268,2.002,-0.33,0.21,-0.33,17.349,28.878,HIKE | infl-dn | eq-dn | high-vol,1.404,10
2019-01-31,-0.282,18.73,-7.734,-4.239,0.21,0.912,1.488,-1.004,0.05,-0.42,10.217,19.283,HIKE | infl-dn | eq-flat | high-vol,0.91,10
2019-02-28,0.881,17.063,-4.991,2.604,0.2,0.881,1.519,-0.628,0.12,-0.28,5.099,6.096,HOLD | infl-dn | eq-flat | high-vol,0.709,10
2019-03-31,13.066,11.258,-3.288,7.301,0.14,0.527,1.883,-0.119,-0.14,-0.21,5.022,-8.814,HOLD | infl-dn | eq-up | mid-vol,0.341,10
2019-04-30,8.939,7.839,0.0,11.245,0.02,0.419,2.001,0.513,-0.15,-0.18,3.114,-1.134,HOLD | infl-up | eq-up | low-vol,0.507,10
2019-05-31,-1.165,9.558,-6.578,1.73,-0.01,0.594,1.796,0.277,-0.44,-0.57,14.132,10.619,HOLD | infl-up | eq-flat | mid-vol,0.834,10
2019-06-30,3.788,9.546,-0.42,8.218,-0.03,0.709,1.671,-0.212,-0.63,-0.52,9.825,5.389,HOLD | infl-dn | eq-up | mid-vol,0.637,10
2019-07-31,1.173,9.798,-1.503,5.826,-0.02,0.574,1.826,-0.174,-0.51,-0.38,8.225,9.755,HOLD | infl-dn | eq-flat | mid-vol,0.692,10
2019-08-31,6.337,12.873,-3.285,0.86,-0.26,0.392,1.738,-0.058,-0.63,-0.45,0.949,19.609,CUT | infl-flat | eq-up | high-vol,0.575,10
2019-09-30,1.189,12.348,-1.623,2.154,-0.34,0.356,1.684,0.013,-0.41,-0.12,-13.174,12.976,CUT | infl-flat | eq-flat | mid-vol,0.674,10
2019-10-31,1.919,13.313,-0.302,12.015,-0.57,0.096,1.734,-0.092,-0.31,-0.37,-4.119,7.651,CUT | infl-flat | eq-flat | high-vol,0.603,10
2019-11-30,7.33,8.138,-0.401,13.797,-0.58,-0.542,2.092,0.355,0.06,0.11,-3.078,15.303,CUT | infl-up | eq-up | low-vol,0.538,10
2019-12-31,8.534,7.611,-0.285,28.878,-0.49,-0.77,2.32,0.635,0.03,-0.05,-4.039,16.259,CUT | infl-up | eq-up | low-vol,0.592,10
2020-01-31,6.188,7.11,-3.126,19.283,-0.28,-1.05,2.6,0.866,-0.22,-0.19,1.414,15.152,CUT | infl-up | eq-up | low-vol,0.656,10
2020-02-29,-5.946,13.346,-12.756,6.096,0.03,-0.761,2.341,0.249,-0.72,-0.75,18.485,29.007,HOLD | infl-up | eq-dn | high-vol,1.057,10
2020-03-31,-20.001,46.937,-23.672,-8.814,-0.9,-0.844,1.494,-0.825,-0.42,-1.35,30.117,53.715,CUT | infl-dn | eq-dn | high-vol,2.477,10
2020-04-30,-9.707,50.89,-13.99,-1.134,-1.5,-0.263,0.313,-2.287,0.15,-1.13,12.276,43.563,CUT | infl-dn | eq-dn | high-vol,2.404,10
2020-05-31,3.05,50.608,-10.095,10.619,-1.53,-0.148,0.198,-2.143,0.11,-0.7,18.964,38.097,CUT | infl-dn | eq-up | high-vol,2.119,10
2020-06-30,19.953,26.548,-8.442,5.389,-0.57,-0.637,0.717,-0.777,0.08,-0.07,21.152,38.616,CUT | infl-dn | eq-up | high-vol,0.866,10
2020-07-31,12.316,18.217,-3.397,9.755,0.04,-0.907,0.997,0.684,0.02,-0.09,13.546,34.366,HOLD | infl-up | eq-up | high-vol,0.471,10
2020-08-31,14.979,16.162,-0.219,19.609,0.05,-1.181,1.281,1.083,0.04,-0.02,8.88,29.208,HOLD | infl-up | eq-up | high-vol,0.539,10
2020-09-30,8.474,14.162,-6.083,12.976,0.01,-1.301,1.391,0.674,0.04,-0.03,18.135,28.086,HOLD | infl-up | eq-up | high-vol,0.49,10
2020-10-31,-0.035,16.147,-8.682,7.651,0.0,-1.14,1.23,0.234,0.05,0.03,27.866,40.839,HOLD | infl-up | eq-flat | high-vol,0.734,10
2020-11-30,3.466,17.584,-0.46,15.303,-0.01,-1.086,1.176,-0.105,0.07,0.02,16.083,26.103,HOLD | infl-dn | eq-up | high-vol,0.55,10
2020-12-31,11.688,13.67,0.0,16.259,0.0,-1.23,1.32,-0.071,0.04,0.0,14.415,26.893,HOLD | infl-flat | eq-up | high-vol,0.351,10
2021-01-31,13.587,11.905,-3.66,15.152,0.0,-1.284,1.374,0.143,0.02,-0.03,18.335,21.574,HOLD | infl-up | eq-up | mid-vol,0.363,10
2021-02-28,5.233,10.912,-3.143,29.007,-0.01,-1.59,1.67,0.494,0.06,-0.02,18.67,14.767,HOLD | infl-up | eq-up | mid-vol,0.586,10
2021-03-31,5.773,13.011,-0.042,53.715,-0.02,-2.598,2.668,1.347,0.09,0.03,8.423,14.033,HOLD | infl-up | eq-up | high-vol,1.026,10
2021-04-30,12.571,11.681,-0.719,43.563,-0.02,-4.063,4.133,2.759,0.09,0.05,10.146,-1.178,HOLD | infl-up | eq-up | mid-vol,1.342,10
2021-05-31,10.311,11.097,-0.673,38.097,-0.02,-4.858,4.918,3.248,0.08,0.0,8.632,-1.712,HOLD | infl-up | eq-up | mid-vol,1.529,10
2021-06-30,8.171,9.306,0.0,38.616,0.01,-5.216,5.296,2.628,0.17,0.09,10.906,-11.917,HOLD | infl-up | eq-up | mid-vol,1.406,10
2021-07-31,5.12,9.464,-0.611,34.366,0.03,-5.145,5.245,1.112,0.09,0.03,2.737,-6.029,HOLD | infl-up | eq-up | mid-vol,1.06,10
2021-08-31,7.578,7.976,-0.135,29.208,0.03,-5.062,5.152,0.234,0.11,0.06,-3.289,-12.552,HOLD | infl-up | eq-up | low-vol,0.929,10
2021-09-30,0.234,9.305,-5.056,28.086,0.0,-5.271,5.351,0.056,0.2,0.03,5.174,-16.759,HOLD | infl-flat | eq-flat | mid-vol,1.052,10
2021-10-31,4.781,9.348,0.0,40.839,-0.02,-6.155,6.235,0.99,0.4,0.29,-10.28,-15.925,HOLD | infl-up | eq-up | mid-vol,1.227,10
2021-11-30,0.98,10.409,-2.924,26.103,-0.01,-6.822,6.902,1.75,0.44,0.32,-9.522,-10.661,HOLD | infl-up | eq-flat | mid-vol,1.407,10
2021-12-31,10.647,11.558,-0.561,26.893,0.0,-7.094,7.174,1.823,0.65,0.45,-20.578,-19.443,HOLD | infl-up | eq-up | mid-vol,1.37,10
2022-01-31,-1.951,13.613,-5.859,21.574,0.0,-7.479,7.559,1.324,1.1,0.7,-8.532,-9.721,HOLD | infl-up | eq-flat | high-vol,1.512,10
2022-02-28,-4.227,16.135,-8.811,14.767,0.0,-7.857,7.937,1.035,1.36,0.92,-9.578,-9.232,HOLD | infl-up | eq-dn | high-vol,1.624,10
2022-03-31,-4.947,17.697,-5.549,14.033,0.12,-8.372,8.572,1.398,2.08,1.55,-20.854,-9.295,HOLD | infl-up | eq-dn | high-vol,1.873,10
2022-04-30,-8.496,19.559,-13.856,-1.178,0.25,-7.902,8.232,0.673,2.37,1.52,-6.291,0.909,HIKE | infl-up | eq-dn | high-vol,1.966,10
2022-05-31,-5.528,21.934,-13.852,-1.712,0.69,-7.768,8.538,0.601,1.76,1.09,-1.259,1.154,HIKE | infl-up | eq-dn | high-vol,1.823,10
2022-06-30,-16.445,23.411,-21.081,-11.917,1.01,-7.769,8.979,0.407,1.71,0.64,1.43,17.568,HIKE | infl-up | eq-dn | high-vol,2.212,10
2022-07-31,-0.04,22.544,-13.891,-6.029,1.35,-6.783,8.463,0.231,1.21,0.19,-1.3,11.105,HIKE | infl-up | eq-flat | high-vol,1.606,10
2022-08-31,-4.287,19.568,-17.545,-12.552,1.56,-5.893,8.223,-0.316,1.12,0.92,0.383,13.974,HIKE | infl-dn | eq-dn | high-vol,1.722,10
2022-09-30,-5.277,17.804,-25.246,-16.759,1.35,-5.632,8.192,-0.787,1.66,1.3,14.605,19.59,HIKE | infl-dn | eq-dn | high-vol,1.959,10
2022-10-31,-6.254,20.32,-19.276,-15.925,1.4,-4.679,7.759,-0.704,1.43,1.62,7.683,8.312,HIKE | infl-dn | eq-dn | high-vol,1.833,10
2022-11-30,3.163,22.302,-14.937,-10.661,1.45,-3.343,7.123,-1.1,0.6,0.93,2.444,11.953,HIKE | infl-dn | eq-up | high-vol,1.402,10
2022-12-31,7.081,20.822,-19.953,-19.443,1.54,-2.305,6.405,-1.788,0.31,0.19,15.91,24.23,HIKE | infl-dn | eq-up | high-vol,1.504,10
2023-01-31,5.285,17.766,-11.983,-9.721,1.25,-1.997,6.327,-1.432,-0.12,-0.3,12.568,18.865,HIKE | infl-dn | eq-up | high-vol,1.163,10
2023-02-28,-2.695,14.669,-14.281,-9.232,0.79,-1.388,5.958,-1.165,0.24,0.43,13.539,28.365,HIKE | infl-dn | eq-dn | high-vol,1.226,10
2023-03-31,7.027,13.86,-10.329,-9.295,0.55,-0.268,4.918,-1.487,-0.59,-0.35,4.35,27.865,HIKE | infl-dn | eq-up | high-vol,0.987,10
2023-04-30,2.278,12.997,-3.152,0.909,0.5,-0.12,4.95,-1.377,-0.79,-0.17,0.583,20.775,HIKE | infl-dn | eq-up | high-vol,0.902,10
2023-05-31,5.281,12.098,-2.912,1.154,0.49,0.928,4.132,-1.826,-0.66,-0.41,9.282,26.261,HIKE | infl-dn | eq-up | mid-vol,0.937,10
2023-06-30,8.3,9.813,0.0,17.568,0.43,2.009,3.071,-1.847,-0.21,0.81,7.178,22.697,HIKE | infl-dn | eq-up | mid-vol,0.881,10
2023-07-31,10.061,9.035,0.0,11.105,0.29,1.832,3.288,-1.662,-0.24,0.84,5.594,20.339,HIKE | infl-dn | eq-up | mid-vol,0.834,10
2023-08-31,7.843,8.919,-1.772,13.974,0.27,1.607,3.723,-0.409,-0.48,0.45,13.058,25.307,HIKE | infl-dn | eq-up | mid-vol,0.517,10
2023-09-30,-3.648,8.984,-6.557,19.59,0.25,1.643,3.687,0.617,-0.3,0.16,22.535,34.385,HIKE | infl-up | eq-dn | mid-vol,0.86,10
2023-10-31,-8.611,10.517,-8.611,8.312,0.21,2.079,3.251,-0.036,-0.26,0.19,20.075,36.045,HIKE | infl-flat | eq-dn | mid-vol,1.041,10
2023-11-30,1.334,10.636,-0.461,11.953,0.0,2.197,3.133,-0.589,-0.6,-0.12,15.537,32.063,HOLD | infl-dn | eq-flat | mid-vol,0.683,10
2023-12-31,11.235,10.161,-0.283,24.23,0.0,2.014,3.316,-0.371,-1.1,-0.8,14.48,23.309,HOLD | infl-dn | eq-up | mid-vol,0.604,10
2024-01-31,15.543,8.863,-1.67,18.865,0.0,2.242,3.088,-0.163,-1.06,-0.8,13.964,24.659,HOLD | infl-dn | eq-up | mid-vol,0.604,10
2024-02-29,11.569,9.005,0.0,28.365,0.0,2.173,3.157,0.024,-0.69,-0.09,10.834,16.84,HOLD | infl-flat | eq-up | mid-vol,0.479,10
2024-03-31,10.158,9.027,0.0,27.865,0.0,1.843,3.487,0.171,-0.74,0.36,9.671,6.804,HOLD | infl-up | eq-up | mid-vol,0.51,10
2024-04-30,3.922,10.379,-4.162,20.775,0.0,1.969,3.361,0.272,-0.29,0.77,13.3,10.592,HOLD | infl-up | eq-up | mid-vol,0.593,10
2024-05-31,3.556,9.309,-0.825,26.261,0.0,2.086,3.244,0.087,-0.44,0.25,14.304,12.017,HOLD | infl-flat | eq-up | mid-vol,0.585,10
2024-06-30,3.923,9.093,-0.484,22.697,0.0,2.36,2.97,-0.517,-0.62,0.12,7.713,13.634,HOLD | infl-dn | eq-up | mid-vol,0.622,10
2024-07-31,9.663,9.884,-2.557,20.339,0.0,2.389,2.941,-0.419,-1.04,-0.75,9.384,14.796,HOLD | infl-dn | eq-up | mid-vol,0.599,10
2024-08-31,7.028,14.325,-0.332,25.307,0.0,2.723,2.607,-0.637,-1.42,-0.98,5.419,14.373,HOLD | infl-dn | eq-up | high-vol,0.763,10
2024-09-30,5.531,16.058,0.0,34.385,-0.2,2.704,2.426,-0.544,-1.47,-1.05,-2.614,16.069,CUT | infl-dn | eq-up | high-vol,0.852,10
2024-10-31,3.317,14.815,-2.715,36.045,-0.5,2.251,2.579,-0.363,-0.67,-0.13,-2.391,19.889,CUT | infl-dn | eq-up | high-vol,0.653,10
2024-11-30,6.798,12.295,0.0,32.063,-0.69,1.921,2.719,0.112,-0.51,0.22,-2.001,13.539,CUT | infl-up | eq-up | mid-vol,0.529,10
2024-12-31,2.068,12.537,-3.426,23.309,-0.65,1.609,2.871,0.444,-0.23,0.59,5.497,16.388,CUT | infl-up | eq-up | mid-vol,0.626,10
2025-01-31,5.873,13.654,-1.278,24.659,-0.5,1.339,2.991,0.412,-0.11,0.06,4.948,14.875,CUT | infl-up | eq-up | high-vol,0.421,10
2025-02-28,-1.291,13.751,-3.087,16.84,-0.31,1.528,2.802,0.082,-0.34,-0.14,8.494,15.524,CUT | infl-flat | eq-flat | high-vol,0.658,10
2025-03-31,-4.587,16.264,-8.664,6.804,-0.15,1.948,2.382,-0.489,-0.44,-0.36,19.185,16.335,HOLD | infl-dn | eq-dn | high-vol,0.901,10
2025-04-30,-7.805,31.303,-9.36,10.592,0.0,2.005,2.325,-0.666,-0.73,-0.62,22.825,29.448,HOLD | infl-dn | eq-dn | high-vol,1.334,10
2025-05-31,-0.719,32.033,-3.783,12.017,0.0,1.953,2.377,-0.424,-0.44,-0.1,15.857,28.222,HOLD | infl-dn | eq-flat | high-vol,1.079,10
2025-06-30,10.569,30.403,0.0,13.634,0.0,1.65,2.68,0.298,-0.61,-0.17,10.323,19.044,HOLD | infl-up | eq-up | high-vol,0.831,10
2025-07-31,13.832,11.707,-0.788,14.796,0.0,1.587,2.743,0.417,-0.39,0.34,9.459,,HOLD | infl-up | eq-up | mid-vol,0.339,10
2025-08-31,9.279,9.559,-0.64,14.373,0.0,1.391,2.939,0.561,-0.74,-0.3,6.48,,HOLD | infl-up | eq-up | mid-vol,0.498,10
2025-09-30,7.792,8.738,-0.079,16.069,-0.11,1.197,3.023,0.342,-0.62,-0.12,-2.391,,HOLD | infl-up | eq-up | mid-vol,0.486,10
2025-10-31,7.9,10.689,-0.736,19.889,-0.24,1.067,3.023,0.28,-0.49,-0.34,5.392,,CUT | infl-up | eq-up | mid-vol,0.414,10
2025-11-30,6.019,12.341,-0.607,13.539,-0.45,0.892,2.988,0.05,-0.41,-0.12,10.673,,CUT | infl-flat | eq-up | mid-vol,0.421,10
2025-12-31,2.348,12.711,-1.249,16.388,-0.5,0.718,3.002,-0.02,-0.25,-0.13,7.905,,CUT | infl-flat | eq-up | high-vol,0.524,10
2026-01-31,1.445,11.546,-0.567,14.875,-0.45,0.811,2.829,-0.194,-0.12,-0.08,,,CUT | infl-dn | eq-flat | mid-vol,0.575,10
2026-02-28,0.435,10.822,-1.429,15.524,-0.24,0.811,2.829,-0.16,-0.26,-0.09,,,CUT | infl-dn | eq-flat | mid-vol,0.612,10
2026-03-31,-4.63,14.376,-6.449,16.335,-0.08,0.811,2.829,-0.174,0.04,0.21,,,HOLD | infl-dn | eq-dn | high-vol,0.793,10
2026-04-30,3.891,15.255,0.0,29.448,0.0,0.811,2.829,0.0,0.04,0.16,,,HOLD | infl-flat | eq-up | high-vol,0.471,10
2026-05-31,10.193,14.475,0.0,28.222,0.0,0.811,2.829,0.0,0.04,0.3,,,HOLD | infl-flat | eq-up | high-vol,0.28,10
2026-06-30,13.144,15.022,-2.932,19.044,0.0,0.811,2.829,0.0,0.04,0.0,,,HOLD | infl-flat | eq-up | high-vol,0.0,10
