Date,QQQ,QLD_actual,QLD_simulated
1999-03-10,43.074344635009766,,
1999-03-11,43.28522872924805,,5.568404173606867
1999-03-12,42.230796813964844,,5.2965035394273565
1999-03-15,43.443389892578125,,5.6000882415831725
1999-03-16,43.81243896484375,,5.694622616246639
1999-03-17,43.49611282348633,,5.611771400405988
1999-03-18,44.33967971801758,,5.828829889249618
1999-03-19,43.206138610839844,,5.530167145370061
1999-03-22,42.678924560546875,,5.394602831837667
1999-03-23,41.176326751708984,,5.014158964161828
1999-03-24,42.57347869873047,,5.353882733038881
1999-03-25,44.1287956237793,,5.744480871131085
1999-03-26,43.65428924560547,,5.620316601055325
1999-03-29,45.23598098754883,,6.026976999418593
1999-03-30,44.91963195800781,,5.942023008604753
1999-03-31,44.26059341430664,,5.767018435806722
1999-04-01,45.1832275390625,,6.006822510880371
1999-04-05,46.81764221191406,,6.440737754045433
1999-04-06,46.909915924072266,,6.465423966022892
1999-04-07,46.422218322753906,,6.330283969652422
1999-04-08,46.79129409790039,,6.430250631311471
1999-04-09,47.08124923706055,,6.509243298071423
1999-04-12,46.7649040222168,,6.421060762361258
1999-04-13,46.13224792480469,,6.246626950501192
1999-04-14,44.5505485534668,,5.817599823972437
1999-04-15,45.156883239746094,,5.975321155642497
1999-04-16,43.83880615234375,,5.625844378421116
1999-04-19,41.78263854980469,,5.09749414605522
1999-04-20,42.73164367675781,,5.3284962680578705
1999-04-21,44.840553283691406,,5.853863668125702
1999-04-22,46.053157806396484,,6.169832754545118
1999-04-23,46.65947723388672,,6.331619801159703
1999-04-26,47.73369598388672,,6.622469269841756
1999-04-27,47.00217819213867,,6.418768966885142
1999-04-28,45.39412307739258,,5.978866867537988
1999-04-29,45.02507400512695,,5.881000083631673
1999-04-30,45.31504440307617,,5.956108599031511
1999-05-03,45.07780456542969,,5.893094762437323
1999-05-04,44.366031646728516,,5.706349883375636
1999-05-05,45.71045684814453,,6.051567212891742
1999-05-06,44.0496940612793,,5.611173671071641
1999-05-07,44.68238067626953,,5.771748782778189
1999-05-10,45.130516052246094,,5.8868934100195105
1999-05-11,45.842281341552734,,6.071939173190064
1999-05-12,46.79129409790039,,6.322676083010248
1999-05-13,45.921363830566406,,6.086888092538482
1999-05-14,45.05143737792969,,5.855606620808448
1999-05-17,45.86204528808594,,6.065687476072231
1999-05-18,45.65774154663086,,6.010984058415896
1999-05-19,46.29041290283203,,6.176915106516765
1999-05-20,45.01847839355469,,5.836792134330141
1999-05-21,44.603275299072266,,5.728490994204658
1999-05-24,43.46976089477539,,5.436707319624295
1999-05-25,42.04625701904297,,5.080043043323882
1999-05-26,43.21932601928711,,5.362950450058511
1999-05-27,43.17979431152344,,5.3525550962054345
1999-05-28,43.891536712646484,,5.52842638020201
1999-06-01,42.916175842285156,,5.282117545107232
1999-06-02,43.64109802246094,,5.459988396126526
1999-06-03,43.021610260009766,,5.304383529889302
1999-06-04,44.33967971801758,,5.628830128144089
1999-06-07,45.26231384277344,,5.862469488048214
1999-06-08,44.1287956237793,,5.56819911427258
1999-06-09,44.866912841796875,,5.753864304126712
1999-06-10,44.35285949707031,,5.621389654295053
1999-06-11,43.68064880371094,,5.4503816110087495
1999-06-14,42.85686492919922,,5.244207338507553
1999-06-15,43.49611282348633,,5.400079604431125
1999-06-16,45.730247497558594,,5.9542303948234885
1999-06-17,46.23770523071289,,6.085726686576132
1999-06-18,46.44857406616211,,6.140571654678831
1999-06-21,47.83914566040039,,6.50757359277463
1999-06-22,46.39584732055664,,6.114199565063046
1999-06-23,47.12739181518555,,6.306343796202869
1999-06-24,46.19156265258789,,6.055200697128918
1999-06-25,46.13224792480469,,6.03898960734099
1999-06-28,47.22624969482422,,6.32475415387924
1999-06-29,47.872093200683594,,6.497053282859852
1999-06-30,48.61018371582031,,6.696687779980041
1999-07-01,48.939720153808594,,6.786753662316077
1999-07-02,49.55923080444336,,6.957836068851978
1999-07-06,49.24288558959961,,6.868251422633066
1999-07-07,49.321964263916016,,6.889562021964949
1999-07-08,49.98100280761719,,7.072927205427136
1999-07-09,50.48185348510742,,7.213909249040539
1999-07-12,50.21825408935547,,7.137785596094113
1999-07-13,49.98100280761719,,7.0695639412605065
1999-07-14,50.83115768432617,,7.309293625054853
1999-07-15,51.29906463623047,,7.443062691517047
1999-07-16,51.77357482910156,,7.579946186328485
1999-07-19,51.24634552001953,,7.42474113911218
1999-07-20,49.269248962402344,,6.85103509534272
1999-07-21,49.50649642944336,,6.916268181137184
1999-07-22,48.24773406982422,,6.5638053145412965
1999-07-23,48.32022476196289,,6.582813603882665
1999-07-26,47.13398361206055,,6.258885403606509
1999-07-27,48.08297348022461,,6.510234381827945
1999-07-28,49.025390625,,6.764723405842271
1999-07-29,47.977535247802734,,6.474811253977831
1999-07-30,47.74027633666992,,6.4100668433276455
1999-08-02,47.608482360839844,,6.373976229270965
1999-08-03,47.29874038696289,,6.290342896309157
1999-08-04,46.44199752807617,,6.061777689669129
1999-08-05,47.180118560791016,,6.253801346658684
1999-08-06,46.672637939453125,,6.118584849588714
1999-08-09,46.07294464111328,,5.960683358856904
1999-08-10,45.65774154663086,,5.852599845013843
1999-08-11,47.160335540771484,,6.23717938197961
1999-08-12,46.60675048828125,,6.090070929338476
1999-08-13,48.63656997680664,,6.61987717902744
1999-08-16,49.025390625,,6.724999552357685
1999-08-17,49.269248962402344,,6.7911684043692855
1999-08-18,48.71564865112305,,6.637813912327696
1999-08-19,48.135719299316406,,6.479052262246035
1999-08-20,48.90017318725586,,6.684136464054927
1999-08-23,50.45549774169922,,7.108600649049329
1999-08-24,50.79819869995117,,7.204390995302401
1999-08-25,51.8790168762207,,7.510177006399638
1999-08-26,51.01568603515625,,7.259401090727754
1999-08-27,50.508235931396484,,7.114192040248232
1999-08-30,49.796478271484375,,6.912911363278749
1999-08-31,50.35006332397461,,7.065858782816389
1999-09-01,50.712528228759766,,7.166821298423672
1999-09-02,50.53459930419922,,7.115749311914967
1999-09-03,52.85437774658203,,7.768267083436426
1999-09-07,52.617130279541016,,7.6976814062619905
1999-09-08,51.90537643432617,,7.488588635321877
1999-09-09,52.64349365234375,,7.7007543231856825
1999-09-10,53.249786376953125,,7.877293328286469
1999-09-13,52.61054229736328,,7.687306601101931
1999-09-14,52.900508880615234,,7.7712068235063265
1999-09-15,51.8790168762207,,7.470240608029368
1999-09-16,51.85264587402344,,7.461831761234608
1999-09-17,53.407962799072266,,7.908652706128968
1999-09-20,53.533203125,,7.944881754908718
1999-09-21,52.24805450439453,,7.5625569423784444
1999-09-22,52.80165481567383,,7.721992432735143
1999-09-23,50.61366271972656,,7.081183643741897
1999-09-24,50.67955780029297,,7.098850022410045
1999-09-27,51.03544235229492,,7.197775973395469
1999-09-28,51.272701263427734,,7.263914883590501
1999-09-29,50.244598388671875,,6.97181590199207
1999-09-30,50.77183151245117,,7.117371016572206
1999-10-01,50.79160690307617,,7.122139507151914
1999-10-04,51.93172836303711,,7.441105077333732
1999-10-05,52.3007926940918,,7.546057634871521
1999-10-06,53.3486328125,,7.847603750436812
1999-10-07,53.22343826293945,,7.809915942227707
1999-10-08,53.78362274169922,,7.9734655892027355
1999-10-11,54.54152297973633,,8.197315037376892
1999-10-12,53.302520751953125,,7.823989900219103
1999-10-13,51.72085189819336,,7.358807693542786
1999-10-14,52.043758392333984,,7.44989133291506
1999-10-15,50.508235931396484,,7.009469318761302
1999-10-18,49.868953704833984,,6.831267643273742
1999-10-19,50.13915252685547,,6.904548992585247
1999-10-20,51.66813278198242,,7.324901125081773
1999-10-21,52.51167297363281,,7.56327707244143
1999-10-22,52.27442932128906,,7.4941119942332115
1999-10-25,52.3007926940918,,7.500854006863351
1999-10-26,51.8790168762207,,7.379056179546418
1999-10-27,51.7999382019043,,7.355756132814438
1999-10-28,53.59249496459961,,7.864051805351876
1999-10-29,55.46415328979492,,8.412481072584823
1999-11-01,55.17416000366211,,8.323595016708667
1999-11-02,55.20711898803711,,8.33263205986137
1999-11-03,56.30769348144531,,8.66395195931164
1999-11-04,56.94040298461914,,8.857714976223347
1999-11-05,57.52032470703125,,9.03717597243257
1999-11-08,58.68022155761719,,9.40065996772258
1999-11-09,58.284793853759766,,9.272938959630109
1999-11-10,59.049278259277344,,9.515182535865419
1999-11-11,60.10374069213867,,9.853976776403114
1999-11-12,60.89453887939453,,10.11220447674463
1999-11-15,60.775978088378906,,10.071725497651265
1999-11-16,62.31806945800781,,10.581734796487883
1999-11-17,61.4744873046875,,10.294097339623612
1999-11-18,63.35935592651367,,10.92422959028546
1999-11-19,63.92612838745117,,11.118481130605625
1999-11-22,62.950748443603516,,10.777979231423831
1999-11-23,63.24073028564453,,10.876101563845598
1999-11-24,65.3232650756836,,11.591222027099723
1999-11-26,65.5341796875,,11.664809519920022
1999-11-29,64.45332336425781,,11.27876212478476
1999-11-30,62.00175476074219,,10.419526920228824
1999-12-01,63.346160888671875,,10.870251698130446
1999-12-02,65.35623931884766,,11.55892883793477
1999-12-03,66.74678039550781,,12.04953200846334
1999-12-06,67.35308074951172,,12.267124476784808
1999-12-07,67.35308074951172,,12.265787220015904
1999-12-08,66.53589630126953,,11.96681233358366
1999-12-09,66.8521957397461,,12.079283872966176
1999-12-10,67.40581512451172,,12.278030101586554
1999-12-13,68.32183074951172,,12.610397802741833
1999-12-14,67.0895004272461,,12.154112142408165
1999-12-15,68.38117218017578,,12.620792578286354
1999-12-16,70.06828308105469,,13.242181077116182
1999-12-17,70.67464447021484,,13.469929594982164
1999-12-20,71.59728240966797,,13.8201536305842
1999-12-21,75.4460220336914,,15.30446248948915
1999-12-22,75.2087631225586,,15.206536697808287
1999-12-23,76.10505676269531,,15.567324066181216
1999-12-27,75.65689849853516,,15.382285095333572
1999-12-28,75.1823959350586,,15.187659983879179
1999-12-29,78.02938079833984,,16.336248040601458
1999-12-30,77.18583679199219,,15.98125809162672
1999-12-31,77.08039855957031,,15.935854169448294
2000-01-03,79.9273910522461,,17.111310092705587
2000-01-04,74.44430541992188,,14.761744500779168
2000-01-05,72.54625701904297,,14.007397926348657
2000-01-06,67.56396484375,,12.081886127245799
2000-01-07,75.92047882080078,,15.069216947840603
2000-01-10,78.02938079833984,,15.904752866162035
2000-01-11,74.23336029052734,,14.355530993653927
2000-01-12,72.59899139404297,,13.721845066510307
2000-01-13,76.97494506835938,,15.374536351124545
2000-01-14,78.76752471923828,,16.088939614926687
2000-01-18,79.18931579589844,,16.259494595810704
2000-01-19,80.98187255859375,,16.993833220431668
2000-01-20,80.1910400390625,,16.66007244490875
2000-01-21,81.19277954101562,,17.074488660376932
2000-01-24,77.29129791259766,,15.431698086010524
2000-01-25,78.4511947631836,,15.893177387415177
2000-01-26,75.287841796875,,14.609737668703339
2000-01-27,76.39501953125,,15.037844600458667
2000-01-28,72.54625701904297,,13.520999393045868
2000-01-31,75.65689849853516,,14.679033418273058
2000-02-01,77.68672180175781,,15.465090268930599
2000-02-02,78.34574127197266,,15.72578631691422
2000-02-03,81.40370178222656,,16.951677580244798
2000-02-04,81.95724487304688,,17.180371601911137
2000-02-07,83.09080505371094,,17.6537461784451
2000-02-08,86.5704574584961,,19.130418545121906
2000-02-09,83.5125503540039,,17.776854916139193
2000-02-10,86.25414276123047,,18.942092274853273
2000-02-11,84.25065612792969,,18.060064333992152
2000-02-14,84.14521789550781,,18.012891867073588
2000-02-15,84.75154876708984,,18.27052167552506
2000-02-16,84.35613250732422,,18.098044332093576
2000-02-17,86.14868927001953,,18.865233579801714
2000-02-18,83.03805541992188,,17.500815428485463
2000-02-22,83.30168151855469,,17.610029502231132
2000-02-23,87.94122314453125,,19.56971402559752
2000-02-24,89.83926391601562,,20.412329360873706
2000-02-25,87.78307342529297,,19.475732380177188
2000-02-28,87.73033905029297,,19.45020978996839
2000-02-29,90.0501480102539,,20.4767136043737
2000-03-01,90.78824615478516,,20.810157132621633
2000-03-02,88.68595123291016,,19.84412753892308
2000-03-03,93.68801879882812,,22.080462403815126
2000-03-06,94.42611694335938,,22.425966427518034
2000-03-07,93.00261688232422,,21.747366337859198
2000-03-08,93.84617614746094,,22.139504791422798
2000-03-09,97.009521484375,,23.62963801074298
2000-03-10,96.5877456665039,,23.42158929168594
2000-03-13,94.05704498291016,,22.191695446503203
2000-03-14,90.57735443115234,,20.547289076662366
2000-03-15,86.78135681152344,,18.822820470997552
2000-03-16,91.73725891113281,,20.970632523561086
2000-03-17,93.4771499633789,,21.763805523522237
2000-03-20,90.84097290039062,,20.533897842734127
2000-03-21,94.2679672241211,,22.080950423715734
2000-03-22,96.16594696044922,,22.96769366460669
2000-03-23,97.85308837890625,,23.77108324629764
2000-03-24,99.1711654663086,,24.408882959443478
2000-03-27,99.32931518554688,,24.484072523060526
2000-03-28,96.7986068725586,,23.233795041593055
2000-03-29,92.79169464111328,,21.307768131830446
2000-03-30,90.47196197509766,,20.240084352828266
2000-03-31,92.36993408203125,,21.08709387965381
2000-04-03,86.83409881591797,,18.557248078961823
2000-04-04,85.99052429199219,,18.19466580907285
2000-04-05,84.46159362792969,,17.545671965837652
2000-04-06,86.46499633789062,,18.376115042019084
2000-04-07,89.94470977783203,,19.85317543793091
2000-04-10,84.46159362792969,,17.430473817221724
2000-04-11,82.45814514160156,,16.601663975977253
2000-04-12,77.60763549804688,,14.646704978034599
2000-04-13,74.23336029052734,,13.371470406152211
2000-04-14,67.80125427246094,,11.052814270808726
2000-04-17,75.6041488647461,,13.595631489641958
2000-04-18,77.60763549804688,,14.314709495282672
2000-04-19,75.2350845336914,,13.437916131490166
2000-04-20,73.6007080078125,,12.852611542651456
2000-04-24,71.49180603027344,,12.114671407809075
2000-04-25,76.3158950805664,,13.748286490256774
2000-04-26,73.7061538696289,,12.806499516829977
2000-04-27,76.97494506835938,,13.941013306972742
2000-04-28,79.9273910522461,,15.008934775568209
2000-05-01,80.66553497314453,,15.284519087805858
2000-05-02,76.02597045898438,,13.524641976892013
2000-05-03,75.1823959350586,,13.223032212933653
2000-05-04,75.34056854248047,,13.277229347463289
2000-05-05,77.13311004638672,,13.907579298143798
2000-05-08,74.12796020507812,,12.822368812664864
2000-05-09,72.54625701904297,,12.273777187768593
2000-05-10,67.2740249633789,,10.488468421001603
2000-05-11,71.38636779785156,,11.769608316109423
2000-05-12,71.38636779785156,,11.768325294288147
2000-05-15,74.49701690673828,,12.792648048786004
2000-05-16,76.60588073730469,,13.515522847532148
2000-05-17,75.02423095703125,,12.955950735381919
2000-05-18,72.33534240722656,,12.02584889356953
2000-05-19,68.90839385986328,,10.88506824024051
2000-05-22,68.85567474365234,,10.867226163697637
2000-05-23,63.108917236328125,,9.052064268210447
2000-05-24,67.06307983398438,,10.185412716161037
2000-05-25,65.5868911743164,,9.73590095091594
2000-05-26,65.5868911743164,,9.734839626440705
2000-05-30,72.17720794677734,,11.690135113905946
2000-05-31,70.12100982666016,,11.022799140585345
2000-06-01,73.7061538696289,,12.148743951760093
2000-06-02,78.97843933105469,,13.885446691147935
2000-06-05,79.1761245727539,,13.953444341307385
2000-06-06,76.97494506835938,,13.176082411308856
2000-06-07,79.03111267089844,,13.878569500444701
2000-06-08,78.66206359863281,,13.747439948921771
2000-06-09,79.08384704589844,,13.893367979836123
2000-06-12,76.55320739746094,,13.002693162201627
2000-06-13,79.50564575195312,,14.004229124838037
2000-06-14,77.71310424804688,,13.371221262469282
2000-06-15,79.08384704589844,,13.841460290781567
2000-06-16,79.50564575195312,,13.987600023306337
2000-06-19,82.66900634765625,,15.099148942664648
2000-06-20,82.35265350341797,,14.981941909823298
2000-06-21,83.4071044921875,,15.363969045444861
2000-06-22,80.34920501708984,,14.235736138039078
2000-06-23,77.18583679199219,,13.113255321303821
2000-06-26,79.29473114013672,,13.828394336636213
2000-06-27,78.34574127197266,,13.495893741195559
2000-06-28,79.29473114013672,,13.821369889023199
2000-06-29,77.30449676513672,,13.126052526877524
2000-06-30,78.82025909423828,,13.639364680103801
2000-07-03,80.34920501708984,,14.167027350549713
2000-07-05,77.23857116699219,,13.068560248383692
2000-07-06,79.29473114013672,,13.762929193427913
2000-07-07,80.92913818359375,,14.328786331472283
2000-07-10,79.70333862304688,,13.893160150334475
2000-07-11,80.13832092285156,,14.04328994354638
2000-07-12,82.03630828857422,,14.706958598923961
2000-07-13,83.09080505371094,,15.083442602044647
2000-07-14,84.88336181640625,,15.732602644794133
2000-07-17,85.83235168457031,,16.082666338960838
2000-07-18,83.93434143066406,,15.369641344962892
2000-07-19,82.03630828857422,,14.672849001143968
2000-07-20,84.67244720458984,,15.614238495402601
2000-07-21,81.82542419433594,,14.562511291822556
2000-07-24,80.13832092285156,,13.960414601142723
2000-07-25,80.77098083496094,,14.179316508052555
2000-07-26,80.66553497314453,,14.140748834596112
2000-07-27,77.5021743774414,,13.030126788547093
2000-07-28,73.28435516357422,,11.61045662102535
2000-07-31,75.4460220336914,,12.294137670640097
2000-08-01,74.44430541992188,,11.966332491258422
2000-08-02,73.12619018554688,,11.541274855563284
2000-08-03,76.28954315185547,,12.538540672321217
2000-08-04,76.02597045898438,,12.450535036105352
2000-08-07,77.81851196289062,,13.036295599660388
2000-08-08,79.40019226074219,,13.564806290542837
2000-08-09,77.29129791259766,,12.842756436838366
2000-08-10,75.76233673095703,,12.333250689698247
2000-08-11,76.81676483154297,,12.675204138918929
2000-08-14,78.4511947631836,,13.213202910411773
2000-08-15,78.4511947631836,,13.211762520280876
2000-08-16,79.24203491210938,,13.47668896955414
2000-08-17,80.77098083496094,,13.995275371825299
2000-08-18,80.34920501708984,,13.847586620869427
2000-08-21,80.56009674072266,,13.91876830913663
2000-08-22,80.56009674072266,,13.917251004313368
2000-08-23,81.87813568115234,,14.37113249298759
2000-08-24,83.14348602294922,,14.813750815776682
2000-08-25,82.69532775878906,,14.652438413432142
2000-08-28,83.09080505371094,,14.790987057765053
2000-08-29,83.5125503540039,,14.939524360358739
2000-08-30,83.4071044921875,,14.900169451354138
2000-08-31,85.72689056396484,,15.72737636997495
2000-09-01,86.5704574584961,,16.035181916931084
2000-09-05,83.93434143066406,,15.056874428056117
2000-09-06,80.98187255859375,,13.995953808098932
2000-09-07,82.77445220947266,,14.614044830510572
2000-09-08,80.2437515258789,,13.718848156727505
2000-09-11,78.29302215576172,,13.05034095885303
2000-09-12,77.08039855957031,,12.644663870496666
2000-09-13,78.87297058105469,,13.231410872092757
2000-09-14,78.4511947631836,,13.088457682898198
2000-09-15,77.02767944335938,,12.612044625612107
2000-09-18,75.8150405883789,,12.213569519336422
2000-09-19,78.60938262939453,,13.112557892465476
2000-09-20,79.82195281982422,,13.515657711622046
2000-09-21,74.02249908447266,,11.550227598404938
2000-09-22,78.39847564697266,,12.914594507659835
2000-09-25,76.3158950805664,,12.227058952545894
2000-09-26,75.4460220336914,,11.94699018498256
2000-09-27,75.55146789550781,,11.979082845683191
2000-09-28,77.23857116699219,,12.512775193842806
2000-09-29,74.86602020263672,,11.742696864317143
2000-10-02,73.17894744873047,,11.212183784106722
2000-10-03,70.85913848876953,,10.500097944621054
2000-10-04,72.22994232177734,,10.90521212025353
2000-10-05,72.4408187866211,,10.967699207786032
2000-10-06,70.01558685302734,,10.23213271116728
2000-10-09,69.69925689697266,,10.138559876593071
2000-10-10,66.0613784790039,,9.079112006526353
2000-10-11,65.0069351196289,,8.788288504214423
2000-10-12,63.37250900268555,,8.345414299288278
2000-10-13,68.53931427001953,,9.705319558180951
2000-10-16,69.17201232910156,,9.883444476174581
2000-10-17,66.00868225097656,,8.978400387192488
2000-10-18,65.79777526855469,,8.920047146125109
2000-10-19,71.75537109375,,10.534388815521906
2000-10-20,72.80987548828125,,10.842863521095818
2000-10-23,72.70442962646484,,10.810275480721263
2000-10-24,69.59380340576172,,9.88407151844734
2000-10-25,65.69230651855469,,8.774772551410807
2000-10-26,67.37945556640625,,9.2245338989408
2000-10-27,67.24764251708984,,9.187436785734088
2000-10-30,64.75652313232422,,8.505757057798462
2000-10-31,68.92160034179688,,9.598994039454416
2000-11-01,68.32844543457031,,9.43272540454765
2000-11-02,69.17201232910156,,9.664605542145647
2000-11-03,70.06828308105469,,9.914003089339888
2000-11-06,69.54105377197266,,9.763726372024275
2000-11-07,69.27745056152344,,9.688641001404816
2000-11-08,63.86018753051758,,8.17234671619536
2000-11-09,63.847049713134766,,8.168093278797517
2000-11-10,60.52550506591797,,7.317337861524991
2000-11-13,60.617774963378906,,7.338850452590111
2000-11-14,63.978858947753906,,8.151887389753742
2000-11-15,65.27056884765625,,8.480166025723408
2000-11-16,61.4744873046875,,7.4928429029094
2000-11-17,61.43496322631836,,7.482391280643664
2000-11-20,58.93063735961914,,6.871553404165744
2000-11-21,58.83837890625,,6.849288900116618
2000-11-22,56.20226287841797,,6.2348094924453346
2000-11-24,59.418357849121094,,6.947686129670718
2000-11-27,58.68022155761719,,6.774310744847248
2000-11-28,55.21369934082031,,5.97319019409896
2000-11-29,53.091617584228516,,5.513392202629609
2000-11-30,53.13117218017578,,5.5210064127341205
2000-12-01,53.9879035949707,,5.698455201055745
2000-12-04,54.831478118896484,,5.8759135855969165
2000-12-05,59.629215240478516,,6.9035542319653
2000-12-06,57.362152099609375,,6.37786457643751
2000-12-07,56.09684371948242,,6.09580032297167
2000-12-08,57.362152099609375,,6.37012694143515
2000-12-11,62.739871978759766,,7.563835350761583
2000-12-12,60.44641876220703,,7.01001947977111
2000-12-13,57.981651306152344,,6.437573205137448
2000-12-14,55.147796630859375,,5.807598329368933
2000-12-15,53.882442474365234,,5.540457082709481
2000-12-18,53.9879035949707,,5.5615411691923295
2000-12-19,49.87554168701172,,4.713668434942696
2000-12-20,47.01533508300781,,4.172526253926228
2000-12-21,47.292144775390625,,4.221204123498829
2000-12-22,51.03544235229492,,4.88898276950488
2000-12-26,51.35178756713867,,4.949058921954566
2000-12-27,51.93172836303711,,5.060303692913726
2000-12-28,51.82627868652344,,5.039201720045439
2000-12-29,49.24288558959961,,4.536272544046578
2001-01-02,45.07780456542969,,3.768400478570652
2001-01-03,52.669837951660156,,5.037342636223736
2001-01-04,51.72085189819336,,4.855271479977987
2001-01-05,47.76665496826172,,4.112345318347736
2001-01-08,48.29387283325195,,4.2026759140468934
2001-01-09,48.29387283325195,,4.202217774339891
2001-01-10,50.77183151245117,,4.6329912837376
2001-01-11,52.24805450439453,,4.901900516270459
2001-01-12,52.9202766418457,,5.027501607276263
2001-01-16,52.28761291503906,,4.9067456429914715
2001-01-17,53.882442474365234,,5.205533002368099
2001-01-18,56.14954376220703,,5.643010662886679
2001-01-19,55.938655853271484,,5.600007179388924
2001-01-22,55.99135971069336,,5.609949058969067
2001-01-23,57.164432525634766,,5.844405162567812
2001-01-24,56.62404251098633,,5.733270739293172
2001-01-25,54.4096794128418,,5.2842304595530925
2001-01-26,55.29278564453125,,5.455187751772556
2001-01-29,56.51856994628906,,5.696464899780501
2001-01-30,56.30769348144531,,5.653335753877957
2001-01-31,54.240989685058594,,5.237722172728742
2001-02-01,54.9579963684082,,5.375625142174328
2001-02-02,51.92119216918945,,4.780959218970375
2001-02-05,51.8790168762207,,4.772670947097225
2001-02-06,51.9633674621582,,4.787670533400465
2001-02-07,51.11979675292969,,4.63170301447967
2001-02-08,49.59297561645508,,4.354523216358989
2001-02-09,47.576847076416016,,3.999995215581566
2001-02-12,48.150447845458984,,4.096009459669254
2001-02-13,46.60675048828125,,3.8329278422009145
2001-02-14,48.462581634521484,,4.137756214855341
2001-02-15,49.26397705078125,,4.274152127777104
2001-02-16,46.50553512573242,,3.7950402920112247
2001-02-20,44.70030212402344,,3.499997919371142
2001-02-21,43.443389892578125,,3.3027859339012675
2001-02-22,43.021610260009766,,3.2382942563002897
2001-02-23,43.173458099365234,,3.2608008259263626
2001-02-26,43.99169921875,,3.3840454358290293
2001-02-27,41.334503173828125,,2.97486886077008
2001-02-28,40.026973724365234,,2.786337216510091
2001-03-01,41.16580581665039,,2.9445850678381515
2001-03-02,39.394309997558594,,2.690834314777684
2001-03-05,40.11134719848633,,2.7884956524433466
2001-03-06,41.67192077636719,,3.0051703073371447
2001-03-07,41.68878936767578,,3.0072756661419517
2001-03-08,40.91271209716797,,2.894981128918341
2001-03-09,38.04461669921875,,2.488773015730707
2001-03-12,35.68263244628906,,2.1794728295570223
2001-03-13,37.49629592895508,,2.40079010011381
2001-03-14,36.90581130981445,,2.3249140042383085
2001-03-15,35.55610656738281,,2.1546088901818004
2001-03-16,34.75472640991211,,2.0572508476673956
2001-03-19,36.49245071411133,,2.262750246008254
2001-03-20,34.03770065307617,,1.958085203648615
2001-03-21,34.03770065307617,,1.9578717499824667
2001-03-22,36.104427337646484,,2.195417375750445
2001-03-23,36.104427337646484,,2.195178050165069
2001-03-26,35.26929473876953,,2.0933852911506476
2001-03-27,36.484031677246094,,2.2373568777882835
2001-03-28,33.489383697509766,,1.869823733707732
2001-03-29,32.856719970703125,,1.7989724592133507
2001-03-30,33.025421142578125,,1.8172498174105498
2001-04-02,31.549205780029297,,1.6545918896934477
2001-04-03,29.23782730102539,,1.411971941151484
2001-04-04,28.7232608795166,,1.3621184756057314
2001-04-05,31.4732666015625,,1.6227922974082896
2001-04-06,30.326026916503906,,1.5043098021541264
2001-04-09,31.253929138183594,,1.5962022135702487
2001-04-10,33.57372283935547,,1.8329814463951655
2001-04-11,34.58600616455078,,1.943314296890644
2001-04-12,36.104427337646484,,2.1137361808516415
2001-04-16,33.953330993652344,,1.861633592733412
2001-04-17,34.79690170288086,,1.953935248625596
2001-04-18,38.424198150634766,,2.3610862389509157
2001-04-19,40.7440071105957,,2.6459236259220367
2001-04-20,40.828365325927734,,2.656591667330045
2001-04-23,38.08677673339844,,2.2995265105022082
2001-04-24,37.369754791259766,,2.2126940294420936
2001-04-25,38.04461669921875,,2.2923710818241507
2001-04-26,37.074501037597656,,2.1752129209530575
2001-04-27,38.08677673339844,,2.293759064628051
2001-04-30,38.93034362792969,,2.395115895228961
2001-05-01,40.53312301635742,,2.5920707522038042
2001-05-02,41.31761932373047,,2.6921243949965263
2001-05-03,39.47865676879883,,2.4521890441365986
2001-05-04,40.65964126586914,,2.598633773052324
2001-05-07,39.81608200073242,,2.490523589342083
2001-05-08,40.65964126586914,,2.595782529914983
2001-05-09,39.267765045166016,,2.4177799409381695
2001-05-10,38.609798431396484,,2.33649223354352
2001-05-11,38.424198150634766,,2.3137741322165493
2001-05-14,37.80839538574219,,2.23935882089083
2001-05-15,38.08677673339844,,2.27209128195315
2001-05-16,39.7739143371582,,2.473138166373182
2001-05-17,40.406578063964844,,2.551546505361348
2001-05-18,40.52469253540039,,2.5661854617886317
2001-05-21,43.063804626464844,,2.887479165260626
2001-05-22,42.93727111816406,,2.8701959534806374
2001-05-23,41.03925704956055,,2.616132788618616
2001-05-24,42.09370040893555,,2.7502829699140143
2001-05-25,41.32606887817383,,2.649673424555508
2001-05-29,38.90503692626953,,2.3389294992336347
2001-05-30,37.479427337646484,,2.167262260510956
2001-05-31,37.732486724853516,,2.1962925164002147
2001-06-01,38.84598922729492,,2.325680237719661
2001-06-04,38.660404205322266,,2.3032050398670907
2001-06-05,40.36441421508789,,2.5059877670296156
2001-06-06,40.05228042602539,,2.466957503659692
2001-06-07,41.0814208984375,,2.5934651692775583
2001-06-08,39.94259262084961,,2.449394267049811
2001-06-11,38.84598922729492,,2.3146335285016946
2001-06-12,38.63508987426758,,2.2892483825566208
2001-06-13,37.58064651489258,,2.164040777862778
2001-06-14,35.64045715332031,,1.9403574717175476
2001-06-15,35.93570327758789,,1.9722938560177206
2001-06-18,35.45486068725586,,1.9192977583163737
2001-06-19,35.27772521972656,,1.8999105867051578
2001-06-20,36.079124450683594,,1.9860234896241054
2001-06-21,36.56839370727539,,2.039671946964991
2001-06-22,36.484031677246094,,2.030038692964823
2001-06-25,36.57682800292969,,2.040144112361118
2001-06-26,36.70333480834961,,2.0540340422799783
2001-06-27,36.939544677734375,,2.080248223363578
2001-06-28,37.411922454833984,,2.133225304400899
2001-06-29,38.550743103027344,,2.2628637121311104
2001-07-02,38.339874267578125,,2.23786174292363
2001-07-03,38.50014877319336,,2.2563279292130596
2001-07-05,36.65271759033203,,2.0395419913426354
2001-07-06,35.13433837890625,,1.8703391094955117
2001-07-09,35.43801498413086,,1.902467022897841
2001-07-10,34.164222717285156,,1.765494196443386
2001-07-11,34.58600616455078,,1.8088944884737668
2001-07-12,36.77924728393555,,2.0381161999150192
2001-07-13,36.399658203125,,1.9958242836089606
2001-07-16,35.72480392456055,,1.9216010453743146
2001-07-17,36.52619934082031,,2.00760406556569
2001-07-18,35.13433837890625,,1.8543823951833716
2001-07-19,35.96944046020508,,1.9423332424481636
2001-07-20,35.13433837890625,,1.8519312492750943
2001-07-23,34.25700759887695,,1.7592411431223598
2001-07-24,33.86898422241211,,1.71919610730537
2001-07-25,34.164222717285156,,1.7489814200476517
2001-07-26,34.67036437988281,,1.8006129477683992
2001-07-27,35.387386322021484,,1.8748940427729892
2001-07-30,35.176490783691406,,1.8523423285455518
2001-07-31,35.227115631103516,,1.857472062249617
2001-08-01,36.357479095458984,,1.976474258391861
2001-08-02,37.0407600402832,,2.0505481750759094
2001-08-03,36.42497253417969,,1.9821455901902918
2001-08-06,35.85136413574219,,1.9195011696844932
2001-08-07,35.665775299072266,,1.899418871391052
2001-08-08,34.164222717285156,,1.7392782472294697
2001-08-09,34.307640075683594,,1.7536912139660792
2001-08-10,33.9786491394043,,1.7198662204753965
2001-08-13,34.67036437988281,,1.7897025713343542
2001-08-14,34.24859619140625,,1.7459636787693067
2001-08-15,32.98323440551758,,1.6167592597688767
2001-08-16,33.37128829956055,,1.65462596197394
2001-08-17,31.852872848510742,,1.5038724611904393
2001-08-20,32.29150390625,,1.5451267745998074
2001-08-21,30.950246810913086,,1.4166018357031778
2001-08-22,31.793834686279297,,1.493669936771522
2001-08-23,31.481678009033203,,1.464176955012643
2001-08-24,33.151939392089844,,1.6193812486385357
2001-08-27,33.194129943847656,,1.6233265028841775
2001-08-28,32.156558990478516,,1.5216667536665145
2001-08-29,31.68413734436035,,1.4767903498927077
2001-08-30,30.511608123779297,,1.3673267286111208
2001-08-31,30.899646759033203,,1.40195628030726
2001-09-04,29.92110824584961,,1.3130083768032013
2001-09-05,29.803016662597656,,1.302500972830313
2001-09-06,28.59670639038086,,1.1969186320418506
2001-09-07,28.42800521850586,,1.1826661380027956
2001-09-10,28.76543617248535,,1.2106129202179197
2001-09-17,26.31910514831543,,1.0045699439324673
2001-09-18,25.728612899780273,,0.9593836156695192
2001-09-19,25.281526565551758,,0.9259365967178114
2001-09-20,24.437973022460938,,0.8640453162191558
2001-09-21,23.77998924255371,,0.817422896352583
2001-09-24,24.97784996032715,,0.899685278267392
2001-09-25,25.053756713867188,,0.9050554222355938
2001-09-26,24.184894561767578,,0.842182270708241
2001-09-27,24.024620056152344,,0.8309280951736026
2001-09-28,24.446401596069336,,0.8600134291157807
2001-10-01,24.23551368713379,,0.8450817939724045
2001-10-02,24.31143569946289,,0.8502844053241485
2001-10-03,26.1503963470459,,0.9788257928213004
2001-10-04,26.403451919555664,,0.9976631482981339
2001-10-05,26.791505813598633,,1.0268798806297823
2001-10-08,26.8758602142334,,1.0332343046665968
2001-10-09,26.226316452026367,,0.9831786439636954
2001-10-10,27.415739059448242,,1.0722502045959892
2001-10-11,29.271568298339844,,1.2172990758166329
2001-10-12,29.145042419433594,,1.2066428653067707
2001-10-15,29.018503189086914,,1.1960335482535813
2001-10-16,29.490903854370117,,1.234844323899817
2001-10-17,27.37356948852539,,1.0573954906402159
2001-10-18,28.115886688232422,,1.114629181626088
2001-10-19,28.301475524902344,,1.1292226811939516
2001-10-22,29.060678482055664,,1.1896836467755123
2001-10-23,29.2125301361084,,1.2019869385135071
2001-10-24,29.84520721435547,,1.253920524363155
2001-10-25,31.043052673339844,,1.3544367110782627
2001-10-26,30.376630783081055,,1.2961358717980616
2001-10-29,28.714834213256836,,1.1541806843848188
2001-10-30,28.15806770324707,,1.109296874086491
2001-10-31,28.59670639038086,,1.1437365954357324
2001-11-01,29.81145477294922,,1.2407806001972908
2001-11-02,30.030771255493164,,1.2589016547483871
2001-11-05,31.009309768676758,,1.340805853048996
2001-11-06,32.215599060058594,,1.444976732376481
2001-11-07,32.17343521118164,,1.4410368357702685
2001-11-08,31.844438552856445,,1.4114084572932606
2001-11-09,31.82755470275879,,1.4097579464258128
2001-11-12,32.05532455444336,,1.4297817739780851
2001-11-13,33.20256805419922,,1.5319682129955106
2001-11-14,33.438758850097656,,1.5535969221101527
2001-11-15,33.30379867553711,,1.5408868030619702
2001-11-16,33.211002349853516,,1.5321319024145756
2001-11-19,34.15578842163086,,1.6191370109842906
2001-11-20,32.57834243774414,,1.4694045282837966
2001-11-21,32.40962219238281,,1.4540245240238554
2001-11-23,33.13505935668945,,1.518958010319569
2001-11-26,33.953330993652344,,1.593813886084752
2001-11-27,33.911163330078125,,1.5896813312947131
2001-11-28,32.68799591064453,,1.4748291993444511
2001-11-29,33.70029067993164,,1.566014612526719
2001-11-30,33.44719314575195,,1.542321583416551
2001-12-03,32.87356948852539,,1.4892514263428906
2001-12-04,34.442604064941406,,1.6312511288637972
2001-12-05,36.146583557128906,,1.7924791293155897
2001-12-06,36.19718933105469,,1.7973027254033005
2001-12-07,35.20179748535156,,1.6982582136465858
2001-12-10,34.58600616455078,,1.6386572165426814
2001-12-11,34.78001022338867,,1.6568620974138744
2001-12-12,35.05840301513672,,1.6832058237669618
2001-12-13,33.540008544921875,,1.5372216028744865
2001-12-14,33.835235595703125,,1.5641160009947979
2001-12-17,34.41731262207031,,1.6177613450055668
2001-12-18,34.80533981323242,,1.654062875805867
2001-12-19,34.17266845703125,,1.5937493656082542
2001-12-20,32.72173309326172,,1.4582378034879435
2001-12-21,33.30379867553711,,1.5099581225420446
2001-12-24,33.1688232421875,,1.4975542402455446
2001-12-26,33.480960845947266,,1.525576674126177
2001-12-27,33.75088882446289,,1.550009174680318
2001-12-28,34.02080154418945,,1.574631682960989
2001-12-31,32.822975158691406,,1.4635787285731434
2002-01-02,33.835235595703125,,1.5536927073193016
2002-01-03,35.00779342651367,,1.6612095711598156
2002-01-04,35.151187896728516,,1.6746373509880614
2002-01-07,34.76316833496094,,1.6374835251384632
2002-01-08,34.99935531616211,,1.659555713570123
2002-01-09,34.678794860839844,,1.6289749324972973
2002-01-10,34.90657043457031,,1.6501960634582713
2002-01-11,34.45944595336914,,1.607740862329165
2002-01-14,33.70871353149414,,1.5375132149729234
2002-01-15,34.029258728027344,,1.5665868594030101
2002-01-16,32.713294982910156,,1.4452514394797622
2002-01-17,33.44719314575195,,1.5099401481291232
2002-01-18,32.553009033203125,,1.4290414489934709
2002-01-22,31.549205780029297,,1.3407539399680135
2002-01-23,32.41804885864258,,1.4144546354722098
2002-01-24,32.848270416259766,,1.451843041031146
2002-01-25,32.75548553466797,,1.443482875367762
2002-01-28,32.9410514831543,,1.4596807198707609
2002-01-29,32.03845977783203,,1.37953048350755
2002-01-30,32.283077239990234,,1.400445858519974
2002-01-31,32.485538482666016,,1.4178588061842192
2002-02-01,32.17343521118164,,1.3904602207933086
2002-02-04,31.144283294677734,,1.301353592741578
2002-02-05,30.629711151123047,,1.258209276142598
2002-02-06,30.4188175201416,,1.2407459122431268
2002-02-07,29.68490982055664,,1.1807402835840493
2002-02-08,30.511608123779297,,1.2463767002266248
2002-02-11,30.899646759033203,,1.2779430153364035
2002-02-12,30.64657974243164,,1.2568710885403889
2002-02-13,31.16957664489746,,1.299632153357054
2002-02-14,31.110538482666016,,1.2945672231574759
2002-02-15,30.182621002197266,,1.2172013648277686
2002-02-19,29.254703521728516,,1.1422267711779721
2002-02-20,29.651180267333984,,1.1730624975862052
2002-02-21,28.24242401123047,,1.0614679524384405
2002-02-22,28.38582992553711,,1.07213182367908
2002-02-25,29.53307342529297,,1.1586776444104547
2002-02-26,29.42340660095215,,1.1499461694374378
2002-02-27,29.018503189086914,,1.1181713751149644
2002-02-28,28.495494842529297,,1.0777432702526404
2002-03-01,30.148853302001953,,1.2026908837078685
2002-03-04,31.338293075561523,,1.297457473629739
2002-03-05,31.56605339050293,,1.3161753479037532
2002-03-06,31.7178955078125,,1.3286942605200256
2002-03-07,31.785402297973633,,1.3342052711267538
2002-03-08,32.62049102783203,,1.4041662099737833
2002-03-11,32.50240707397461,,1.3938471678859916
2002-03-12,32.05532455444336,,1.3553494654991565
2002-03-13,31.279251098632812,,1.2895745078252738
2002-03-14,31.09366226196289,,1.274131092965117
2002-03-15,31.405778884887695,,1.2995715261808234
2002-03-18,31.582931518554688,,1.3140910144605813
2002-03-19,31.532306671142578,,1.3097350034072364
2002-03-20,30.4188175201416,,1.2170918129263388
2002-03-21,31.228652954101562,,1.2817640269835724
2002-03-22,30.941814422607422,,1.2580780195441605
2002-03-25,29.997041702270508,,1.18111294358497
2002-03-26,30.275419235229492,,1.2029060376457814
2002-03-27,30.039216995239258,,1.1840052842728712
2002-03-28,30.4188175201416,,1.2138003648155808
2002-04-01,31.000877380371094,,1.260119850441113
2002-04-02,29.600563049316406,,1.1461428736142294
2002-04-03,29.549951553344727,,1.142098545669627
2002-04-04,29.322187423706055,,1.1243679858247966
2002-04-05,28.99320411682129,,1.0990154916344934
2002-04-08,29.355932235717773,,1.126394807925083
2002-04-09,28.335222244262695,,1.047942198644636
2002-04-10,28.54610824584961,,1.0634266627012747
2002-04-11,27.837520599365234,,1.0105167807061786
2002-04-12,28.276165008544922,,1.0422526728133261
2002-04-15,28.503925323486328,,1.0589294367245148
2002-04-16,29.69334602355957,,1.147188677970259
2002-04-17,29.541500091552734,,1.1353306267120769
2002-04-18,28.976318359375,,1.0917650518075677
2002-04-19,29.069124221801758,,1.0986394855852912
2002-04-22,28.335222244262695,,1.0430454879135505
2002-04-23,27.845945358276367,,1.00691032326243
2002-04-24,27.415739059448242,,0.9756880099804722
2002-04-25,27.348251342773438,,0.9707780609528227
2002-04-26,26.184141159057617,,0.8880276364809441
2002-04-29,26.251619338989258,,0.8925078375517946
2002-04-30,26.766183853149414,,0.9273990798190397
2002-05-01,26.622785568237305,,0.9173610086482806
2002-05-02,25.73704719543457,,0.856219921665045
2002-05-03,25.08750343322754,,0.8129085484454449
2002-05-06,24.437973022460938,,0.7707265588390771
2002-05-07,24.210206985473633,,0.7562759373740832
2002-05-08,26.799936294555664,,0.9179888863199568
2002-05-09,26.10821533203125,,0.8705012280653571
2002-05-10,24.935670852661133,,0.7922162774965488
2002-05-13,25.94794273376465,,0.856450485277931
2002-05-14,27.47479248046875,,0.9571490209913754
2002-05-15,27.67724609375,,0.9711505764501618
2002-05-16,27.719417572021484,,0.974004170232214
2002-05-17,27.778467178344727,,0.9780477596933599
2002-05-20,27.171106338500977,,0.9351721933382839
2002-05-21,26.428773880004883,,0.8839712126660079
2002-05-22,26.487815856933594,,0.8878244395064004
2002-05-23,27.019262313842773,,0.9233539350291621
2002-05-24,26.35285758972168,,0.877705964008183
2002-05-28,26.23476219177246,,0.8697437340901218
2002-05-29,25.54303550720215,,0.8237842067703398
2002-05-30,25.762361526489258,,0.837841299107226
2002-05-31,25.3405704498291,,0.8103150588134672
2002-06-03,24.446401596069336,,0.753041075917236
2002-06-04,24.76696014404297,,0.7727078026817691
2002-06-05,25.0200252532959,,0.7884143951372367
2002-06-06,24.362041473388672,,0.7468605544533706
2002-06-07,23.872783660888672,,0.7167810477260358
2002-06-10,23.830604553222656,,0.7141700524461475
2002-06-11,23.164186477661133,,0.6741489552608779
2002-06-12,23.501611709594727,,0.6937156860378737
2002-06-13,23.349763870239258,,0.6846756372250462
2002-06-14,23.299158096313477,,0.6816332146675447
2002-06-17,24.092100143432617,,0.7279550605450414
2002-06-18,24.480144500732422,,0.7513256204013177
2002-06-19,23.06296157836914,,0.6642535577388005
2002-06-20,22.32062530517578,,0.6214199851699643
2002-06-21,21.78074836730957,,0.591291228946318
2002-06-24,22.210969924926758,,0.6145855862320064
2002-06-25,21.477062225341797,,0.5739036054036001
2002-06-26,21.637338638305664,,0.5824067596767286
2002-06-27,22.109743118286133,,0.6077744539766414
2002-06-28,22.016952514648438,,0.6026067601130215
2002-07-01,20.96249771118164,,0.5448199478411598
2002-07-02,20.203289031982422,,0.5052965535529351
2002-07-03,20.878137588500977,,0.5389982166189233
2002-07-05,22.219392776489258,,0.608192203226814
2002-07-08,21.409576416015625,,0.5637930989650474
2002-07-09,20.802215576171875,,0.5317435377276422
2002-07-10,20.16111183166504,,0.4989099499978712
2002-07-11,20.92030906677246,,0.5364299843801584
2002-07-12,20.92030906677246,,0.5363715073810041
2002-07-15,21.56986427307129,,0.5696206618033178
2002-07-16,21.249311447143555,,0.5526281390280674
2002-07-17,21.637338638305664,,0.5727506438203117
2002-07-18,20.861263275146484,,0.5316020395725444
2002-07-19,20.237043380737305,,0.4997304288259766
2002-07-22,19.739328384399414,,0.47509495774738786
2002-07-23,18.895769119262695,,0.4344368458580242
2002-07-24,19.92491340637207,,0.48171205935113676
2002-07-25,18.76923942565918,,0.4257795459650585
2002-07-26,19.123531341552734,,0.4418073307980176
2002-07-29,20.102060317993164,,0.4869727088084668
2002-07-30,20.506973266601562,,0.5065376675669078
2002-07-31,20.118934631347656,,0.48731275672906443
2002-08-01,19.174144744873047,,0.4414909914899383
2002-08-02,18.76923942565918,,0.4227967075297476
2002-08-05,18.085954666137695,,0.39196721315059097
2002-08-06,18.980119705200195,,0.4306820046439975
2002-08-07,19.233192443847656,,0.4421201119681525
2002-08-08,19.882734298706055,,0.47193440676786236
2002-08-09,19.68028450012207,,0.4622723079686987
2002-08-12,19.739328384399414,,0.46499569123212275
2002-08-13,19.064483642578125,,0.43315061699019697
2002-08-14,20.27920913696289,,0.48830123216791693
2002-08-15,20.692550659179688,,0.5081536275828441
2002-08-16,20.835960388183594,,0.5151417507888033
2002-08-19,21.342098236083984,,0.5401127813187234
2002-08-20,21.249311447143555,,0.5353575201361727
2002-08-21,21.721694946289062,,0.5591017250660293
2002-08-22,22.06756591796875,,0.5768457459879304
2002-08-23,21.21555519104004,,0.5322397753855819
2002-08-26,21.29991912841797,,0.5364146722580102
2002-08-27,20.557580947875977,,0.49896628108665664
2002-08-28,19.80681037902832,,0.4624670164922896
2002-08-29,20.068317413330078,,0.47462839972223614
2002-08-30,19.815248489379883,,0.46260617957502054
2002-09-03,19.09822654724121,,0.42907660595811875
2002-09-04,19.174144744873047,,0.4324411141590719
2002-09-05,18.701744079589844,,0.41108554214730925
2002-09-06,19.275371551513672,,0.43625869374713366
2002-09-09,19.46939468383789,,0.4449937717556083
2002-09-10,19.950220108032227,,0.46692481770132754
2002-09-11,19.781509399414062,,0.45897673984044995
2002-09-12,19.24163055419922,,0.4338738320261402
2002-09-13,19.39346694946289,,0.4406739626890364
2002-09-16,19.11508560180664,,0.4279747141795517
2002-09-17,18.71018409729004,,0.40979708126917186
2002-09-18,18.499290466308594,,0.4005142746495768
2002-09-19,18.204050064086914,,0.387686556621268
2002-09-20,18.279966354370117,,0.3908778303070948
2002-09-23,17.731658935546875,,0.3673864664708058
2002-09-24,17.74009132385254,,0.36769584247214177
2002-09-25,18.448678970336914,,0.39702930963560534
2002-09-26,18.220928192138672,,0.38718329621081216
2002-09-27,17.976295471191406,,0.37674450502553947
2002-09-30,17.478580474853516,,0.3558413630421561
2002-10-01,18.541467666625977,,0.39908059791921624
2002-10-02,17.925682067871094,,0.37252915047376794
2002-10-03,17.495458602905273,,0.35460684640728685
2002-10-04,17.16646957397461,,0.34123195653758526
2002-10-07,17.00619125366211,,0.3348227918186774
2002-10-08,17.039941787719727,,0.33611527277955516
2002-10-09,16.921838760375977,,0.33141943438474597
2002-10-10,17.78226661682129,,0.3650867960902868
2002-10-11,18.743934631347656,,0.40453490998140895
2002-10-14,18.963254928588867,,0.41395762988742385
2002-10-15,19.874298095703125,,0.4536876659610892
2002-10-16,19.216327667236328,,0.42359809706138307
2002-10-17,19.86585807800293,,0.4521879685742118
2002-10-18,20.085193634033203,,0.462123735631093
2002-10-21,20.490102767944336,,0.4807058027374823
2002-10-22,20.36355972290039,,0.47471590192579183
2002-10-23,20.751609802246094,,0.49275662214472066
2002-10-24,20.228599548339844,,0.4678646627899148
2002-10-25,20.835960388183594,,0.49590880082405275
2002-10-28,20.658809661865234,,0.4874221464273312
2002-10-29,20.177982330322266,,0.46467981591724394
2002-10-30,20.717859268188477,,0.4894948692774399
2002-10-31,20.70942497253418,,0.48904295941383996
2002-11-01,21.29991912841797,,0.5168781105105018
2002-11-04,21.848234176635742,,0.5434333256540141
2002-11-05,22.016952514648438,,0.5517671815847979
2002-11-06,22.329063415527344,,0.5673506647166789
2002-11-07,21.544553756713867,,0.527422202981286
2002-11-08,21.14808464050293,,0.5079531557565604
2002-11-11,20.506973266601562,,0.47710023792717365
2002-11-12,21.029977798461914,,0.5013839102059745
2002-11-13,21.283048629760742,,0.5133963745909309
2002-11-14,22.016952514648438,,0.5487473279268991
2002-11-15,22.303760528564453,,0.5629842307933244
2002-11-18,21.974767684936523,,0.5463141994960297
2002-11-19,21.637338638305664,,0.5294770133006947
2002-11-20,22.556825637817383,,0.5744199515360953
2002-11-21,23.391948699951172,,0.6168909198436776
2002-11-22,23.383512496948242,,0.6163787137107019
2002-11-25,23.611286163330078,,0.6283195410984903
2002-11-26,22.818330764770508,,0.5860484013960582
2002-11-27,23.543785095214844,,0.623248533989323
2002-11-29,23.383512496948242,,0.6146951549838859
2002-12-02,23.61971092224121,,0.6270463000171563
2002-12-03,22.919553756713867,,0.5898029800874187
2002-12-04,22.41342544555664,,0.563689662280035
2002-12-05,22.101306915283203,,0.547928874056708
2002-12-06,22.329063415527344,,0.5591620832105201
2002-12-09,21.274614334106445,,0.5062903197427298
2002-12-10,21.59516716003418,,0.5214920716510624
2002-12-11,21.696399688720703,,0.5263244615325995
2002-12-12,21.814495086669922,,0.5319967461523016
2002-12-13,21.122774124145508,,0.49820033218406934
2002-12-16,21.806053161621094,,0.530377569650935
2002-12-17,21.873538970947266,,0.5336025986485615
2002-12-18,21.409576416015625,,0.5109077979695704
2002-12-19,21.139652252197266,,0.49796942325481725
2002-12-20,21.35895538330078,,0.5082470263286684
2002-12-23,21.654207229614258,,0.5222429523088601
2002-12-24,21.38427734375,,0.5091660134123787
2002-12-26,21.32522201538086,,0.5062982585784206
2002-12-27,20.937191009521484,,0.4878179898722951
2002-12-30,20.776912689208984,,0.4802961265804209
2002-12-31,20.557580947875977,,0.4701032645551402
2003-01-02,21.426450729370117,,0.5097900125659768
2003-01-03,21.662643432617188,,0.5209736955065862
2003-01-06,22.20252227783203,,0.5468844339282338
2003-01-07,22.480905532836914,,0.5605388869576102
2003-01-08,21.848234176635742,,0.5289277272742986
2003-01-09,22.523082733154297,,0.5615451218771993
2003-01-10,22.860506057739258,,0.5783091724074989
2003-01-13,22.72553253173828,,0.571417197447168
2003-01-14,22.8436279296875,,0.5772937544080404
2003-01-15,22.556825637817383,,0.562734949162078
2003-01-16,22.303760528564453,,0.5500469537193765
2003-01-17,21.350536346435547,,0.502970879770134
2003-01-21,21.11432456970215,,0.4917868079858594
2003-01-22,21.029977798461914,,0.48780405184666403
2003-01-23,21.519243240356445,,0.5104485377265451
2003-01-24,20.937191009521484,,0.4827796812555199
2003-01-27,20.692550659179688,,0.47144498627990095
2003-01-28,20.9034366607666,,0.4810029595570062
2003-01-29,21.21555519104004,,0.49531466391955165
2003-01-30,20.667251586914062,,0.4696584339060008
2003-01-31,20.616626739501953,,0.46730636025562866
2003-02-03,20.658809661865234,,0.4691676952643237
2003-02-04,20.40574073791504,,0.4576220099663298
2003-02-05,20.312944412231445,,0.45340999705110185
2003-02-06,20.422609329223633,,0.4582562828521638
2003-02-07,20.085193634033203,,0.443064005779588
2003-02-10,20.262346267700195,,0.450831409882207
2003-02-11,20.37200355529785,,0.4556619506850515
2003-02-12,20.09362030029297,,0.44315904497731806
2003-02-13,20.194847106933594,,0.44757579207573434
2003-02-14,20.658809661865234,,0.4680924857424582
2003-02-18,21.29991912841797,,0.4970942961802333
2003-02-19,21.156517028808594,,0.49034671412876035
2003-02-20,21.072158813476562,,0.4863829031212856
2003-02-21,21.2324275970459,,0.49372845896486156
2003-02-24,20.86969566345215,,0.47680505591972244
2003-02-25,20.89501190185547,,0.4779098670751469
2003-02-26,20.43105125427246,,0.456634391106358
2003-02-27,20.89501190185547,,0.47732367165165257
2003-02-28,21.223995208740234,,0.4923021648851242
2003-03-03,20.793781280517578,,0.47229040408592277
2003-03-04,20.667251586914062,,0.46649116596167955
2003-03-05,20.70942497253418,,0.4683441474512747
2003-03-06,20.658809661865234,,0.46600375963257357
2003-03-07,20.70099639892578,,0.46785618456451356
2003-03-10,20.2539119720459,,0.4475963765046944
2003-03-11,20.07675552368164,,0.43971753213553627
2003-03-12,20.439483642578125,,0.4555584115162422
2003-03-13,21.612037658691406,,0.5077768854249314
2003-03-14,21.696399688720703,,0.511685719819379
2003-03-17,22.43872833251953,,0.5466439491781335
2003-03-18,22.717103958129883,,0.5601477255301713
2003-03-19,22.523082733154297,,0.5505184937670025
2003-03-20,22.60743522644043,,0.5545820379430073
2003-03-21,22.919553756713867,,0.5698347151088677
2003-03-24,21.96632194519043,,0.5223733685541826
2003-03-25,22.27845001220703,,0.5371616392300576
2003-03-26,22.404985427856445,,0.5432049406583158
2003-03-27,22.24471092224121,,0.5353740705757589
2003-03-28,22.000070571899414,,0.5235399566272132
2003-03-31,21.29991912841797,,0.4901596047421157
2003-04-01,21.46863555908203,,0.4978712696732764
2003-04-02,22.059123992919922,,0.5252045983123246
2003-04-03,22.33750343322754,,0.5384031898165361
2003-04-04,21.974767684936523,,0.5208583820871475
2003-04-07,22.008520126342773,,0.5224016415129475
2003-04-08,21.983192443847656,,0.5211423209701218
2003-04-09,21.477062225341797,,0.4970884611680623
2003-04-10,21.738571166992188,,0.5091395669506998
2003-04-11,21.519243240356445,,0.4988102962586526
2003-04-14,21.957901000976562,,0.5190918591053476
2003-04-15,22.16878890991211,,0.5290061884791315
2003-04-16,22.118179321289062,,0.5265331623295016
2003-04-17,22.624305725097656,,0.5505728955264286
2003-04-21,22.70866584777832,,0.5546187616340801
2003-04-22,23.138879776000977,,0.5755727214298824
2003-04-23,23.30759620666504,,0.5839035190387377
2003-04-24,23.181062698364258,,0.5775000144046215
2003-04-25,22.73397445678711,,0.5551608196221605
2003-04-28,23.181062698364258,,0.5769359788963979
2003-04-29,23.391948699951172,,0.5873702514319749
2003-04-30,23.155750274658203,,0.5754443683597215
2003-05-01,23.35820770263672,,0.5854441917411973
2003-05-02,23.85590934753418,,0.6103289071488798
2003-05-05,23.830604553222656,,0.6089675800447256
2003-05-06,24.134288787841797,,0.62442189741539
2003-05-07,23.864343643188477,,0.6103853487645035
2003-05-08,23.425697326660156,,0.5878800376237465
2003-05-09,23.96556854248047,,0.6149126489322139
2003-05-12,24.32830047607422,,0.6334596921771193
2003-05-13,24.176456451416016,,0.6254832158378208
2003-05-14,24.125856399536133,,0.6227968240671882
2003-05-15,24.395784378051758,,0.6366650415509716
2003-05-16,24.210206985473633,,0.6269094857412086
2003-05-19,23.35820770263672,,0.58271707557578
2003-05-20,23.425697326660156,,0.5860208792930168
2003-05-21,23.35820770263672,,0.5825803345056502
2003-05-22,23.695627212524414,,0.5993480812352092
2003-05-23,23.704069137573242,,0.5997097990551484
2003-05-27,24.54763412475586,,0.6423285879751809
2003-05-28,24.623552322387695,,0.646231611913724
2003-05-29,24.724773406982422,,0.6514741488681144
2003-05-30,25.12969398498535,,0.6727416712049665
2003-06-02,24.95253562927246,,0.6631829976570915
2003-06-03,25.188737869262695,,0.6756661653810299
2003-06-04,25.661121368408203,,0.7009350698140846
2003-06-05,25.846712112426758,,0.7109975044966604
2003-06-06,25.41649627685547,,0.6872510385769699
2003-06-09,25.07908058166504,,0.6689289721743201
2003-06-10,25.458669662475586,,0.6891054486004147
2003-06-11,25.745479583740234,,0.7045568488287385
2003-06-12,25.855154037475586,,0.7104827978657564
2003-06-13,25.273088455200195,,0.6784157807203464
2003-06-16,26.049163818359375,,0.7200068381621227
2003-06-17,25.94794273376465,,0.7143327858459214
2003-06-18,26.082910537719727,,0.7216860962449544
2003-06-19,25.661121368408203,,0.6982665184036151
2003-06-20,25.627391815185547,,0.6963547650402052
2003-06-23,25.230907440185547,,0.6747320824436297
2003-06-24,25.036897659301758,,0.6642819997690302
2003-06-25,24.901933670043945,,0.6570478236343821
2003-06-26,25.492406845092773,,0.688135956003366
2003-06-27,25.163419723510742,,0.6702997413826831
2003-06-30,25.264663696289062,,0.6756205173169834
2003-07-01,25.602073669433594,,0.6935927118072278
2003-07-02,26.12508201599121,,0.7218550238094048
2003-07-03,25.796104431152344,,0.7035965533180725
2003-07-07,26.901165008544922,,0.7638015764510078
2003-07-08,27.230152130126953,,0.782400097727177
2003-07-09,27.162670135498047,,0.7784369060198905
2003-07-10,26.65653419494629,,0.7493420206051474
2003-07-11,26.858989715576172,,0.7606427908949717
2003-07-14,27.17953872680664,,0.7787156774824757
2003-07-15,27.213281631469727,,0.7805643113703102
2003-07-16,27.12891960144043,,0.7756396730474043
2003-07-17,26.302228927612305,,0.7282834924727637
2003-07-18,26.386592864990234,,0.7328760142732018
2003-07-21,26.049163818359375,,0.7140522356157543
2003-07-22,26.437204360961914,,0.7352481087207868
2003-07-23,26.65653419494629,,0.7473675723798222
2003-07-24,26.302228927612305,,0.7274188317878189
2003-07-25,26.825239181518555,,0.7562684525156165
2003-07-28,26.901165008544922,,0.7604670764625543
2003-07-29,26.698701858520508,,0.748937344743721
2003-07-30,26.50468635559082,,0.7379708690075567
2003-07-31,26.825239181518555,,0.7557407478636565
2003-08-01,26.53843116760254,,0.7394980227352737
2003-08-04,26.52998924255371,,0.7389469375652313
2003-08-05,25.483980178833008,,0.6805968394092577
2003-08-06,25.467111587524414,,0.6796216326951813
2003-08-07,25.56833267211914,,0.684949967919854
2003-08-08,25.36589241027832,,0.6740289577168656
2003-08-11,25.644258499145508,,0.6887491101689995
2003-08-12,26.032297134399414,,0.7095177792835289
2003-08-13,26.04073715209961,,0.7099005039780905
2003-08-14,26.066030502319336,,0.7112021684595395
2003-08-15,26.29380226135254,,0.723553978616297
2003-08-18,26.968647003173828,,0.7606159160748797
2003-08-19,27.306074142456055,,0.7795663950348661
2003-08-20,27.23858642578125,,0.7756279736206533
2003-08-21,27.533843994140625,,0.7923585398202233
2003-08-22,27.36511993408203,,0.7825612094201758
2003-08-25,27.42416763305664,,0.7858530791742697
2003-08-26,27.449481964111328,,0.787218201545403
2003-08-27,27.668804168701172,,0.7997121810174271
2003-08-28,27.91343116760254,,0.8137659245295342
2003-08-29,28.166505813598633,,0.8284330877878203
2003-09-02,28.57141876220703,,0.8521613731922324
2003-09-03,28.554555892944336,,0.8510625855099785
2003-09-04,28.816038131713867,,0.8665566571899807
2003-09-05,28.63046646118164,,0.8553011602887826
2003-09-08,29.102855682373047,,0.8834320558524045
2003-09-09,28.757003784179688,,0.8623387294603148
2003-09-10,28.065282821655273,,0.8207593334761065
2003-09-11,28.377397537231445,,0.838925231676946
2003-09-12,28.52922248840332,,0.8478106265459944
2003-09-15,28.250873565673828,,0.8311746649460244
2003-09-16,29.018503189086914,,0.8762532302168011
2003-09-17,28.900405883789062,,0.8690254906097977
2003-09-18,29.33905792236328,,0.895310995610188
2003-09-19,29.17034149169922,,0.8849162917859308
2003-09-22,28.613584518432617,,0.8510400830156072
2003-09-23,29.11972999572754,,0.8810553929347581
2003-09-24,28.023094177246094,,0.8145990551941226
2003-09-25,27.66036033630371,,0.7934217450706069
2003-09-26,27.48322105407715,,0.7831729733862757
2003-09-29,27.955615997314453,,0.8100107129847949
2003-09-30,27.348251342773438,,0.7747257725059078
2003-10-01,27.964048385620117,,0.8095301188350624
2003-10-02,28.056846618652344,,0.8148146954767574
2003-10-03,28.841350555419922,,0.8602923133098092
2003-10-06,29.0522518157959,,0.872780240146689
2003-10-07,29.229389190673828,,0.8833281275911111
2003-10-08,29.04380989074707,,0.8720152188465995
2003-10-09,29.263132095336914,,0.885090077421113
2003-10-10,29.53307342529297,,0.9013228351566713
2003-10-13,29.727096557617188,,0.9130674036055806
2003-10-14,29.803016662597656,,0.9176316389967032
2003-10-15,29.676485061645508,,0.909739818219623
2003-10-16,29.912673950195312,,0.9241215010466377
2003-10-17,29.195640563964844,,0.8797167334377005
2003-10-20,29.558393478393555,,0.9014816191411824
2003-10-21,29.735532760620117,,0.9121882516793677
2003-10-22,29.16191864013672,,0.8768956271330135
2003-10-23,28.82448959350586,,0.8565071282129221
2003-10-24,28.849794387817383,,0.8579176009849937
2003-10-27,28.858234405517578,,0.85832604636537
2003-10-28,29.828319549560547,,0.9159386667633934
2003-10-29,29.79458999633789,,0.9137673511622332
2003-10-30,29.85361671447754,,0.9172883093076237
2003-10-31,29.676485061645508,,0.9063031478935993
2003-11-03,30.165761947631836,,0.93608883182764
2003-11-04,29.96329689025879,,0.9234211987255807
2003-11-05,30.233226776123047,,0.9399581555930794
2003-11-06,30.317567825317383,,0.9451000556596764
2003-11-07,30.056087493896484,,0.9286945948515658
2003-11-10,29.68490982055664,,0.9056555274409543
2003-11-11,29.57526397705078,,0.8988664407995295
2003-11-12,30.20792579650879,,0.9372248126363548
2003-11-13,30.174179077148438,,0.9350286070511938
2003-11-14,29.558393478393555,,0.8967631113655227
2003-11-17,29.254703521728516,,0.8782382394441689
2003-11-18,28.57984733581543,,0.837623580564708
2003-11-19,28.858234405517578,,0.8538503119874371
2003-11-20,28.57984733581543,,0.8372835368239471
2003-11-21,28.87510108947754,,0.85449194338044
2003-11-24,29.676485061645508,,0.9018290104721992
2003-11-25,29.676485061645508,,0.9017307008030563
2003-11-26,29.81145477294922,,0.9098346085547363
2003-11-28,29.84520721435547,,0.9117956503191263
2003-12-01,30.283855438232422,,0.9384983828812143
2003-12-02,30.115131378173828,,0.9279385396143656
2003-12-03,29.735532760620117,,0.9044442141822248
2003-12-04,30.056087493896484,,0.9238457828281048
2003-12-05,29.558393478393555,,0.8931494396684737
2003-12-08,29.727096557617188,,0.9032472893039547
2003-12-09,29.04380989074707,,0.8616259787925217
2003-12-10,29.153465270996094,,0.8680382177219966
2003-12-11,29.7777099609375,,0.9051170969489586
2003-12-12,29.727096557617188,,0.9019415598176327
2003-12-15,29.33905792236328,,0.8782964934959935
2003-12-16,29.398120880126953,,0.8817369764339278
2003-12-17,29.448713302612305,,0.8846756911105639
2003-12-18,29.997041702270508,,0.9175241750162908
2003-12-19,29.912673950195312,,0.9122630153139137
2003-12-22,30.005470275878906,,0.9178236878070392
2003-12-23,30.233226776123047,,0.9316571146010069
2003-12-24,30.295684814453125,,0.9354049258213313
2003-12-26,30.25348472595215,,0.9326970290509008
2003-12-29,30.75137710571289,,0.9632948092114056
2003-12-30,30.85264778137207,,0.9695344590712233
2003-12-31,30.76825714111328,,0.9641248716858153
2004-01-02,30.683866500854492,,0.9587310012150183
2004-01-05,31.299898147583008,,0.997122851964289
2004-01-06,31.510883331298828,,1.0104568910908283
2004-01-07,31.797809600830078,,1.028748421676578
2004-01-08,32.050987243652344,,1.0450182915632835
2004-01-09,31.839996337890625,,1.0311457102672736
2004-01-12,32.34633255004883,,1.063828936336734
2004-01-13,32.02565002441406,,1.042619301901269
2004-01-14,32.135372161865234,,1.0496498191203625
2004-01-15,32.21974563598633,,1.0550472407083173
2004-01-16,32.54887771606445,,1.0764873268458073
2004-01-20,32.52355194091797,,1.0746947813557732
2004-01-21,32.38851547241211,,1.0656534490566232
2004-01-22,32.194419860839844,,1.05276493496633
2004-01-23,32.0762825012207,,1.0449239338882204
2004-01-26,32.56574630737305,,1.0766997833971637
2004-01-27,31.84844398498535,,1.0291510239920045
2004-01-28,31.30834197998047,,0.994133108650305
2004-01-29,31.426515579223633,,1.0015294642832049
2004-01-30,31.28302574157715,,0.9922745505843229
2004-02-02,31.19863510131836,,0.9868127633314138
2004-02-03,31.164886474609375,,0.9845702514767793
2004-02-04,30.658557891845703,,0.9524707593185775
2004-02-05,30.776683807373047,,0.9597065750912708
2004-02-06,31.333663940429688,,0.994338479328374
2004-02-09,31.325231552124023,,0.9936949004083224
2004-02-10,31.375839233398438,,0.9967973168069691
2004-02-11,31.713420867919922,,1.0181383097651013
2004-02-12,31.434940338134766,,1.0001464562243072
2004-02-13,31.173324584960938,,0.9833900889199388
2004-02-17,31.59526252746582,,1.0099036991475867
2004-02-18,31.688098907470703,,1.0157284094668535
2004-02-19,31.20707130432129,,0.9847800239550797
2004-02-20,31.105825424194336,,0.9782827788685448
2004-02-23,30.759830474853516,,0.9564129509017432
2004-02-24,30.683866500854492,,0.9515848074128849
2004-02-25,30.86952018737793,,0.9629962606117343
2004-02-26,30.94548988342285,,0.9676311385579386
2004-02-27,30.861080169677734,,0.9622468594909086
2004-03-01,31.26613998413086,,0.9874014510839094
2004-03-02,30.90328598022461,,0.9643755653663805
2004-03-03,30.73450469970703,,0.9537363768600083
2004-03-04,31.02142333984375,,0.9714394140114246
2004-03-05,30.911724090576172,,0.964463026979476
2004-03-08,30.18596839904785,,0.9190699250206522
2004-03-09,30.09313201904297,,0.9133165712401049
2004-03-10,29.696521759033203,,0.889143029720304
2004-03-11,29.426471710205078,,0.8728749755518838
2004-03-12,29.966575622558594,,0.9048219367956488
2004-03-15,29.443344116210938,,0.8731260072032838
2004-03-16,29.493972778320312,,0.8760335561674725
2004-03-17,29.958126068115234,,0.9035107330994915
2004-03-18,29.823102951049805,,0.8952678831961384
2004-03-19,29.325218200683594,,0.8652780118097976
2004-03-22,28.953895568847656,,0.8432709897420746
2004-03-23,28.717601776123047,,0.8294151332526882
2004-03-24,29.046722412109375,,0.8483358897157266
2004-03-25,29.823102951049805,,0.8935932079128996
2004-03-26,29.72182273864746,,0.8874264537558085
2004-03-29,30.202842712402344,,0.9160540526907891
2004-03-30,30.304121017456055,,0.9220977466086144
2004-03-31,30.245044708251953,,0.9184020641330908
2004-04-01,30.515092849731445,,0.9347021729026012
2004-04-02,31.30834197998047,,0.9831960148720601
2004-04-05,31.603700637817383,,1.0016395113499401
2004-04-06,31.20707130432129,,0.9763889862396055
2004-04-07,31.173324584960938,,0.9741708525987561
2004-04-08,31.173324584960938,,0.9740646568420268
2004-04-12,31.367416381835938,,0.9860879431008218
2004-04-13,30.911724090576172,,0.9573295278947336
2004-04-14,31.063629150390625,,0.9666341028953767
2004-04-15,30.50664710998535,,0.9318645346436233
2004-04-16,30.456018447875977,,0.9286699163468587
2004-04-19,30.827320098876953,,0.9512122625556267
2004-04-20,30.110002517700195,,0.9068412587873084
2004-04-21,30.37162208557129,,0.9225011140120157
2004-04-22,31.156455993652344,,0.9700773033420916
2004-04-23,31.401187896728516,,0.9852113400631299
2004-04-26,31.173324584960938,,0.9708055314536499
2004-04-27,31.114253997802734,,0.967020527907005
2004-04-28,30.54884147644043,,0.931769450408116
2004-04-29,30.076261520385742,,0.9028395780306526
2004-04-30,29.342092514038086,,0.8586640819667416
2004-05-03,29.62056541442871,,0.874868884383285
2004-05-04,29.747156143188477,,0.882251445855483
2004-05-05,29.98343276977539,,0.8961704181942132
2004-05-06,29.75558853149414,,0.8824527194302518
2004-05-07,29.510860443115234,,0.8678408644180382
2004-05-10,29.2576847076416,,0.8528557249151418
2004-05-11,29.696521759033203,,0.8783467804717504
2004-05-12,29.75558853149414,,0.8817451172375245
2004-05-13,29.544618606567383,,0.8691456851028114
2004-05-14,29.325218200683594,,0.8561422648948278
2004-05-17,29.046722412109375,,0.8397877085894202
2004-05-18,29.308313369750977,,0.854822197199083
2004-05-19,29.274564743041992,,0.8527603502309872
2004-05-20,29.409605026245117,,0.8605347652762722
2004-05-21,29.553043365478516,,0.868835063599254
2004-05-24,29.75558853149414,,0.8806496717972204
2004-05-25,30.346311569213867,,0.9155198789458526
2004-05-26,30.540424346923828,,0.927132479250086
2004-05-27,30.73450469970703,,0.938815019496604
2004-05-28,30.844209671020508,,0.945414765748575
2004-06-01,30.802005767822266,,0.9427244967178476
2004-06-02,30.73450469970703,,0.9384898610068848
2004-06-03,30.363187789916992,,0.9157109470497842
2004-06-04,30.540424346923828,,0.9263015335822538
2004-06-07,31.26613998413086,,0.9702229639412856
2004-06-08,31.30834197998047,,0.9727363479244377
2004-06-09,30.86952018737793,,0.9453623102462062
2004-06-10,31.088939666748047,,0.9586984600085092
2004-06-14,30.650117874145508,,0.9315298064811708
2004-06-15,31.046737670898438,,0.955536692471481
2004-06-16,30.996116638183594,,0.9523165643268983
2004-06-17,30.709171295166016,,0.9345806839012316
2004-06-18,30.75137710571289,,0.9370477260826187
2004-06-21,30.50664710998535,,0.922030883418393
2004-06-22,30.953901290893555,,0.9489659330460056
2004-06-23,31.325231552124023,,0.971630520807031
2004-06-24,31.26613998413086,,0.9678588559848306
2004-06-25,31.50244140625,,0.9823830035320793
2004-06-28,31.240856170654297,,0.9659611840501158
2004-06-29,31.536195755004883,,0.9841195680157787
2004-06-30,31.84844398498535,,1.0035003449245905
2004-07-01,31.257726669311523,,0.9661655835256716
2004-07-02,31.072052001953125,,0.9545819801853945
2004-07-06,30.40536880493164,,0.9135148211470203
2004-07-07,30.46445655822754,,0.9169657643897191
2004-07-08,30.12690544128418,,0.8965455460228389
2004-07-09,30.169078826904297,,0.8989578849849253
2004-07-12,30.042505264282227,,0.8913167808167815
2004-07-13,30.00031852722168,,0.8887163806803378
2004-07-14,29.696521759033203,,0.8706204139252174
2004-07-15,29.595266342163086,,0.8645884451907033
2004-07-16,29.2576847076416,,0.8447701503069314
2004-07-19,29.19861602783203,,0.841267028149967
2004-07-20,29.899044036865234,,0.8815366162542249
2004-07-21,29.02983856201172,,0.8301856055083247
2004-07-22,29.426471710205078,,0.8527806697886864
2004-07-23,28.8695125579834,,0.8204062969620782
2004-07-26,28.74292755126953,,0.8131223437243237
2004-07-27,29.139541625976562,,0.8354737123658645
2004-07-28,29.012964248657227,,0.8281243153285482
2004-07-29,29.350526809692383,,0.8473043060018056
2004-07-30,29.443344116210938,,0.8525709242646112
2004-08-02,29.502429962158203,,0.8558998017363452
2004-08-03,28.88637924194336,,0.8200618032716366
2004-08-04,28.894805908203125,,0.8204508601435441
2004-08-05,28.35472297668457,,0.7896907531905465
2004-08-06,27.612104415893555,,0.7482402002260766
2004-08-09,27.67962074279785,,0.7518177845084533
2004-08-10,28.025606155395508,,0.7705307374901242
2004-08-11,27.7808837890625,,0.7569900395320166
2004-08-12,27.401132583618164,,0.7362121456867785
2004-08-13,27.44332504272461,,0.7383991395593736
2004-08-16,27.755563735961914,,0.7551210397892416
2004-08-17,28.067806243896484,,0.7720285336933752
2004-08-18,28.565711975097656,,0.799335002598762
2004-08-19,28.41381072998047,,0.7907467662892169
2004-08-20,28.70073127746582,,0.8066303699232665
2004-08-23,28.768238067626953,,0.8103369773451498
2004-08-24,28.759817123413086,,0.8097742429932124
2004-08-25,29.15643310546875,,0.8320205614518837
2004-08-26,29.02983856201172,,0.8247047486197666
2004-08-27,29.164857864379883,,0.8322863364939675
2004-08-30,28.675405502319336,,0.8042603087065812
2004-08-31,28.709169387817383,,0.8060665893849751
2004-09-01,28.920135498046875,,0.8178252987055786
2004-09-02,29.350526809692383,,0.8420780035151857
2004-09-03,28.810426712036133,,0.8109948446181611
2004-09-07,29.055158615112305,,0.8246845259129865
2004-09-08,28.945459365844727,,0.8183673479872305
2004-09-09,29.190187454223633,,0.8321164021486392
2004-09-10,29.637435913085938,,0.8575248621109773
2004-09-13,30.02564239501953,,0.879895991445575
2004-09-14,30.06783103942871,,0.8822727338344266
2004-09-15,29.747156143188477,,0.8633575918610855
2004-09-16,29.80622673034668,,0.8666923106674284
2004-09-17,29.899044036865234,,0.8719956326779719
2004-09-20,29.899044036865234,,0.8719005751879743
2004-09-21,30.017189025878906,,0.8786960951132148
2004-09-22,29.493972778320312,,0.8479679869457809
2004-09-23,29.468664169311523,,0.8464202758041266
2004-09-24,29.367403030395508,,0.840511015048713
2004-09-27,29.114229202270508,,0.8259274449797946
2004-09-28,29.173311233520508,,0.829189548416661
2004-09-29,29.603679656982422,,0.853563778099573
2004-09-30,29.654335021972656,,0.856391825190201
2004-10-01,30.46445655822754,,0.9030897024571953
2004-10-04,30.64168930053711,,0.9134990459181513
2004-10-05,30.683866500854492,,0.9159142622622168
2004-10-06,30.92860984802246,,0.9304256084807853
2004-10-07,30.582611083984375,,0.9095068144840373
2004-10-08,30.02564239501953,,0.8762799001306208
2004-10-11,30.169078826904297,,0.8845565836381266
2004-10-12,30.11846160888672,,0.8814919659062106
2004-10-13,30.05095100402832,,0.8774441404416582
2004-10-14,29.91594696044922,,0.8694646448628988
2004-10-15,30.06783103942871,,0.8781984547303953
2004-10-18,30.498220443725586,,0.9032436970964031
2004-10-19,30.2788028717041,,0.8901485707114464
2004-10-20,30.422266006469727,,0.89848670959835
2004-10-21,30.88639259338379,,0.9258036563723568
2004-10-22,30.211301803588867,,0.8852317380977464
2004-10-25,30.06783103942871,,0.8767274653747661
2004-10-26,30.228179931640625,,0.8859829009621154
2004-10-27,30.996116638183594,,0.9309025117064653
2004-10-28,31.19019889831543,,0.9424587294006022
2004-10-29,31.13957405090332,,0.9392965789501372
2004-11-01,31.257726669311523,,0.9463221147742924
2004-11-02,31.358989715576172,,0.9523503962741571
2004-11-03,31.569969177246094,,0.96506117403838
2004-11-04,31.747163772583008,,0.9757892808855694
2004-11-05,32.03407287597656,,0.9933199379295556
2004-11-08,32.06785202026367,,0.9953065177350742
2004-11-09,32.00034713745117,,0.9910076499882653
2004-11-10,31.890634536743164,,0.9841043158813384
2004-11-11,32.312599182128906,,1.010039619025008
2004-11-12,32.624813079833984,,1.0294481166966603
2004-11-15,32.768280029296875,,1.0383898492390915
2004-11-16,32.56574630737305,,1.0254405222791367
2004-11-17,33.00457000732422,,1.052964376524538
2004-11-18,33.15647888183594,,1.0625424692566436
2004-11-19,32.641700744628906,,1.0294331707449054
2004-11-22,32.95393371582031,,1.0490149599737384
2004-11-23,32.90328598022461,,1.0456760900176334
2004-11-24,33.190216064453125,,1.0637995440319568
2004-11-26,33.08895492553711,,1.057192414592901
2004-11-29,33.080535888671875,,1.0565391919263079
2004-11-30,33.01301193237305,,1.052110803625606
2004-12-01,33.6881103515625,,1.0950263168130865
2004-12-02,33.8147087097168,,1.1031370627760448
2004-12-03,33.865325927734375,,1.1063193786979564
2004-12-06,33.98349380493164,,1.1139194418979024
2004-12-07,33.40121078491211,,1.075625575622642
2004-12-08,33.59531021118164,,1.0880095619949715
2004-12-09,33.79780578613281,,1.1010069015961197
2004-12-10,33.69654846191406,,1.094289704668252
2004-12-13,33.99192428588867,,1.1133549743050308
2004-12-14,34.16068649291992,,1.1242887165723956
2004-12-15,34.034114837646484,,1.115834761396823
2004-12-16,33.71345138549805,,1.0946867243881844
2004-12-17,33.627384185791016,,1.0889781311261444
2004-12-20,33.39735412597656,,1.0739609847139968
2004-12-21,33.80630874633789,,1.100145473692231
2004-12-22,33.84889221191406,,1.1027970993680654
2004-12-23,33.87446594238281,,1.104343266446481
2004-12-27,33.72962951660156,,1.0947792403633436
2004-12-28,34.05337905883789,,1.1156760944231714
2004-12-29,34.095977783203125,,1.1183457600536255
2004-12-30,34.07041931152344,,1.1165472153070426
2004-12-31,34.01077651977539,,1.1125163017493556
2005-01-03,33.652950286865234,,1.088985531764929
2005-01-04,33.03953170776367,,1.049167242185044
2005-01-05,32.8350715637207,,1.0360676454258257
2005-01-06,32.67316818237305,,1.025737404236208
2005-01-07,32.84356689453125,,1.0363245393599585
2005-01-10,32.826541900634766,,1.0351371769816142
2005-01-11,32.596492767333984,,1.0205158066347013
2005-01-12,32.869140625,,1.0374764229135265
2005-01-13,32.43461990356445,,1.009933037704525
2005-01-14,32.7413330078125,,1.0289235031713508
2005-01-18,32.9884033203125,,1.0443401170929907
2005-01-19,32.443172454833984,,1.0097046579058302
2005-01-20,31.82118034362793,,0.9708789954552355
2005-01-21,31.56562614440918,,0.955179003866514
2005-01-24,31.12258529663086,,0.9282619577177543
2005-01-25,31.275936126708984,,0.9373084475971284
2005-01-26,31.65082359313965,,0.9596762732565719
2005-01-27,31.608205795288086,,0.9569872515609332
2005-01-28,31.45485496520996,,0.9475970625294797
2005-01-31,31.863815307617188,,0.9721341327826076
2005-02-01,31.966041564941406,,0.9782658071833347
2005-02-02,32.017154693603516,,0.9812876240831984
2005-02-03,31.65082359313965,,0.9587254294566476
2005-02-04,32.16200256347656,,0.989588849520916
2005-02-07,32.09381866455078,,0.9852850883975063
2005-02-08,32.153480529785156,,0.9888409376396382
2005-02-09,31.616727828979492,,0.9557187980264984
2005-02-10,31.65082359313965,,0.9576759252804036
2005-02-11,32.11940002441406,,0.9859274638683121
2005-02-14,32.264217376708984,,0.9947105264770566
2005-02-15,32.47722244262695,,1.0077360461462272
2005-02-16,32.35793685913086,,1.0002235643748318
2005-02-17,31.92344093322754,,0.9732529232996582
2005-02-18,31.82118034362793,,0.9669115713285212
2005-02-22,31.429292678833008,,0.9429905375991341
2005-02-23,31.471887588500977,,0.9454437383537264
2005-02-24,31.8723201751709,,0.9693993824889571
2005-02-25,32.051239013671875,,0.9801773708591187
2005-02-28,31.71044158935547,,0.9592262763163638
2005-03-01,32.05976104736328,,0.9802552156358958
2005-03-02,32.04271697998047,,0.9791060820990994
2005-03-03,31.778608322143555,,0.9628589946184734
2005-03-04,31.966041564941406,,0.9741120991392236
2005-03-07,32.426109313964844,,1.0020455129916506
2005-03-08,32.102359771728516,,0.9819269846485873
2005-03-09,32.0086555480957,,0.9760876105335984
2005-03-10,31.966041564941406,,0.9733822225046089
2005-03-11,31.667835235595703,,0.9551150439450283
2005-03-14,31.81269073486328,,0.9637487293535835
2005-03-15,31.55709457397461,,0.9481573672742646
2005-03-16,31.199260711669922,,0.9265512157645
2005-03-17,31.275936126708984,,0.931004402275372
2005-03-18,31.105545043945312,,0.9207587011221116
2005-03-21,31.165184020996094,,0.9241890878962159
2005-03-22,30.781789779663086,,0.9013495836559957
2005-03-23,30.892555236816406,,0.9077381744418066
2005-03-24,30.901065826416016,,0.9081393661596001
2005-03-28,30.96071434020996,,0.9115463423843531
2005-03-29,30.71363639831543,,0.8968980200708754
2005-03-30,31.292984008789062,,0.9306364057929543
2005-03-31,31.15665054321289,,0.9224259888483223
2005-04-01,30.841428756713867,,0.9036604770791027
2005-04-04,31.062942504882812,,0.9165427684172018
2005-04-05,31.14813804626465,,0.9214704118021321
2005-04-06,31.097042083740234,,0.9183467679202176
2005-04-07,31.471887588500977,,0.9403862654286225
2005-04-08,31.216310501098633,,0.9250103640927834
2005-04-11,31.07999038696289,,0.9168305765871889
2005-04-12,31.233333587646484,,0.9257775928746547
2005-04-13,30.722148895263672,,0.8953729374130425
2005-04-14,30.28766441345215,,0.869949912525516
2005-04-15,29.59754753112793,,0.8302107454048689
2005-04-18,29.6060733795166,,0.8305985427730955
2005-04-19,29.81053352355957,,0.8419802588498597
2005-04-20,29.5634765625,,0.8279325283192216
2005-04-21,30.3472900390625,,0.8717440576844042
2005-04-22,29.895742416381836,,0.8457070765368851
2005-04-25,30.142812728881836,,0.8595934044682936
2005-04-26,29.861658096313477,,0.8434641239178637
2005-04-27,29.90427017211914,,0.8457793944706098
2005-04-28,29.6060733795166,,0.8288194564818137
2005-04-29,29.802030563354492,,0.8397007144202632
2005-05-02,29.921295166015625,,0.8463299659398292
2005-05-03,30.074668884277344,,0.8549141204087373
2005-05-04,30.441011428833008,,0.8756485135220347
2005-05-05,30.466564178466797,,0.8770231290350162
2005-05-06,30.551769256591797,,0.8818330207949193
2005-05-09,30.69658088684082,,0.8900964511296392
2005-05-10,30.475078582763672,,0.8771537934010585
2005-05-11,30.628435134887695,,0.8858861922884514
2005-05-12,30.543254852294922,,0.8808621709048942
2005-05-13,30.875507354736328,,0.89993035591487
2005-05-16,31.07999038696289,,0.9117524128382951
2005-05-17,31.267425537109375,,0.9226500936863727
2005-05-18,31.69340705871582,,0.9476895367849597
2005-05-19,31.95752716064453,,0.9633815543484218
2005-05-20,32.085304260253906,,0.9709803911960422
2005-05-23,32.2471809387207,,0.980672117808421
2005-05-24,32.34943771362305,,0.9867846945520745
2005-05-25,32.21310806274414,,0.9783599459236252
2005-05-26,32.536861419677734,,0.9979190343090873
2005-05-27,32.55391311645508,,0.9988562149537384
2005-05-31,32.443172454833984,,0.9919515861616399
2005-06-01,32.70725631713867,,1.0079922061397404
2005-06-02,32.93730163574219,,1.022061677797088
2005-06-03,32.46017837524414,,0.9923394933020063
2005-06-06,32.46870040893555,,0.9927523708143049
2005-06-07,32.19607162475586,,0.9759725322753076
2005-06-08,32.12791442871094,,0.9717339868514835
2005-06-09,32.3323860168457,,0.983996864058168
2005-06-10,31.991592407226562,,0.9631463186973226
2005-06-13,32.14496612548828,,0.972276334380091
2005-06-14,32.017154693603516,,0.9644386194396755
2005-06-15,32.11940002441406,,0.9704932665516603
2005-06-16,32.2897834777832,,0.9806838031384439
2005-06-17,32.29404067993164,,0.9808354912135273
2005-06-20,32.29404067993164,,0.9807285689350188
2005-06-21,32.27698516845703,,0.9795857503237418
2005-06-22,32.242881774902344,,0.9774089321398267
2005-06-23,31.884719848632812,,0.9555877818078692
2005-06-24,31.526561737060547,,0.934015553325107
2005-06-27,31.38160514831543,,0.9253246785539155
2005-06-28,31.680078506469727,,0.942825505327317
2005-06-29,31.611846923828125,,0.9386614691874777
2005-06-30,31.36454200744629,,0.9238725240737847
2005-07-01,31.32190704345703,,0.9212601042861068
2005-07-05,31.645950317382812,,0.940221615381208
2005-07-06,31.49245262145996,,0.9309980891833651
2005-07-07,31.603317260742188,,0.9374514888588537
2005-07-08,32.20876693725586,,0.9732682911438613
2005-07-11,32.50724411010742,,0.9912006594237535
2005-07-12,32.660736083984375,,1.0004530651698518
2005-07-13,32.73748779296875,,1.005046071219447
2005-07-14,33.06153869628906,,1.02483333803925
2005-07-15,33.163856506347656,,1.031064863452674
2005-07-18,33.02742004394531,,1.0224688417202228
2005-07-19,33.41115951538086,,1.0461171328192014
2005-07-20,33.64995574951172,,1.06095671051606
2005-07-21,33.65846252441406,,1.0613774779892395
2005-07-22,33.61583709716797,,1.058573496744537
2005-07-25,33.487911224365234,,1.0504012465688575
2005-07-26,33.61583709716797,,1.0583119350755155
2005-07-27,33.87165451049805,,1.074304130860113
2005-07-28,34.033695220947266,,1.0844658798604379
2005-07-29,33.752262115478516,,1.0664122235624869
2005-08-01,33.81196594238281,,1.0700686908801298
2005-08-02,34.17865753173828,,1.0931618828886898
2005-08-03,34.16159439086914,,1.0919512290414815
2005-08-04,33.82899856567383,,1.0705698127404353
2005-08-05,33.666996002197266,,1.0601994762218405
2005-08-08,33.41970443725586,,1.04450910099812
2005-08-09,33.64143371582031,,1.0582552194753891
2005-08-10,33.35148620605469,,1.0398981578662694
2005-08-11,33.62436294555664,,1.0568013712148956
2005-08-12,33.43674087524414,,1.044892382340821
2005-08-15,33.64143371582031,,1.057571709019452
2005-08-16,33.095645904541016,,1.023141014418471
2005-08-17,33.29179763793945,,1.0351574130781467
2005-08-18,33.12122344970703,,1.0244370832846168
2005-08-19,33.10417938232422,,1.023271064352802
2005-08-22,33.12122344970703,,1.0242132018576817
2005-08-23,33.02742004394531,,1.018300153708752
2005-08-24,32.83127212524414,,1.0060938970740931
2005-08-25,32.908042907714844,,1.0106894070199024
2005-08-26,32.79718780517578,,1.003769947974704
2005-08-29,33.05299758911133,,1.019318829883996
2005-08-30,32.933597564697266,,1.0118433762913155
2005-08-31,33.240631103515625,,1.0305995126653535
2005-09-01,33.189449310302734,,1.0273134633932284
2005-09-02,33.06153869628906,,1.0192830366304906
2005-09-06,33.547607421875,,1.0491427972129932
2005-09-07,33.60730743408203,,1.0527624557678092
2005-09-08,33.59878158569336,,1.0521135413513527
2005-09-09,33.78638458251953,,1.0637480638950703
2005-09-12,33.880184173583984,,1.0695385731935838
2005-09-13,33.7949104309082,,1.0640380933499234
2005-09-14,33.41115951538086,,1.0397571846472276
2005-09-15,33.394126892089844,,1.038583726819351
2005-09-16,33.59878158569336,,1.0512003546088657
2005-09-19,33.33442687988281,,1.034544104744955
2005-09-20,33.19797897338867,,1.0259619228282892
2005-09-21,32.83127212524414,,1.0031844085421102
2005-09-22,32.95067596435547,,1.0103719996197833
2005-09-23,33.04447555541992,,1.0160142421181455
2005-09-26,33.05299758911133,,1.0164275367025777
2005-09-27,32.976261138916016,,1.011597220568108
2005-09-28,32.984771728515625,,1.0120090956013865
2005-09-29,33.42822265625,,1.0391098999842658
2005-09-30,33.64995574951172,,1.0527816866163997
2005-10-03,33.73523712158203,,1.05800319387907
2005-10-04,33.51347351074219,,1.0439779759715293
2005-10-05,33.05299758911133,,1.015175606093789
2005-10-06,32.618099212646484,,0.9883503755531523
2005-10-07,32.69485092163086,,0.9928938910206399
2005-10-10,32.51576614379883,,0.9819085786826852
2005-10-11,32.35374069213867,,0.9720158754341648
2005-10-12,31.969993591308594,,0.9488517911022707
2005-10-13,32.21731948852539,,0.9634293480684254
2005-10-14,32.456077575683594,,0.9776040058582944
2005-10-17,32.558406829833984,,0.9836619200528914
2005-10-18,32.32814407348633,,0.9696411891507363
2005-10-19,32.976261138916016,,1.0084143662513707
2005-10-20,32.66926956176758,,0.9895288271045969
2005-10-21,32.87392807006836,,1.0018188770572036
2005-10-24,33.394126892089844,,1.0334153399188688
2005-10-25,33.26619338989258,,1.0253846202378898
2005-10-26,33.095645904541016,,1.0147590586413957
2005-10-27,32.43048858642578,,0.973859120223463
2005-10-28,32.67779541015625,,0.9886057723462446
2005-10-31,33.146812438964844,,1.0168764744658887
2005-11-01,33.12122344970703,,1.0151955875029175
2005-11-02,33.55613708496094,,1.0417459156114492
2005-11-03,34.059268951416016,,1.0728716802376206
2005-11-04,34.17865753173828,,1.0802762385308866
2005-11-07,34.22130584716797,,1.0828544252485008
2005-11-08,34.22982406616211,,1.0832754605920931
2005-11-09,34.24685287475586,,1.0842351967944173
2005-11-10,34.62208938598633,,1.107876536764087
2005-11-11,34.715904235839844,,1.1137597516157332
2005-11-14,34.715904235839844,,1.1136383390736497
2005-11-15,34.55387496948242,,1.103121588872888
2005-11-16,34.76705551147461,,1.1166127794989666
2005-11-17,35.227561950683594,,1.1460712068944723
2005-11-18,35.346927642822266,,1.1537130078104394
2005-11-21,35.432220458984375,,1.1591551032568181
2005-11-22,35.56010818481445,,1.1673963638953766
2005-11-23,35.645423889160156,,1.1728707320228167
2005-11-25,35.7221565246582,,1.1777924698804048
2005-11-28,35.42369842529297,,1.1579831990526388
2005-11-29,35.25314712524414,,1.1467064901873063
2005-11-30,35.16786193847656,,1.1410332110883499
2005-12-01,35.82447814941406,,1.1835170968617408
2005-12-02,35.90974044799805,,1.189021624034631
2005-12-05,35.645423889160156,,1.1713882267697517
2005-12-06,35.764793395996094,,1.1791060291690334
2005-12-07,35.69657897949219,,1.1744796603713565
2005-12-08,35.44073486328125,,1.1575161940490621
2005-12-09,35.57717514038086,,1.16630245825604
2005-12-12,35.705081939697266,,1.1745614820583972
2005-12-13,35.850074768066406,,1.1839728673142245
2005-12-14,35.73069381713867,,1.1759585281046772
2005-12-15,35.790367126464844,,1.179758237473325
2005-12-16,35.5433349609375,,1.1633437827466286
2005-12-19,34.97913360595703,,1.1262840131744067
2005-12-20,35.004798889160156,,1.1278140148840934
2005-12-21,35.15863800048828,,1.1376041056960613
2005-12-22,35.38945770263672,,1.1524170456614362
2005-12-23,35.38945770263672,,1.1522914190324876
2005-12-27,35.08173751831055,,1.1321268820298975
2005-12-28,35.03896713256836,,1.1292429709524099
2005-12-29,34.80817794799805,,1.1142440288481874
2005-12-30,34.54318618774414,,1.097157269496491
2006-01-03,35.31255340576172,,1.1459107980639487
2006-01-04,35.68009567260742,,1.1696397576662725
2006-01-05,35.833961486816406,,1.179600094993099
2006-01-06,36.48362350463867,,1.2222432973417356
2006-01-09,36.62894058227539,,1.2318466369159682
2006-01-10,36.65458679199219,,1.233437337135505
2006-01-11,36.93668746948242,,1.252288415454368
2006-01-12,36.757179260253906,,1.2399799357653134
2006-01-13,36.74006271362305,,1.238689932271805
2006-01-17,36.50071334838867,,1.2224155899195994
2006-01-18,36.081851959228516,,1.1942268430353082
2006-01-19,36.34685516357422,,1.211638659579935
2006-01-20,35.261260986328125,,1.139129043059409
2006-01-23,35.26979446411133,,1.139556219753724
2006-01-24,35.42365264892578,,1.1493742164347587
2006-01-25,35.26979446411133,,1.1392645964950725
2006-01-26,35.51768493652344,,1.1551548342995592
2006-01-27,35.996376037597656,,1.1861662055013702
2006-01-30,36.06476593017578,,1.1905441190710904
2006-01-31,35.902339935302734,,1.1796905558677353
2006-02-01,36.03057861328125,,1.1879893710172733
2006-02-02,35.41510009765625,,1.1472731226273123
2006-02-03,34.97913360595703,,1.1189017642360084
2006-02-06,34.88512420654297,,1.1127655036640383
2006-02-07,34.73126220703125,,1.1028284210462929
2006-02-08,35.13300704956055,,1.1282215620087144
2006-02-09,34.79964828491211,,1.106688362011652
2006-02-10,35.01332473754883,,1.1201582739738303
2006-02-13,34.611576080322266,,1.0943304027088585
2006-02-14,34.96207046508789,,1.1163745982489723
2006-02-15,35.18430709838867,,1.1304453857671248
2006-02-16,35.50914001464844,,1.1511954300082947
2006-02-17,35.22706604003906,,1.1327804330378886
2006-02-21,34.83384323120117,,1.1073675798557572
2006-02-22,35.26979446411133,,1.134964636101286
2006-02-23,35.17576599121094,,1.128789331976675
2006-02-24,35.26979446411133,,1.134701023090149
2006-02-27,35.663002014160156,,1.1598779009687188
2006-02-28,35.13300704956055,,1.125277108760085
2006-03-01,35.611724853515625,,1.1558202009913974
2006-03-02,35.63737487792969,,1.1573592064928195
2006-03-03,35.43220520019531,,1.1439068622767203
2006-03-06,35.12447738647461,,1.1239125585229437
2006-03-07,34.9193115234375,,1.1106602501156162
2006-03-08,34.9364128112793,,1.1116270388633205
2006-03-09,34.63722229003906,,1.0924662238620104
2006-03-10,34.671417236328125,,1.0945041660251513
2006-03-13,34.77397918701172,,1.1008601853430733
2006-03-14,35.36381149291992,,1.1380855111595034
2006-03-15,35.663002014160156,,1.1572186695644
2006-03-16,35.36381149291992,,1.1376758222329106
2006-03-17,35.457054138183594,,1.1435511504097755
2006-03-20,35.5425910949707,,1.1489439190367527
2006-03-21,35.16620635986328,,1.1244847696736056
2006-03-22,35.25177001953125,,1.1298342045623035
2006-03-23,35.149131774902344,,1.1231318410361477
2006-03-24,35.328765869140625,,1.1344892221638612
2006-03-27,35.33731460571289,,1.1349145896856387
2006-03-28,35.19187927246094,,1.1254490926009615
2006-03-29,35.85909652709961,,1.1680021065069905
2006-03-30,35.97031784057617,,1.1751201797815989
2006-03-31,35.867645263671875,,1.168283623932907
2006-04-03,35.91043472290039,,1.170943750597692
2006-04-04,36.10715866088867,,1.1836453929670259
2006-04-05,36.449344635009766,,1.205951074033634
2006-04-06,36.552001953125,,1.2126125843671134
2006-04-07,36.201263427734375,,1.1892088961203102
2006-04-10,36.14995574951172,,1.1857083516910505
2006-04-11,35.85909652709961,,1.1664988950255517
2006-04-12,35.867645263671875,,1.16692791530031
2006-04-13,36.0130729675293,,1.1762634772948803
2006-04-17,35.636695861816406,,1.1515486992688464
2006-04-18,36.321041107177734,,1.1956504368647713
2006-04-19,36.48356246948242,,1.2062201616127823
2006-04-20,36.35524368286133,,1.1976037140267575
2006-04-21,35.92753982543945,,1.1692945729039343
2006-04-24,35.89331817626953,,1.1669395568223466
2006-04-25,35.81635284423828,,1.161807856265127
2006-04-26,35.80778884887695,,1.1611256096007918
2006-04-27,36.14995574951172,,1.1831896666746629
2006-04-28,35.799217224121094,,1.160101310267885
2006-05-01,35.44849395751953,,1.1372439287744973
2006-05-02,35.5425910949707,,1.1431575271168022
2006-05-03,35.49127960205078,,1.1397322434102475
2006-05-04,35.78211975097656,,1.1582875117837446
2006-05-05,36.064414978027344,,1.176437358439128
2006-05-08,36.0986213684082,,1.1785407688504737
2006-05-09,35.961753845214844,,1.169475445887222
2006-05-10,35.64525604248047,,1.1487629564985546
2006-05-11,34.849727630615234,,1.0973617003786555
2006-05-12,34.37922286987305,,1.0676112037010712
2006-05-15,34.35356521606445,,1.0659012780816217
2006-05-16,34.096954345703125,,1.0498611543593837
2006-05-17,33.63502502441406,,1.0213006682640948
2006-05-18,33.40406036376953,,1.0071632199525118
2006-05-19,33.66068649291992,,1.022528456479166
2006-05-22,33.33561706542969,,1.0026673777259356
2006-05-23,33.010581970214844,,0.9830052899267238
2006-05-24,33.23297119140625,,0.9961429615791811
2006-05-25,33.66923522949219,,1.0221879966851766
2006-05-26,33.780433654785156,,1.0288284689411702
2006-05-30,33.0533332824707,,0.9844266784314758
2006-05-31,33.207313537597656,,0.9934913455921567
2006-06-01,33.994300842285156,,1.0404729761689537
2006-06-02,33.90874099731445,,1.0351220450036658
2006-06-05,33.1731071472168,,0.9900962536435699
2006-06-06,33.147438049316406,,0.9884560639410198
2006-06-07,32.89936447143555,,0.9735532108112199
2006-06-08,32.84803009033203,,0.9704089232983782
2006-06-09,32.63418197631836,,0.9576679739737552
2006-06-12,31.992616653442383,,0.9199094044642078
2006-06-13,31.864303588867188,,0.9124301466010172
2006-06-14,32.189361572265625,,0.9309466665770547
2006-06-15,33.0618782043457,,0.9813131889795905
2006-06-16,32.81878662109375,,0.9667757593874128
2006-06-19,32.553436279296875,,0.9510369899631141
2006-06-20,32.59624099731445,,0.9534343650957968
2006-06-21,33.10981750488281,0.9833744764328003,0.9833744764328003
2006-06-22,32.69036865234375,0.960236668586731,0.958351688777723
2006-06-23,32.6561393737793,0.9573788642883301,0.9562402846679101
2006-06-26,32.741729736328125,0.9609171748161316,0.9611485743748659
2006-06-27,32.12543869018555,0.9249847531318665,0.9248607825042998
2006-06-28,32.3651123046875,0.9362818598747253,0.9385599122848103
2006-06-29,33.349510192871094,0.9929022789001465,0.9955509518204104
2006-06-30,33.186859130859375,0.9833744764328003,0.9857314929841754
2006-07-03,33.38373565673828,0.9948073625564575,0.9973194728821733
2006-07-05,32.6561393737793,0.955608606338501,0.953737731417562
2006-07-06,32.62190628051758,0.9500284790992737,0.9516341762989706
2006-07-07,32.26240539550781,0.9292042851448059,0.9305559837727619
2006-07-10,31.97990608215332,0.9138244986534119,0.9141580870644507
2006-07-11,32.2195930480957,0.9287957549095154,0.9277615241769555
2006-07-12,31.611835479736328,0.8920473456382751,0.8926596917417948
2006-07-13,31.081127166748047,0.8636000156402588,0.8625899417613828
2006-07-14,30.76439666748047,0.845906674861908,0.8449155598614544
2006-07-17,30.841426849365234,0.8499895930290222,0.8490545791051999
2006-07-18,30.944164276123047,0.8547533750534058,0.8546186791990353
2006-07-19,31.346477508544922,0.873263955116272,0.8767477612143201
2006-07-20,30.884239196777344,0.8494449257850647,0.8507949642583043
2006-07-21,30.55897331237793,0.8302540183067322,0.8327814541742594
2006-07-24,31.166715621948242,0.8608781099319458,0.8658145934862447
2006-07-25,31.346477508544922,0.8693171143531799,0.8757078175196242
2006-07-26,31.320796966552734,0.8710861802101135,0.8741775114360265
2006-07-27,31.11536407470703,0.8622395396232605,0.8626147675283442
2006-07-28,31.76590919494629,0.8966743350028992,0.8985910049738567
2006-07-31,31.757362365722656,0.8949050903320312,0.8980095045069789
2006-08-01,31.22665023803711,0.864281415939331,0.86789749798688
2006-08-02,31.577594757080078,0.8802056312561035,0.887310831108078
2006-08-03,31.774465560913086,0.8949050903320312,0.8982779990989257
2006-08-04,31.62895965576172,0.8867387771606445,0.8899530457353365
2006-08-07,31.42350959777832,0.8759861588478088,0.8782944170951144
2006-08-08,31.22665023803711,0.8649617433547974,0.8671941429925741
2006-08-09,31.269454956054688,0.8645530939102173,0.8694770653856569
2006-08-10,31.49199676513672,0.8755775094032288,0.8817582576201004
2006-08-11,31.269454956054688,0.8670035600662231,0.8692000440608066
2006-08-14,31.47487449645996,0.8748974204063416,0.880525424728283
2006-08-15,32.27095413208008,0.920493483543396,0.9249708927915335
2006-08-16,33.03281021118164,0.9643194675445557,0.968543680626022
2006-08-17,33.15263748168945,0.970444917678833,0.9754649267652894
2006-08-18,33.20399475097656,0.9690836071968079,0.9783808058916857
2006-08-21,32.88726806640625,0.9513899683952332,0.959608968821237
2006-08-22,32.89582061767578,0.9538393616676331,0.9600034657767119
2006-08-23,32.647579193115234,0.9377791881561279,0.9454098840126391
2006-08-24,32.741729736328125,0.9449928402900696,0.9507596538066521
2006-08-25,32.80166244506836,0.9486679434776306,0.9541366815548752
2006-08-28,33.04991149902344,0.9622785449028015,0.9684748358423662
2006-08-29,33.15263748168945,0.9684033989906311,0.9743897025056215
2006-08-30,33.30669021606445,0.9769781231880188,0.9833390156891486
2006-08-31,33.27247619628906,0.9758894443511963,0.9812115668905242
2006-09-01,33.45222091674805,0.9847360849380493,0.9917060146893781
2006-09-05,33.777503967285156,1.0024296045303345,1.0108842297335643
2006-09-06,33.10127258300781,0.9633673429489136,0.970297882781195
2006-09-07,32.94718551635742,0.9547926187515259,0.9611585982503218
2006-09-08,33.14406204223633,0.9643194675445557,0.9725406634913776
2006-09-11,33.349510192871094,0.9772496819496155,0.9844915068193504
2006-09-12,33.9658203125,1.0152239799499512,1.0207716516462209
2006-09-13,34.19694137573242,1.0269285440444946,1.034552095679616
2006-09-14,34.23118591308594,1.0258396863937378,1.0365113016886942
2006-09-15,34.35365676879883,1.0357764959335327,1.0438150806773536
2006-09-18,34.36223602294922,1.034959077835083,1.0442226437994797
2006-09-19,34.130977630615234,1.022437572479248,1.0300535417545802
2006-09-20,34.627723693847656,1.0527894496917725,1.0599242828962274
2006-09-21,34.41360092163086,1.039178729057312,1.0467005181313567
2006-09-22,34.14809036254883,1.0212126970291138,1.030435241141792
2006-09-25,34.747650146484375,1.0589141845703125,1.0665069283052153
2006-09-26,34.918941497802734,1.0676252841949463,1.076905531156477
2006-09-27,34.876094818115234,1.0621806383132935,1.0741453397510112
2006-09-28,34.97031784057617,1.0684421062469482,1.0798321764339724
2006-09-29,34.816162109375,1.060275912284851,1.0701942561640772
2006-10-02,34.379356384277344,1.0344151258468628,1.043224145983784
2006-10-03,34.524959564208984,1.0417649745941162,1.0519469320352013
2006-10-04,35.37287902832031,1.089538335800171,1.1035030658235492
2006-10-05,35.54417037963867,1.103830099105835,1.1140700853038832
2006-10-06,35.46708679199219,1.0977046489715576,1.109116537456583
2006-10-09,35.58700180053711,1.1031486988067627,1.1164955263947396
2006-10-10,35.646949768066406,1.1092747449874878,1.1201353933990192
2006-10-11,35.57844161987305,1.1051902770996094,1.11570781779616
2006-10-12,36.14372253417969,1.1419401168823242,1.1510395914467721
2006-10-13,36.34071350097656,1.1506508588790894,1.1634609356156025
2006-10-16,36.374961853027344,1.1528286933898926,1.1655270515478415
2006-10-17,35.972415924072266,1.1303702592849731,1.1396032308727488
2006-10-18,35.80112838745117,1.1147184371948242,1.1286262504465836
2006-10-19,35.88676452636719,1.1242456436157227,1.1339025551686184
2006-10-20,35.972415924072266,1.1269680261611938,1.139191546154935
2006-10-23,36.34071350097656,1.1471115350723267,1.1623942063016515
2006-10-24,36.09231948852539,1.1362229585647583,1.14637722831157
2006-10-25,36.34071350097656,1.150106430053711,1.1620314199550197
2006-10-26,36.674747467041016,1.168480396270752,1.1832668995113673
2006-10-27,36.15226364135742,1.1354070901870728,1.1494232773946393
2006-10-30,36.383522033691406,1.148744821548462,1.1640032128358166
2006-10-31,36.469173431396484,1.1555508375167847,1.1693567437979269
2006-11-01,35.972415924072266,1.1242456436157227,1.1373729553885963
2006-11-02,36.00666809082031,1.1253349781036377,1.13941493324784
2006-11-03,35.91246032714844,1.1188015937805176,1.1333283987703815
2006-11-06,36.43491744995117,1.143980860710144,1.1661803433682592
2006-11-07,36.68332290649414,1.1671198606491089,1.1819547515516053
2006-11-08,36.854583740234375,1.1829081773757935,1.1928621219890527
2006-11-09,36.68332290649414,1.166439175605774,1.1816457822770807
2006-11-10,36.854583740234375,1.1793690919876099,1.192550301469735
2006-11-13,37.231449127197266,1.1984236240386963,1.2168097182266628
2006-11-14,37.62544631958008,1.229048490524292,1.2424305478925481
2006-11-15,37.77960968017578,1.2368067502975464,1.252476371036662
2006-11-16,37.94230270385742,1.2494646310806274,1.263127093183788
2006-11-17,37.94230270385742,1.2467418909072876,1.2629893978943547
2006-11-20,38.0193977355957,1.2515060901641846,1.2679842583825498
2006-11-21,38.070804595947266,1.254908561706543,1.2712749721790582
2006-11-22,38.31062316894531,1.2706971168518066,1.2871526170160117
2006-11-24,38.24210739135742,1.2626665830612183,1.2824083440216492
2006-11-27,37.37703323364258,1.2057744264602661,1.224249865683052
2006-11-28,37.488407135009766,1.2093123197555542,1.2314123049993282
2006-11-29,37.745330810546875,1.229048490524292,1.2481568302970327
2006-11-30,37.71965789794922,1.2252380847930908,1.2463228710374183
2006-12-01,37.39418411254883,1.2089049816131592,1.2246785716666568
2006-12-04,37.90808868408203,1.2392561435699463,1.258206340525034
2006-12-05,38.04510498046875,1.2452447414398193,1.2671645899877442
2006-12-06,37.90808868408203,1.236126184463501,1.2578992778035551
2006-12-07,37.428443908691406,1.2059104442596436,1.225930169443258
2006-12-08,37.59973907470703,1.2181599140167236,1.2370177228720862
2006-12-11,37.73676300048828,1.2276873588562012,1.245898948318903
2006-12-12,37.51408004760742,1.2116271257400513,1.231059143007041
2006-12-13,37.58259963989258,1.2147563695907593,1.2354220107491998
2006-12-14,38.00227355957031,1.2406176328659058,1.2628785295698843
2006-12-15,38.100067138671875,1.2487841844558716,1.2692405467802093
2006-12-18,37.72272491455078,1.2202012538909912,1.2439611243249094
2006-12-19,37.60267639160156,1.2154383659362793,1.2359079728380258
2006-12-20,37.46546936035156,1.2070475816726685,1.226753925901419
2006-12-21,37.19963073730469,1.190383791923523,1.2092111745404124
2006-12-22,36.813743591308594,1.167923092842102,1.1839920620275308
2006-12-26,36.96809005737305,1.1737197637557983,1.1937910785158132
2006-12-27,37.156761169433594,1.1851671934127808,1.2058462555192775
2006-12-28,36.9766845703125,1.1751689910888672,1.1940267732507508
2006-12-29,37.0109748840332,1.1742995977401733,1.1961111711919146
2007-01-03,37.07957077026367,1.1780669689178467,1.2004145098358163
2007-01-04,37.782745361328125,1.2203792333602905,1.24581281777925
2007-01-05,37.60267639160156,1.2027002573013306,1.23380215921891
2007-01-08,37.62841033935547,1.210235595703125,1.2353564021950503
2007-01-09,37.817039489746094,1.2250157594680786,1.2476072815567476
2007-01-10,38.26297378540039,1.2570393085479736,1.2768945688673088
2007-01-11,38.65742111206055,1.2780499458312988,1.303082006547016
2007-01-12,38.854679107666016,1.291092038154602,1.3162384809313237
2007-01-16,38.828941345214844,1.291092038154602,1.3143512144943448
2007-01-17,38.51166534423828,1.2676172256469727,1.2927284880167627
2007-01-18,37.79990768432617,1.2157423496246338,1.2448041529251717
2007-01-19,37.877079010009766,1.2193642854690552,1.2497511757496116
2007-01-22,37.46546936035156,1.1954554319381714,1.222452884012815
2007-01-23,37.371150970458984,1.189804196357727,1.2161646330448261
2007-01-24,37.98856735229492,1.2258849143981934,1.256217063439181
2007-01-25,37.499778747558594,1.1925578117370605,1.2237533121485262
2007-01-26,37.362571716308594,1.1842973232269287,1.2146647864051685
2007-01-29,37.39686584472656,1.19125235080719,1.2167621922055853
2007-01-30,37.41401672363281,1.1944410800933838,1.217745609507226
2007-01-31,37.79133224487305,1.2092207670211792,1.2421744753669048
2007-02-01,37.73131561279297,1.2106704711914062,1.2380936552958641
2007-02-02,37.86850357055664,1.2211031913757324,1.2469619021744238
2007-02-05,37.83422088623047,1.2169015407562256,1.2445681982513546
2007-02-06,37.782745361328125,1.2113946676254272,1.2410459200115136
2007-02-07,38.125755310058594,1.2402304410934448,1.2634442562757222
2007-02-08,38.117191314697266,1.2406655550003052,1.2627389242404916
2007-02-09,37.62841033935547,1.2019761800765991,1.2302167884798265
2007-02-12,37.482627868652344,1.1924123764038086,1.2205503066443717
2007-02-13,37.61125564575195,1.2054537534713745,1.228794289312454
2007-02-14,38.24582290649414,1.2415344715118408,1.2701241279310207
2007-02-15,38.468788146972656,1.25472092628479,1.2847947920372853
2007-02-16,38.340152740478516,1.2505191564559937,1.2760623091055563
2007-02-20,38.6317138671875,1.2650094032287598,1.2953310640537337
2007-02-21,38.75177764892578,1.273268699645996,1.3032413956482944
2007-02-22,38.948997497558594,1.2867445945739746,1.3163645290076775
2007-02-23,38.811798095703125,1.2751522064208984,1.3069471367990444
2007-02-26,38.62314987182617,1.2635598182678223,1.2940995971880873
2007-02-27,37.036712646484375,1.1418406963348389,1.187648823661277
2007-02-28,37.156761169433594,1.1663293838500977,1.1952185001005562
2007-03-01,36.98526382446289,1.1541575193405151,1.1840551254619487
2007-03-02,36.42784881591797,1.11372971534729,1.1482356138048817
2007-03-05,36.14487075805664,1.0983699560165405,1.13027104295157
2007-03-06,36.745140075683594,1.1385082006454468,1.167689368941081
2007-03-07,36.599365234375,1.1280747652053833,1.1582971933306505
2007-03-08,36.848052978515625,1.1490864753723145,1.1739118717071193
2007-03-09,36.813743591308594,1.1450295448303223,1.1715978326907588
2007-03-12,37.05384826660156,1.155606746673584,1.1867527834964886
2007-03-13,36.33353042602539,1.1118454933166504,1.1404830402183446
2007-03-14,36.86521530151367,1.14271080493927,1.1737371160323185
2007-03-15,36.77944564819336,1.139522671699524,1.1681475926373466
2007-03-16,36.75114440917969,1.1353205442428589,1.1662225066359728
2007-03-19,37.1286735534668,1.158214807510376,1.1900556076974542
2007-03-20,37.39469528198242,1.1737197637557983,1.206979040429011
2007-03-21,38.11545181274414,1.2171903848648071,1.253374815283534
2007-03-22,37.978179931640625,1.2099456787109375,1.2442101847231932
2007-03-23,37.85805130004883,1.1993672847747803,1.2362034389081522
2007-03-26,38.01250457763672,1.2086410522460938,1.246155604177935
2007-03-27,37.74648666381836,1.195772409439087,1.2285781450743014
2007-03-28,37.34318923950195,1.1709903478622437,1.20219104941481
2007-03-29,37.38610076904297,1.1695417165756226,1.2048229026324162
2007-03-30,37.35177993774414,1.1735996007919312,1.2024794831291128
2007-04-02,37.40327072143555,1.1692513227462769,1.205663722304364
2007-04-03,37.892356872558594,1.2030185461044312,1.237062872228136
2007-04-04,38.04682159423828,1.2101209163665771,1.2470135651928411
2007-04-05,38.23558807373047,1.223163366317749,1.2592515568309115
2007-04-09,38.14120864868164,1.2172216176986694,1.2528976965983025
2007-04-10,38.33856201171875,1.2266417741775513,1.2657268080127098
2007-04-11,37.93527603149414,1.2015697956085205,1.2389602939972175
2007-04-12,38.23558807373047,1.222438931465149,1.2584415235978408
2007-04-13,38.31281661987305,1.2267860174179077,1.26338795956772
2007-04-16,38.66463851928711,1.2482351064682007,1.286453309425463
2007-04-17,38.75043487548828,1.253307580947876,1.292022319379273
2007-04-18,38.62172317504883,1.2485251426696777,1.2832984278080808
2007-04-19,38.74186325073242,1.249539852142334,1.2911424119881658
2007-04-20,38.95637893676758,1.26837956905365,1.3052999063675592
2007-04-23,39.01643753051758,1.268959403038025,1.3091823449556725
2007-04-24,39.21379470825195,1.279104471206665,1.3222841254935047
2007-04-25,39.73720932006836,1.3159151077270508,1.3574389284990893
2007-04-26,39.94314956665039,1.3296831846237183,1.3713609541593963
2007-04-27,39.96031188964844,1.3311320543289185,1.3723899220259417
2007-04-30,39.43688201904297,1.296350121498108,1.336287149042803
2007-05-01,39.402557373046875,1.3043209314346313,1.3338153522161296
2007-05-02,39.831600189208984,1.3209877014160156,1.3627169943925892
2007-05-03,39.97749710083008,1.3311320543289185,1.3725512804101674
2007-05-04,40.01181411743164,1.3343204259872437,1.3747580755439626
2007-05-07,40.01181411743164,1.33127760887146,1.374608211201622
2007-05-08,40.09760284423828,1.330552101135254,1.3803529166373907
2007-05-09,40.18341827392578,1.340407133102417,1.386110804502842
2007-05-10,39.634246826171875,1.3067845106124878,1.3480728074432615
2007-05-11,40.140506744384766,1.3375085592269897,1.3823645148169692
2007-05-14,39.86591720581055,1.3182337284088135,1.3633011136470112
2007-05-15,39.557010650634766,1.2992483377456665,1.342025045011168
2007-05-16,39.94314956665039,1.3234511613845825,1.3680793180774267
2007-05-17,39.754356384277344,1.3092490434646606,1.3549975988123784
2007-05-18,40.080421447753906,1.3306978940963745,1.3770772577745871
2007-05-21,40.33787536621094,1.3492481708526611,1.394618268763032
2007-05-22,40.372188568115234,1.3508414030075073,1.3968388888496563
2007-05-23,40.18341827392578,1.3389582633972168,1.3836240762596381
2007-05-24,39.60850524902344,1.3011330366134644,1.3438816159797378
2007-05-25,39.857337951660156,1.315045714378357,1.3606204653770977
2007-05-29,40.166263580322266,1.3318573236465454,1.381563893639302
2007-05-30,40.4923210144043,1.3554795980453491,1.4038435130533495
2007-05-31,40.681095123291016,1.3725805282592773,1.4167798392857143
2007-06-01,40.706825256347656,1.371421217918396,1.4184175746438312
2007-06-04,40.82695388793945,1.3753342628479004,1.4266346458942825
2007-06-05,40.82695388793945,1.3772181272506714,1.4264791264128767
2007-06-06,40.38933563232422,1.3457698822021484,1.3957431740827249
2007-06-07,39.76295471191406,1.3008431196212769,1.3522990550572187
2007-06-08,40.252071380615234,1.335769772529602,1.3854203944928851
2007-06-11,40.174827575683594,1.3304072618484497,1.3799521188581658
2007-06-12,39.93456268310547,1.312436819076538,1.3632961266091381
2007-06-13,40.372188568115234,1.338378667831421,1.3930270764106496
2007-06-14,40.638187408447266,1.3620014190673828,1.4112315990266031
2007-06-15,41.01345443725586,1.3876529932022095,1.4371413566088715
2007-06-18,41.02206039428711,1.3862030506134033,1.4375878097981611
2007-06-19,41.01345443725586,1.3844640254974365,1.436827917480193
2007-06-20,40.62702178955078,1.3596827983856201,1.4095954296821258
2007-06-21,40.99628829956055,1.3851892948150635,1.4350659144529616
2007-06-22,40.60984420776367,1.3580882549285889,1.407854697642749
2007-06-25,40.43811798095703,1.3514213562011719,1.3957944781552936
2007-06-26,40.20623779296875,1.3362042903900146,1.3796347959151873
2007-06-27,40.824554443359375,1.3666391372680664,1.4219181720555856
2007-06-28,40.807350158691406,1.3701173067092896,1.4205647171465035
2007-06-29,40.87605667114258,1.378666877746582,1.4251934116847418
2007-07-02,41.24531936645508,1.3962041139602661,1.4507876349348034
2007-07-03,41.48576354980469,1.4122897386550903,1.4675445387287187
2007-07-05,41.78632354736328,1.428376317024231,1.4886489715459275
2007-07-06,41.95808029174805,1.445622205734253,1.5007244518639984
2007-07-09,41.98382568359375,1.4469268321990967,1.5024025386265012
2007-07-10,41.63175582885742,1.4233038425445557,1.4770409299424379
2007-07-11,41.91515350341797,1.447361707687378,1.4969890825780505
2007-07-12,42.55918502807617,1.4847517013549805,1.5428287389626718
2007-07-13,42.851165771484375,1.5066355466842651,1.5638299565868314
2007-07-16,42.8082275390625,1.5050413608551025,1.5605254664354085
2007-07-17,43.13454055786133,1.5201135873794556,1.5841460946061083
2007-07-18,43.0830192565918,1.5217078924179077,1.5801890931111386
2007-07-19,43.21183395385742,1.528375267982483,1.5894661062489008
2007-07-20,42.979984283447266,1.515476107597351,1.5722365274312051
2007-07-23,42.99715805053711,1.5130125284194946,1.5733215914184515
2007-07-24,42.361671447753906,1.4718537330627441,1.5266435289252722
2007-07-25,42.42178726196289,1.4738832712173462,1.53081005339502
2007-07-26,42.06112289428711,1.4412745237350464,1.5046136924934808
2007-07-27,41.210968017578125,1.383884310722351,1.4436260623717567
2007-07-30,41.69187927246094,1.4228696823120117,1.4771614697453497
2007-07-31,40.815948486328125,1.3622907400131226,1.414931222548041
2007-08-01,41.133663177490234,1.378812551498413,1.4368048602806338
2007-08-02,41.511512756347656,1.406058669090271,1.4630449140402415
2007-08-03,40.721473693847656,1.35026216506958,1.407196651127626
2007-08-06,41.19380187988281,1.3767834901809692,1.439687385575004
2007-08-07,41.48576354980469,1.3937393426895142,1.4599380537622362
2007-08-08,41.94091033935547,1.4346085786819458,1.49181332051799
2007-08-09,40.97052001953125,1.3630156517028809,1.4226182788512924
2007-08-10,40.601253509521484,1.3373641967773438,1.3968191347540637
2007-08-13,40.87605667114258,1.3547546863555908,1.4155751642025096
2007-08-14,40.18048858642578,1.3115675449371338,1.3672445346135405
2007-08-15,39.416202545166016,1.2630178928375244,1.3150818902178223
2007-08-16,39.02976989746094,1.2340328693389893,1.2891526592613147
2007-08-17,39.7682991027832,1.277945637702942,1.3377993419538041
2007-08-20,39.95720672607422,1.286205768585205,1.3503631521495656
2007-08-21,40.377986907958984,1.3224364519119263,1.378656676569419
2007-08-22,40.92757034301758,1.3533060550689697,1.416036087455213
2007-08-23,40.815948486328125,1.3477981090545654,1.4081578063842086
2007-08-24,41.39127731323242,1.3876529932022095,1.4477022039381444
2007-08-27,41.11650466918945,1.3604072332382202,1.428323480057833
2007-08-28,40.13755798339844,1.3021469116210938,1.3601536031737222
2007-08-29,41.28825759887695,1.3737400770187378,1.437993544758242
2007-08-30,41.5029411315918,1.3948988914489746,1.4527908467119524
2007-08-31,41.96665954589844,1.419245719909668,1.48509696393419
2007-09-04,42.662235260009766,1.4688103199005127,1.5341645022015835
2007-09-05,42.23287582397461,1.4385215044021606,1.5031171157357648
2007-09-06,42.19851303100586,1.4347530603408813,1.5005072353437452
2007-09-07,41.41707229614258,1.3873624801635742,1.444770260317271
2007-09-10,41.39127731323242,1.3851892948150635,1.442813127990783
2007-09-11,42.01820373535156,1.4202607870101929,1.4863625256409778
2007-09-12,42.026763916015625,1.42649245262146,1.4868061151132355
2007-09-13,42.23287582397461,1.432724952697754,1.5012275262302044
2007-09-14,42.2672233581543,1.4325789213180542,1.5035057389987492
2007-09-17,41.91515350341797,1.4085222482681274,1.478294580604782
2007-09-18,42.97139358520508,1.4819988012313843,1.5526379396978867
2007-09-19,43.0830192565918,1.4908392429351807,1.5605351787978932
2007-09-20,42.962806701660156,1.4812736511230469,1.5516564844391962
2007-09-21,43.26866912841797,1.4992440938949585,1.5735805583684086
2007-09-24,43.466285705566406,1.515476107597351,1.5877827279187549
2007-09-25,43.87869644165039,1.5418524742126465,1.6177395977153706
2007-09-26,44.09347915649414,1.555620789527893,1.6334006578800437
2007-09-27,44.31687927246094,1.5760548114776611,1.6497738847335903
2007-09-28,44.17081069946289,1.5666351318359375,1.6387187207339426
2007-10-01,44.67772674560547,1.593445897102356,1.6761528309665512
2007-10-02,44.68633270263672,1.5970686674118042,1.6766158422701494
2007-10-03,44.37702560424805,1.5724318027496338,1.653222879964161
2007-10-04,44.48013687133789,1.5796778202056885,1.6607252794921383
2007-10-05,45.38227081298828,1.6527197360992432,1.7279089911071028
2007-10-08,45.66579818725586,1.6651833057403564,1.7493109768064006
2007-10-09,45.86342239379883,1.684023380279541,1.7642609871061223
2007-10-10,45.97510528564453,1.6934432983398438,1.7726610334399333
2007-10-11,45.24480438232422,1.6441689729690552,1.7161514042488877
2007-10-12,45.99228286743164,1.6917041540145874,1.7726685698182787
2007-10-15,45.64003372192383,1.6634448766708374,1.7453220346942684
2007-10-16,45.42522048950195,1.655762791633606,1.728702414834733
2007-10-17,46.00946044921875,1.6911247968673706,1.772981644087206
2007-10-18,46.20709228515625,1.7025742530822754,1.7880199152927934
2007-10-19,45.05577087402344,1.621126651763916,1.6987224188015124
2007-10-22,45.59708023071289,1.6553287506103516,1.7393548441075801
2007-10-23,46.550777435302734,1.712719202041626,1.811925062338669
2007-10-24,46.19850540161133,1.7021386623382568,1.784304131845951
2007-10-25,45.57987594604492,1.6828638315200806,1.7363235268846184
2007-10-26,46.33595657348633,1.7040234804153442,1.7937386424521307
2007-10-29,46.52497482299805,1.7206889390945435,1.808177499123439
2007-10-30,46.6195068359375,1.7209792137145996,1.8153282968897715
2007-10-31,47.28108215332031,1.7748914957046509,1.8666528892142096
2007-11-01,46.3961296081543,1.721704125404358,1.7965737082506688
2007-11-02,46.7569580078125,1.7399648427963257,1.8243222100543859
2007-11-05,46.45625686645508,1.718805193901062,1.8006583483089436
2007-11-06,46.980350494384766,1.747065782546997,1.8410901060999414
2007-11-07,45.83763122558594,1.6653287410736084,1.751326466935514
2007-11-08,44.44575500488281,1.5463454723358154,1.6447762314518783
2007-11-09,42.95935821533203,1.4583760499954224,1.5345846210964345
2007-11-12,41.86820602416992,1.3818559646606445,1.4564615429937144
2007-11-13,43.59517288208008,1.4937375783920288,1.5764541257001556
2007-11-14,43.03668212890625,1.4734477996826172,1.5358908733100565
2007-11-15,42.804725646972656,1.445622205734253,1.5191673419266103
2007-11-16,43.199913024902344,1.47402822971344,1.5470526455641016
2007-11-19,42.701602935791016,1.4364924430847168,1.5111935596185164
2007-11-20,42.873451232910156,1.4472169876098633,1.5231921145839638
2007-11-21,42.36652755737305,1.4028700590133667,1.487006475613708
2007-11-23,42.8218994140625,1.4370721578598022,1.518810218646111
2007-11-26,42.08299255371094,1.3985223770141602,1.4662294472819664
2007-11-27,42.92499923706055,1.4417097568511963,1.5247429576347178
2007-11-28,44.2309455871582,1.5282293558120728,1.6173540308557273
2007-11-29,44.419979095458984,1.5398235321044922,1.6310021643949635
2007-11-30,44.08489990234375,1.528375267982483,1.6062176512364381
2007-12-03,43.71543884277344,1.5004035234451294,1.5791201905067414
2007-12-04,43.53501510620117,1.4860568046569824,1.5659132591482692
2007-12-05,44.31687927246094,1.5386638641357422,1.6219883837404832
2007-12-06,44.95267105102539,1.5730117559432983,1.6683512570137695
2007-12-07,44.961265563964844,1.583591103553772,1.6688073326858295
2007-12-10,45.1417121887207,1.5928661823272705,1.682020528131738
2007-12-11,44.09347915649414,1.5241713523864746,1.6037209700157893
2007-12-12,44.48871612548828,1.5446064472198486,1.6322964206282031
2007-12-13,44.24814224243164,1.5218524932861328,1.614465111441849
2007-12-14,43.79277420043945,1.498519778251648,1.5810594357050847
2007-12-17,42.727378845214844,1.4298263788223267,1.5039587116714148
2007-12-18,42.86483383178711,1.43243408203125,1.513471304353306
2007-12-19,42.856285095214844,1.445622205734253,1.5127026412010356
2007-12-20,43.732627868652344,1.505456566810608,1.574402458818058
2007-12-21,44.59529113769531,1.5576844215393066,1.636343685275981
2007-12-24,44.930728912353516,1.5760096311569214,1.6607818720352545
2007-12-26,45.15435028076172,1.592044472694397,1.6771323341663193
2007-12-27,44.61248779296875,1.5477581024169922,1.6366975675815154
2007-12-28,44.569496154785156,1.5434819459915161,1.6333646818688101
2007-12-31,44.05344009399414,1.5152301788330078,1.5953622031890327
2008-01-02,43.35677719116211,1.466818928718567,1.5447300442558678
2008-01-03,43.53738784790039,1.4752185344696045,1.5574313671745703
2008-01-04,41.627994537353516,1.3475496768951416,1.4206549080128237
2008-01-07,41.430179595947266,1.3301407098770142,1.4069982241009573
2008-01-08,40.355079650878906,1.2689011096954346,1.3338225349949442
2008-01-09,41.215187072753906,1.3095241785049438,1.3905339487289
2008-01-10,41.27538299560547,1.310287356376648,1.3944441913676875
2008-01-11,40.466896057128906,1.2740942239761353,1.3396644667039523
2008-01-14,41.17217254638672,1.3073854446411133,1.3862150587393487
2008-01-15,40.0368537902832,1.2476747035980225,1.3096144477070297
2008-01-16,39.606815338134766,1.211023211479187,1.281338376740339
2008-01-17,39.05635070800781,1.1777313947677612,1.2455820252132759
2008-01-18,39.00474548339844,1.1713180541992188,1.242154663112926
2008-01-22,37.998451232910156,1.1076353788375854,1.1779258684858
2008-01-23,37.852237701416016,1.1174089908599854,1.1687324231622644
2008-01-24,38.62632369995117,1.1499378681182861,1.2164066518894328
2008-01-25,37.835044860839844,1.0995417833328247,1.1664366977633378
2008-01-28,38.12747573852539,1.1163407564163208,1.1843405565943823
2008-01-29,38.19628143310547,1.121532678604126,1.1884860247969578
2008-01-30,38.1618766784668,1.1201584339141846,1.1862154426326337
2008-01-31,38.8155403137207,1.146119475364685,1.2267228070344127
2008-02-01,39.2111701965332,1.1835347414016724,1.2515959819211055
2008-02-04,38.66072463989258,1.1421489715576172,1.2163197891660253
2008-02-05,37.55979919433594,1.087782859802246,1.1469139265298038
2008-02-06,36.82015609741211,1.0415104627609253,1.1016178932105218
2008-02-07,37.07815933227539,1.0628905296325684,1.116936140776531
2008-02-08,37.49961471557617,1.0766348838806152,1.142206081981155
2008-02-11,37.90384292602539,1.1007634401321411,1.166706457225362
2008-02-12,37.68881607055664,1.0926698446273804,1.1533419227197714
2008-02-13,38.51451110839844,1.131611943244934,1.2037515424518512
2008-02-14,37.81786346435547,1.0958768129348755,1.1600735810571312
2008-02-15,37.68881607055664,1.0919066667556763,1.1520299896955257
2008-02-19,37.620018005371094,1.0815216302871704,1.1476985191331186
2008-02-20,37.79205322265625,1.0914483070373535,1.1580701888879996
2008-02-21,37.430809020996094,1.0748025178909302,1.1358045751459231
2008-02-22,37.56840896606445,1.0842704772949219,1.1440314551222515
2008-02-25,37.75764083862305,1.0886988639831543,1.155431703109346
2008-02-26,37.90384292602539,1.098778247833252,1.1642536864955833
2008-02-27,38.09305953979492,1.1058025360107422,1.175750717038411
2008-02-28,37.94683837890625,1.0819793939590454,1.1665962497600744
2008-02-29,36.940555572509766,1.049757480621338,1.1045969532594544
2008-03-03,36.69972610473633,1.0270020961761475,1.0900739680716485
2008-03-04,36.90614318847656,1.0354018211364746,1.1022173483861657
2008-03-05,37.086761474609375,1.0552549362182617,1.1128856748879759
2008-03-06,36.26969528198242,1.0014996528625488,1.0637279238703268
2008-03-07,36.183692932128906,0.9961546063423157,1.0585673626867165
2008-03-10,35.48701095581055,0.9564487934112549,1.0176885873038144
2008-03-11,36.837364196777344,1.0431902408599854,1.0950279059025148
2008-03-12,36.73413848876953,1.0228796005249023,1.0887715582117614
2008-03-13,37.01797866821289,1.0393730401992798,1.1054784780625755
2008-03-14,36.3385009765625,0.9975287318229675,1.0647750952232375
2008-03-17,35.676231384277344,0.9718726873397827,1.0258479462039105
2008-03-18,37.26737976074219,1.0560184717178345,1.1172410900153593
2008-03-19,36.34709930419922,1.003332257270813,1.0619410081608696
2008-03-20,37.08993148803711,1.0317367315292358,1.1052314019356833
2008-03-24,38.37245178222656,1.1163407564163208,1.1815457705834145
2008-03-25,38.5876579284668,1.1247397661209106,1.1946700134226367
2008-03-26,38.47575378417969,1.1025961637496948,1.1876106986040702
2008-03-27,37.623600006103516,1.0799940824508667,1.134875277469677
2008-03-28,37.434226989746094,1.0636540651321411,1.1233270978939638
2008-03-31,37.632198333740234,1.0682355165481567,1.1350860991967195
2008-04-01,39.2418098449707,1.1580314636230469,1.2320625968718735
2008-04-02,39.155731201171875,1.1659728288650513,1.226523120477442
2008-04-03,39.2418098449707,1.1679575443267822,1.2317821098705573
2008-04-04,39.474212646484375,1.173761248588562,1.2462378626506574
2008-04-07,39.38814926147461,1.1671946048736572,1.2406678051462894
2008-04-08,39.08687973022461,1.1568098068237305,1.2215534786760565
2008-04-09,38.64792251586914,1.131611943244934,1.1939835020158018
2008-04-10,39.19876480102539,1.15848970413208,1.2278886328912226
2008-04-11,38.114219665527344,1.0963349342346191,1.1598087276098639
2008-04-14,37.94206619262695,1.080452799797058,1.1492050978678103
2008-04-15,37.993717193603516,1.0819793939590454,1.152208675422407
2008-04-16,39.05244445800781,1.162001609802246,1.2162976221791284
2008-04-17,38.96638488769531,1.164445161819458,1.2108043404803013
2008-04-18,40.205848693847656,1.2108702659606934,1.287700185176081
2008-04-21,40.489925384521484,1.2270580530166626,1.3057564476515553
2008-04-22,39.88739776611328,1.2033876180648804,1.266752372873791
2008-04-23,40.32638168334961,1.2162153720855713,1.294496969649879
2008-04-24,40.68788146972656,1.2327085733413696,1.3175645016534443
2008-04-25,40.584598541259766,1.2339301109313965,1.3107318081337807
2008-04-28,40.662071228027344,1.238206148147583,1.3155930835090375
2008-04-29,40.971946716308594,1.2534775733947754,1.3355012813897815
2008-04-30,40.63624572753906,1.2346935272216797,1.3134710101782656
2008-05-01,41.918758392333984,1.3119676113128662,1.3962362340986314
2008-05-02,41.97901153564453,1.326322078704834,1.400097869694807
2008-05-05,41.85851287841797,1.309217929840088,1.3919074209274243
2008-05-06,42.11675262451172,1.3379284143447876,1.4089300105275326
2008-05-07,41.350677490234375,1.2858530282974243,1.357521460509876
2008-05-08,41.660526275634766,1.287532925605774,1.377717827472086
2008-05-09,41.49699783325195,1.2867697477340698,1.3667518361467894
2008-05-12,42.25446319580078,1.3348740339279175,1.4164988481009873
2008-05-13,42.366355895996094,1.3426624536514282,1.4238464046405592
2008-05-14,42.271671295166016,1.3315150737762451,1.4173268782963835
2008-05-15,43.011940002441406,1.3835899829864502,1.4668133128412024
2008-05-16,43.04635238647461,1.3835899829864502,1.4690005078849542
2008-05-19,42.73647689819336,1.370151162147522,1.447690738332722
2008-05-20,42.40940475463867,1.3452584743499756,1.4253738992925724
2008-05-21,41.47118377685547,1.2899763584136963,1.3621515772020274
2008-05-22,41.61750030517578,1.287380576133728,1.371614835399506
2008-05-23,41.48838424682617,1.2831043004989624,1.3629545910620888
2008-05-27,42.220027923583984,1.3264751434326172,1.410877160400607
2008-05-28,42.392173767089844,1.341899037361145,1.4222286394906969
2008-05-29,42.77090835571289,1.3663334846496582,1.447486176780221
2008-05-30,43.04635238647461,1.3820631504058838,1.4659719642998905
2008-06-02,42.52128982543945,1.3510621786117554,1.4300494519208815
2008-06-03,42.288883209228516,1.334568977355957,1.4142612519711235
2008-06-04,42.831180572509766,1.357323169708252,1.450379032242624
2008-06-05,43.511165618896484,1.408635139465332,1.4962731713519382
2008-06-06,42.202816009521484,1.3153268098831177,1.4061263337049403
2008-06-09,41.97901153564453,1.3127304315567017,1.3910594780184926
2008-06-10,41.78105545043945,1.2956266403198242,1.3777884858717873
2008-06-11,40.773963928222656,1.2362209558486938,1.311217800430382
2008-06-12,40.81699752807617,1.2385122776031494,1.3138426300100468
2008-06-13,41.63471603393555,1.2849371433258057,1.366341858920103
2008-06-16,42.00484085083008,1.3034154176712036,1.390485957774645
2008-06-17,41.78105545043945,1.2970010042190552,1.375518445773529
2008-06-18,41.33345413208008,1.2682907581329346,1.3458965829517773
2008-06-19,41.97901153564453,1.3041789531707764,1.3877910405337264
2008-06-20,40.845458984375,1.240038275718689,1.3126911553236713
2008-06-23,40.52676773071289,1.212397575378418,1.2920638611716369
2008-06-24,40.32004165649414,1.2048053741455078,1.278741437653595
2008-06-25,40.97467803955078,1.2307769060134888,1.3201253440293292
2008-06-26,39.320865631103516,1.143694519996643,1.2134161232806204
2008-06-27,39.320865631103516,1.1469025611877441,1.2132838470550533
2008-06-30,38.90742874145508,1.1206245422363281,1.1876375843777551
2008-07-01,39.458702087402344,1.1499581336975098,1.2211630251513472
2008-07-02,38.511207580566406,1.0935828685760498,1.1623840191284989
2008-07-03,38.442291259765625,1.0877771377563477,1.1580971025025113
2008-07-07,38.67485809326172,1.1042770147323608,1.1719832876372043
2008-07-08,39.59651184082031,1.143388271331787,1.2277141836550367
2008-07-09,38.545650482177734,1.0998468399047852,1.1624151443146697
2008-07-10,39.00218200683594,1.1187914609909058,1.1898235271469222
2008-07-11,38.381988525390625,1.0842629671096802,1.1518538478062934
2008-07-14,38.097740173339844,1.0685276985168457,1.1346675428545139
2008-07-15,38.10636520385742,1.06394362449646,1.1350576108454058
2008-07-16,39.05384826660156,1.1148184537887573,1.1913784026330125
2008-07-17,39.31226348876953,1.1100832223892212,1.2070149809013107
2008-07-18,38.40782928466797,1.0960274934768677,1.1513452300707054
2008-07-21,38.571502685546875,1.0969434976577759,1.161032541933173
2008-07-22,38.571502685546875,1.0960274934768677,1.1609059761166647
2008-07-23,39.079681396484375,1.12108314037323,1.1913692461880643
2008-07-24,38.49396896362305,1.0827356576919556,1.1555277321496527
2008-07-25,38.993568420410156,1.11176335811615,1.1853961288010897
2008-07-28,38.261417388916016,1.0779993534088135,1.1407524379671428
2008-07-29,39.05384826660156,1.1102354526519775,1.1878802506236716
2008-07-30,39.25194549560547,1.1293326616287231,1.1998015954173402
2008-07-31,39.15718460083008,1.1255133152008057,1.193877751735676
2008-08-01,38.65762710571289,1.0983182191848755,1.163285222320035
2008-08-04,38.27003479003906,1.0763185024261475,1.139831556864871
2008-08-05,39.562049865722656,1.1424720287322998,1.2166698429058758
2008-08-06,40.165000915527344,1.1766940355300903,1.2536228716810343
2008-08-07,39.854923248291016,1.164471983909607,1.2341300343558295
2008-08-08,40.75932312011719,1.2101515531539917,1.2900059978485847
2008-08-11,41.12971878051758,1.2329164743423462,1.313310934689239
2008-08-12,41.172786712646484,1.2378051280975342,1.315918168638363
2008-08-13,41.08666229248047,1.2318463325500488,1.310269495369344
2008-08-14,41.560401916503906,1.2613327503204346,1.3403421393994404
2008-08-15,41.48286819458008,1.2620962858200073,1.335195030169219
2008-08-18,41.00052261352539,1.234749674797058,1.3039992909143356
2008-08-19,40.49232482910156,1.2038884162902832,1.27153123259775
2008-08-20,40.561222076416016,1.1970137357711792,1.275719614099612
2008-08-21,40.37172317504883,1.1828052997589111,1.2636604187801368
2008-08-22,40.9057731628418,1.2161102294921875,1.2969548687930197
2008-08-25,40.04441833496094,1.1708881855010986,1.2421934041062896
2008-08-26,39.99273681640625,1.1661521196365356,1.2388516292861
2008-08-27,40.25114059448242,1.177762746810913,1.2547256843003816
2008-08-28,40.57845687866211,1.1841799020767212,1.2749953898736002
2008-08-29,39.725704193115234,1.14705491065979,1.2212685699004264
2008-09-02,39.2347412109375,1.1181797981262207,1.1909485513037006
2008-09-03,38.86434555053711,1.0977076292037964,1.1683324194822209
2008-09-04,37.60679626464844,1.0269721746444702,1.0925966523512758
2008-09-05,37.42591857910156,1.0234580039978027,1.0819674064636804
2008-09-08,37.35697555541992,1.011846661567688,1.077863232599449
2008-09-09,36.564544677734375,0.9738053679466248,1.0320176144240545
2008-09-10,36.86601257324219,0.982666015625,1.0489227007081041
2008-09-11,37.55508804321289,1.022387981414795,1.0880199145704372
2008-09-12,37.408653259277344,1.0263607501983643,1.0794164943531324
2008-09-15,36.245845794677734,0.9592912793159485,1.0121938406651791
2008-09-16,36.53007125854492,0.9655550718307495,1.0279579406153299
2008-09-17,34.635093688964844,0.8693055510520935,0.9211963637894588
2008-09-18,35.806541442871094,0.932096540927887,0.9834103931060242
2008-09-19,36.977054595947266,0.9676944613456726,1.0475984140575416
2008-09-22,35.23595428466797,0.8945135474205017,0.9488298486170161
2008-09-23,34.96873474121094,0.8769440054893494,0.9343350991700786
2008-09-24,35.21009063720703,0.8951247334480286,0.9471308979219778
2008-09-25,35.77033996582031,0.9042914509773254,0.9771684100527228
2008-09-26,35.408329010009766,0.8983327746391296,0.9572831730707387
2008-09-29,32.59843063354492,0.724929928779602,0.805244597755225
2008-09-30,33.537925720214844,0.8002498745918274,0.8515715263389406
2008-10-01,33.184547424316406,0.7793186902999878,0.8335332268081984
2008-10-02,31.67616081237793,0.7165278792381287,0.7576667100863715
2008-10-03,31.18484878540039,0.6836804747581482,0.7340805877042804
2008-10-06,30.04709243774414,0.619666337966919,0.6804357802918088
2008-10-07,28.142200469970703,0.5576390027999878,0.5940865915408541
2008-10-08,27.91810417175293,0.5434298515319824,0.584560408118638
2008-10-09,27.1682186126709,0.501416802406311,0.5530938780765049
2008-10-10,26.995832443237305,0.5089027881622314,0.5460146675785308
2008-10-13,30.279813766479492,0.6340277791023254,0.6787980187505557
2008-10-14,28.969661712646484,0.5752077102661133,0.6199833292643554
2008-10-15,26.3752384185791,0.4700966775417328,0.5088685935434711
2008-10-16,27.806055068969727,0.5235693454742432,0.5640238186717567
2008-10-17,27.840534210205078,0.5224995613098145,0.5653610978089563
2008-10-20,28.61627197265625,0.5576390027999878,0.5968054682505405
2008-10-21,27.133750915527344,0.501569390296936,0.5349030973144867
2008-10-22,26.38385772705078,0.467652291059494,0.505278643076232
2008-10-23,26.280426025390625,0.4633744955062866,0.5012619100430245
2008-10-24,25.43572998046875,0.43663913011550903,0.4689845050439907
2008-10-27,24.728944778442383,0.41112494468688965,0.44286994060537244
2008-10-28,27.46127700805664,0.49713918566703796,0.540688176886981
2008-10-29,27.3923282623291,0.5024857521057129,0.5379141564509449
2008-10-30,28.305978775024414,0.5286107659339905,0.5737389621136315
2008-10-31,28.349077224731445,0.5313611626625061,0.5754235584281481
2008-11-03,28.288742065429688,0.5338056683540344,0.5729114901434347
2008-11-04,29.09033966064453,0.5642076730728149,0.6053173921501404
2008-11-05,27.573333740234375,0.5026390552520752,0.5421191027252832
2008-11-06,26.340768814086914,0.45512500405311584,0.4935931064693722
2008-11-07,26.883787155151367,0.4749855101108551,0.5138902700814892
2008-11-10,26.521770477294922,0.46704116463661194,0.49999417270620133
2008-11-11,25.94428253173828,0.4485553205013275,0.478165811478571
2008-11-12,24.746179580688477,0.4031805992126465,0.43395043963549035
2008-11-13,26.254566192626953,0.4503886103630066,0.48680544421085015
2008-11-14,24.978906631469727,0.4060835838317871,0.43944647091914135
2008-11-17,24.453126907348633,0.39034727215766907,0.4208987937909978
2008-11-18,24.42726707458496,0.38683316111564636,0.4199626876504789
2008-11-19,23.15159797668457,0.3468059301376343,0.3760533489297971
2008-11-20,22.031085968017578,0.31518062949180603,0.33961121362567875
2008-11-21,22.98783302307129,0.33993005752563477,0.3690708795727258
2008-11-24,24.392793655395508,0.3804168999195099,0.4141440817069021
2008-11-25,24.28073501586914,0.37781891226768494,0.4102938424188153
2008-11-26,25.297826766967773,0.40898552536964417,0.44462257946763617
2008-11-28,25.099584579467773,0.403944194316864,0.43760568959469975
2008-12-01,23.211933135986328,0.3439027965068817,0.37173641717038136
2008-12-02,23.9876766204834,0.3659028112888336,0.39654277752717576
2008-12-03,24.66860580444336,0.3842361271381378,0.4190125721795073
2008-12-04,23.970443725585938,0.36361074447631836,0.3952494064212312
2008-12-05,24.94443130493164,0.3927917182445526,0.42732654385841845
2008-12-08,25.92703628540039,0.42395827174186707,0.4609462472689723
2008-12-09,25.866703033447266,0.4205966591835022,0.4587507180983329
2008-12-10,25.780500411987305,0.4201391041278839,0.45564307045237473
2008-12-11,25.073715209960938,0.3969169855117798,0.43061003873705433
2008-12-12,25.582265853881836,0.4123472273349762,0.44803055363129896
2008-12-15,25.134052276611328,0.39798563718795776,0.4322822924710392
2008-12-16,26.340768814086914,0.4354168474674225,0.47374397008255514
2008-12-17,26.021848678588867,0.425180584192276,0.4622206423435151
2008-12-18,25.565025329589844,0.41143009066581726,0.44594134026917914
2008-12-19,25.774778366088867,0.4160138964653015,0.45321034599363413
2008-12-22,25.21370506286621,0.39981895685195923,0.4334296964681195
2008-12-23,25.0842227935791,0.3947775065898895,0.428930784541542
2008-12-24,25.153284072875977,0.39584723114967346,0.43124587003710535
2008-12-26,25.1446533203125,0.3961523175239563,0.4309029157341555
2008-12-29,24.937484741210938,0.38606947660446167,0.423755463124952
2008-12-30,25.45538902282715,0.4036391079425812,0.4413104641642118
2008-12-31,25.67120361328125,0.4108189344406128,0.44874534834897195
2009-01-02,26.78470802307129,0.4470280408859253,0.487625646681478
2009-01-05,26.776073455810547,0.4470280408859253,0.48725809884763444
2009-01-06,27.043664932250977,0.4561946392059326,0.49694398396740014
2009-01-07,26.275423049926758,0.4306804835796356,0.4686559767702573
2009-01-08,26.551652908325195,0.4399997293949127,0.4784587177713097
2009-01-09,25.95604705810547,0.420444130897522,0.45694101822317473
2009-01-12,25.481294631958008,0.40486133098602295,0.44017572918305486
2009-01-13,25.48993492126465,0.40440282225608826,0.4404262577461451
2009-01-14,24.713062286376953,0.38011088967323303,0.4135319550860174
2009-01-15,25.11875343322754,0.3912634253501892,0.4270640072734756
2009-01-16,25.39498519897461,0.4010411500930786,0.4364103265589681
2009-01-20,24.134721755981445,0.36284729838371277,0.39304774585526975
2009-01-21,25.161907196044922,0.39065229892730713,0.42646150378633046
2009-01-22,24.825265884399414,0.38240286707878113,0.41500375242684057
2009-01-23,24.94611167907715,0.3839300572872162,0.4189988684578249
2009-01-26,25.127384185791016,0.3897361159324646,0.42504255663178764
2009-01-27,25.308658599853516,0.3961523175239563,0.4311289210135765
2009-01-28,26.197738647460938,0.42258358001708984,0.46137259372324485
2009-01-29,25.533090591430664,0.4022634029388428,0.43791185096256613
2009-01-30,25.0842227935791,0.38698557019233704,0.4224672678538175
2009-02-02,25.386343002319336,0.3970695436000824,0.43259780199873693
2009-02-03,25.783411026000977,0.40975022315979004,0.4460831762697736
2009-02-04,25.817934036254883,0.4100553095340729,0.44722912504103807
2009-02-05,26.387636184692383,0.4286946654319763,0.4669176129768634
2009-02-06,27.078182220458984,0.4505411982536316,0.49130453021127
2009-02-09,27.190399169921875,0.4555835723876953,0.49532308442145523
2009-02-10,26.189109802246094,0.4213613271713257,0.4587884370542348
2009-02-11,26.068254470825195,0.41830578446388245,0.45450406622924866
2009-02-12,26.387636184692383,0.4277775287628174,0.4655914596817143
2009-02-13,26.26679229736328,0.42319467663764954,0.4612762924596215
2009-02-17,25.22233772277832,0.39111077785491943,0.4245422647084987
2009-02-18,25.239601135253906,0.3900411128997803,0.42507714009760506
2009-02-19,24.851163864135742,0.3788886070251465,0.4119469338706643
2009-02-20,24.920223236083984,0.37995830178260803,0.41419156128682527
2009-02-23,24.04840087890625,0.3538331389427185,0.38516581348289863
2009-02-24,24.8425350189209,0.375833123922348,0.41056196832636066
2009-02-25,24.678531646728516,0.3715553879737854,0.4050963849761643
2009-02-26,23.987977981567383,0.3513886332511902,0.38238144382361794
2009-02-27,23.7635498046875,0.3440553843975067,0.375184744945111
2009-03-02,22.995315551757812,0.32236137986183167,0.3508857044078047
2009-03-03,22.978050231933594,0.321750283241272,0.35032055054844957
2009-03-04,23.590913772583008,0.3380967974662781,0.36896964714924657
2009-03-05,22.883094787597656,0.3185412585735321,0.34678838198543926
2009-03-06,22.701826095581055,0.313652366399765,0.34125640197341145
2009-03-09,22.21844482421875,0.2994442582130432,0.32668671790117215
2009-03-10,23.590913772583008,0.3359583914279938,0.36701102966722965
2009-03-11,23.95345115661621,0.346041202545166,0.3782512302432168
2009-03-12,24.747581481933594,0.3694169819355011,0.4032903718490856
2009-03-13,24.808002471923828,0.3721664845943451,0.4052156679724081
2009-03-16,24.3936767578125,0.3585694432258606,0.39163624376335554
2009-03-17,25.317293167114258,0.3856108784675598,0.4212505530204237
2009-03-18,25.63665771484375,0.39538851380348206,0.4318323472251236
2009-03-19,25.61940574645996,0.395236074924469,0.43120407683357226
2009-03-20,25.229461669921875,0.38377755880355835,0.4180306556922235
2009-03-23,26.716598510742188,0.428999662399292,0.4672662630159854
2009-03-24,26.223773956298828,0.4138745069503784,0.4499765826456829
2009-03-25,26.34481430053711,0.4166250228881836,0.4540814188551798
2009-03-26,27.157562255859375,0.44275015592575073,0.4820491020219789
2009-03-27,26.64743423461914,0.4250280559062958,0.46388691929586495
2009-03-30,25.990320205688477,0.40348562598228455,0.4409578547902455
2009-03-31,26.21511459350586,0.41265228390693665,0.4485376137232685
2009-04-01,26.604206085205078,0.4241108298301697,0.4618033398793335
2009-04-02,27.460168838500977,0.45130568742752075,0.491469085562624
2009-04-03,27.970293045043945,0.4678057134151459,0.5096754323079471
2009-04-06,27.90113067626953,0.46505528688430786,0.507099314771997
2009-04-07,27.16619110107422,0.4395410716533661,0.4803291783730527
2009-04-08,27.624446868896484,0.4561946392059326,0.49648178409778837
2009-04-09,28.480417251586914,0.4835410416126251,0.5271956048654948
2009-04-13,28.437185287475586,0.4823188781738281,0.5255376171344168
2009-04-14,28.091344833374023,0.4699442386627197,0.5126976159956895
2009-04-15,28.01352310180664,0.46933305263519287,0.5098010635015281
2009-04-16,28.73978614807129,0.4925553500652313,0.5361791280001162
2009-04-17,28.80031967163086,0.4928613603115082,0.5383793459454457
2009-04-20,27.875186920166016,0.4610835909843445,0.5037326816346297
2009-04-21,28.26426124572754,0.4743745028972626,0.5177396982809095
2009-04-22,28.350723266601562,0.4786521792411804,0.5208508505027674
2009-04-23,28.627389907836914,0.4885835647583008,0.5309597422939055
2009-04-24,29.12887191772461,0.5047773718833923,0.5495040995118542
2009-04-27,29.163461685180664,0.5052360892295837,0.5507492405470918
2009-04-28,28.947298049926758,0.49820777773857117,0.5425247426021699
2009-04-29,29.34502601623535,0.5114997029304504,0.557373884677325
2009-04-30,29.63898277282715,0.5212774872779846,0.5684798428423556
2009-05-01,29.716814041137695,0.5240278840065002,0.5714035013074465
2009-05-04,30.30474853515625,0.5461805462837219,0.5939511610284578
2009-05-05,30.278812408447266,0.5444996953010559,0.5928697549001624
2009-05-06,30.28745460510254,0.5443471670150757,0.5931435597974426
2009-05-07,29.57847023010254,0.518374502658844,0.5653096789873927
2009-05-08,29.595762252807617,0.5202077627182007,0.5659090310112164
2009-05-11,29.699504852294922,0.5234168767929077,0.5698147242654984
2009-05-12,29.33637046813965,0.5104299187660217,0.555818414768301
2009-05-13,28.549583435058594,0.48216643929481506,0.5259442709633779
2009-05-14,28.86949348449707,0.4925553500652313,0.5376737890562802
2009-05-15,28.852190017700195,0.4914855360984802,0.5369706469366049
2009-05-18,29.604413986206055,0.5176107287406921,0.5649115239214005
2009-05-19,29.74275016784668,0.5235693454742432,0.570129405044447
2009-05-20,29.63898277282715,0.5192916989326477,0.5660890854340982
2009-05-21,29.09428596496582,0.5003472566604614,0.5452205263708834
2009-05-22,28.999164581298828,0.49652794003486633,0.5415959834425921
2009-05-26,30.0799560546875,0.5344169735908508,0.5819072318403818
2009-05-27,29.8724308013916,0.5255551934242249,0.5738145006188244
2009-05-28,30.21828842163086,0.5397635102272034,0.5870389900319246
2009-05-29,30.590070724487305,0.5515280365943909,0.6014199377938222
2009-06-01,31.463335037231445,0.5848329067230225,0.635692222134872
2009-06-02,31.506567001342773,0.5848329067230225,0.6373698608626074
2009-06-03,31.411449432373047,0.5833057165145874,0.6334519716634273
2009-06-04,31.765966415405273,0.595069408416748,0.647681493101885
2009-06-05,31.80052947998047,0.5965965986251831,0.6490203123881845
2009-06-08,31.705427169799805,0.5920136570930481,0.6450676558843714
2009-06-09,31.947525024414062,0.6019442081451416,0.6548486145784276
2009-06-10,31.835124969482422,0.5972076654434204,0.6501693586462968
2009-06-11,31.835124969482422,0.5965965986251831,0.6500984827554206
2009-06-12,31.68813133239746,0.5923188328742981,0.6440241614531214
2009-06-15,31.039669036865234,0.5668057799339294,0.6175954818883247
2009-06-16,30.73705291748047,0.5568745136260986,0.6054858669187171
2009-06-17,31.031042098999023,0.5661945343017578,0.6170023839493681
2009-06-18,30.970504760742188,0.5632915496826172,0.6145277483454545
2009-06-19,31.302919387817383,0.575972318649292,0.627652535837344
2009-06-22,30.367990493774414,0.5434298515319824,0.5900917334657158
2009-06-23,30.29874038696289,0.5403745770454407,0.5873361574890159
2009-06-24,30.809499740600586,0.5579442381858826,0.6070741052328433
2009-06-25,31.41547393798828,0.5807076692581177,0.6308883048130353
2009-06-26,31.484718322753906,0.5828471779823303,0.6336006744016333
2009-06-29,31.553985595703125,0.5845279693603516,0.6363194835811361
2009-06-30,31.493370056152344,0.582083523273468,0.6338053645894882
2009-07-01,31.51068115234375,0.5829995274543762,0.6344330456032811
2009-07-02,30.818132400512695,0.5579442381858826,0.6064764642641896
2009-07-06,30.653667449951172,0.5527499914169312,0.5999372711728201
2009-07-07,29.89188003540039,0.5250967144966125,0.5700532751604204
2009-07-08,30.04768943786621,0.5298331379890442,0.5759338611023704
2009-07-09,30.099641799926758,0.5309029221534729,0.5778626534565948
2009-07-10,30.2294864654541,0.5362502336502075,0.5827852595492172
2009-07-13,30.809499740600586,0.556110680103302,0.6050855354078617
2009-07-14,30.922027587890625,0.5600833296775818,0.6094395727602637
2009-07-15,31.960851669311523,0.5973614454269409,0.6503213251951876
2009-07-16,32.34174346923828,0.6117218136787415,0.6657507743841343
2009-07-17,32.51487350463867,0.618291437625885,0.6728059205132921
2009-07-20,32.82651901245117,0.6303612589836121,0.6856298710569805
2009-07-21,33.05159378051758,0.6401389837265015,0.6949571611449294
2009-07-22,33.32859802246094,0.6493056416511536,0.7065302257928842
2009-07-23,34.06443786621094,0.6786389350891113,0.7376512233497995
2009-07-24,33.80472946166992,0.6780278086662292,0.7263230561320585
2009-07-27,34.06443786621094,0.6790966987609863,0.7374039858035846
2009-07-28,33.83069610595703,0.6835276484489441,0.7272038322514117
2009-07-29,34.05579376220703,0.6780278086662292,0.7368016802184862
2009-07-30,34.25490188598633,0.6858188509941101,0.7453368225099679
2009-07-31,34.1510009765625,0.6810835003852844,0.7407341070613737
2009-08-03,34.66175079345703,0.701707661151886,0.762809652609107
2009-08-04,34.66175079345703,0.7012500166893005,0.7627264976388232
2009-08-05,34.39339828491211,0.6916249394416809,0.7508332403402953
2009-08-06,34.09040451049805,0.6795551180839539,0.7375222359938425
2009-08-07,34.52323532104492,0.6951389312744141,0.7561698258702337
2009-08-10,34.28085708618164,0.6876521706581116,0.7454696698167833
2009-08-11,33.98653030395508,0.6752771735191345,0.732587576429641
2009-08-12,34.51460266113281,0.6960551142692566,0.7552731613133393
2009-08-13,34.70504379272461,0.7030834555625916,0.7635255653460572
2009-08-14,34.30683517456055,0.6870409846305847,0.7459208180468638
2009-08-17,33.311302185058594,0.6470139026641846,0.7025484935919344
2009-08-18,33.78741455078125,0.6651946306228638,0.7225547027068311
2009-08-19,34.021175384521484,0.6745137572288513,0.7324740368751063
2009-08-20,34.41938018798828,0.6908609867095947,0.749540843915471
2009-08-21,34.878170013427734,0.7079722285270691,0.769441000907725
2009-08-24,34.84356689453125,0.7069026231765747,0.7678303767487666
2009-08-25,34.947425842285156,0.7116389274597168,0.7723240505513629
2009-08-26,34.8868408203125,0.7098055481910706,0.7695620491826888
2009-08-27,34.97338104248047,0.7127076983451843,0.7732961060460498
2009-08-28,35.00800704956055,0.714388370513916,0.7747430385796188
2009-08-31,34.6530876159668,0.6992632746696472,0.7589495273715368
2009-09-01,34.003849029541016,0.6732914447784424,0.7304283854138415
2009-09-02,33.97787094116211,0.6719167828559875,0.729232702414078
2009-09-03,34.202945709228516,0.6810835003852844,0.7388143122408537
2009-09-04,34.93878173828125,0.7098055481910706,0.7705232097917681
2009-09-08,35.26774597167969,0.7240136861801147,0.7849488542128622
2009-09-09,35.57072448730469,0.7360832095146179,0.7983499792322488
2009-09-10,35.90834426879883,0.7498330473899841,0.8134180388389749
2009-09-11,35.942955017089844,0.751055121421814,0.8148974151594683
2009-09-14,36.08148193359375,0.7570136189460754,0.821089936809819
2009-09-15,36.19402313232422,0.7620551586151123,0.8261225267626857
2009-09-16,36.722068786621094,0.7843611240386963,0.8501375775176085
2009-09-17,36.713417053222656,0.7837501168251038,0.8496443173310523
2009-09-18,36.7749137878418,0.7875691652297974,0.8523980863637597
2009-09-21,36.887577056884766,0.7909298539161682,0.8575279622429357
2009-09-22,36.956912994384766,0.7942914366722107,0.8606581962143874
2009-09-23,36.783592224121094,0.7860410809516907,0.8524917338528661
2009-09-24,36.45432662963867,0.7725964784622192,0.8371367696006342
2009-09-25,36.13372802734375,0.7591519355773926,0.8223210663280301
2009-09-28,36.74893569946289,0.784818708896637,0.8502328650561696
2009-09-29,36.58430862426758,0.7782500982284546,0.8425224709184721
2009-09-30,36.61029815673828,0.7787075638771057,0.8436276840916876
2009-10-01,35.52716064453125,0.7333327531814575,0.7936172623694274
2009-10-02,35.42317581176758,0.7282915115356445,0.788885055029729
2009-10-05,35.70913314819336,0.7403611540794373,0.8015357737693175
2009-10-06,36.3416748046875,0.7660276889801025,0.8298447609056108
2009-10-07,36.44565963745117,0.7704580426216125,0.8345031861768737
2009-10-08,36.60163497924805,0.7774853706359863,0.8415550098031473
2009-10-09,36.809593200683594,0.7854298949241638,0.851026137658037
2009-10-12,36.887577056884766,0.7892500162124634,0.8545392902003582
2009-10-13,36.89625549316406,0.789096474647522,0.8548482257514367
2009-10-14,37.39883041381836,0.810791552066803,0.8780433237471011
2009-10-15,37.31216049194336,0.807888388633728,0.8738779638788986
2009-10-16,37.06953430175781,0.7974995374679565,0.8624177371564914
2009-10-19,37.442142486572266,0.812166154384613,0.8796610825247273
2009-10-20,37.45082092285156,0.813083291053772,0.8799729696385282
2009-10-21,37.38148498535156,0.8098741769790649,0.8766187026930905
2009-10-22,37.52880859375,0.8170549273490906,0.8834327988118769
2009-10-23,37.372825622558594,0.810485303401947,0.8759927776478773
2009-10-26,37.251529693603516,0.804680347442627,0.8702111016982329
2009-10-27,36.688297271728516,0.7808469533920288,0.8438015552713388
2009-10-28,35.86508560180664,0.7452499866485596,0.8058431484991161
2009-10-29,36.4716682434082,0.7698468565940857,0.8330135931459477
2009-10-30,35.49248504638672,0.7287498712539673,0.7881936596288626
2009-11-02,35.63982009887695,0.7345552444458008,0.7946515765278811
2009-11-03,35.75245666503906,0.7395963668823242,0.7995878054567432
2009-11-04,35.8130989074707,0.7420409917831421,0.8022131148544183
2009-11-05,36.69694137573242,0.7779438495635986,0.8417217921937338
2009-11-06,36.91356658935547,0.7875691652297974,0.8515675477378094
2009-11-09,37.70212173461914,0.8213326930999756,0.8878574367414587
2009-11-10,37.79743194580078,0.8239298462867737,0.892249621889058
2009-11-11,38.04005432128906,0.8352360129356384,0.9036070882804937
2009-11-12,37.823421478271484,0.8265279531478882,0.893216750239424
2009-11-13,38.1353759765625,0.8404297232627869,0.9078532650397295
2009-11-16,38.52531433105469,0.8575408458709717,0.9263200948104905
2009-11-17,38.646602630615234,0.8621247410774231,0.9320517368756882
2009-11-18,38.42998504638672,0.8532630801200867,0.9215016697502195
2009-11-19,37.83207702636719,0.8257632255554199,0.8927270831816544
2009-11-20,37.64146423339844,0.8185834884643555,0.8836339496858747
2009-11-23,38.24800109863281,0.8433327674865723,0.9120145478978517
2009-11-24,38.11802673339844,0.8379853367805481,0.905716711838591
2009-11-25,38.28267288208008,0.8450135588645935,0.9134422432176696
2009-11-27,37.70212173461914,0.8198056221008301,0.8856382309436908
2009-11-30,37.74544906616211,0.8207216858863831,0.887577239666081
2009-12-01,38.1353759765625,0.8381388187408447,0.9058186016736067
2009-12-02,38.18736267089844,0.8410409688949585,0.9081895070477338
2009-12-03,38.031375885009766,0.8341661095619202,0.9006710043514726
2009-12-04,38.230690002441406,0.8424166440963745,0.9100132601424853
2009-12-07,38.0487060546875,0.8341661095619202,0.9012504529272627
2009-12-08,37.814762115478516,0.8239298462867737,0.8900694598672889
2009-12-09,38.19602966308594,0.8404297232627869,0.9079206926006501
2009-12-10,38.38665008544922,0.8489852547645569,0.9168838244026675
2009-12-11,38.239356994628906,0.8428743481636047,0.9097475392299414
2009-12-14,38.603275299072266,0.8583055138587952,0.9269642318865082
2009-12-15,38.38665008544922,0.849291205406189,0.9164597216971223
2009-12-16,38.43864822387695,0.8515832424163818,0.9188426698428322
2009-12-17,37.97074508666992,0.8311106562614441,0.8963728651577993
2009-12-18,38.589595794677734,0.8570832014083862,0.9254934856485625
2009-12-21,39.0235595703125,0.8769440054893494,0.9462080849685488
2009-12-22,39.257911682128906,0.8873326778411865,0.9574696548577434
2009-12-23,39.544334411621094,0.8998610973358154,0.9713365308766502
2009-12-24,39.90888214111328,0.9163609147071838,0.9891395826137807
2009-12-28,40.117210388183594,0.9255276918411255,0.9993585647817876
2009-12-29,39.95228958129883,0.9183467030525208,0.9910329492218976
2009-12-30,40.073787689208984,0.9236942529678345,0.996952536222218
2009-12-31,39.70927429199219,0.9087216258049011,0.9787071857859624
2010-01-04,40.29079055786133,0.9330135583877563,1.0072655445870964
2010-01-05,40.29079055786133,0.9336247444152832,1.007155741130701
2010-01-06,40.047752380371094,0.9233882427215576,0.9948954163642453
2010-01-07,40.073787689208984,0.9235409498214722,0.9960805375809731
2010-01-08,40.403629302978516,0.9385135173797607,1.012369146241982
2010-01-11,40.23871612548828,0.931638777256012,1.0039945282192633
2010-01-12,39.735294342041016,0.9084166288375854,0.9787633694856586
2010-01-13,40.230037689208984,0.9301105737686157,1.003029798975424
2010-01-14,40.264747619628906,0.9313328266143799,1.0046512582537823
2010-01-15,39.79603576660156,0.9105550050735474,0.9811519519059685
2010-01-19,40.43836212158203,0.9391246438026428,1.0127174843517146
2010-01-20,39.8568000793457,0.9128469228744507,0.9834784068967031
2010-01-21,39.483585357666016,0.8949722647666931,0.9649528277913045
2010-01-22,38.329193115234375,0.8434854745864868,0.9084224643361292
2010-01-25,38.45938491821289,0.8483742475509644,0.9144946672244582
2010-01-26,38.494110107421875,0.8502073884010315,0.9160463813378211
2010-01-27,38.797889709472656,0.8628883361816406,0.9304046404395513
2010-01-28,37.79972457885742,0.8198056221008301,0.8824296083259532
2010-01-29,37.14009475708008,0.790472149848938,0.8515354702137065
2010-02-01,37.54802322387695,0.8069721460342407,0.8701483336127865
2010-02-02,37.886539459228516,0.8217915892601013,0.8857432162820587
2010-02-03,38.0948371887207,0.8312630653381348,0.8953861773223993
2010-02-04,36.99254608154297,0.7840549945831299,0.8434717730968027
2010-02-05,37.304996490478516,0.7952075600624084,0.8576282684820115
2010-02-08,37.03592300415039,0.7851247787475586,0.8451629744977462
2010-02-09,37.41783905029297,0.8013186454772949,0.8625015566552504
2010-02-10,37.339717864990234,0.7979581356048584,0.8588060624428009
2010-02-11,37.90388488769531,0.8213326930999756,0.8846639007333255
2010-02-12,37.98200988769531,0.8253055810928345,0.8882142846054593
2010-02-16,38.46806335449219,0.8460833430290222,0.9108503072831929
2010-02-17,38.685054779052734,0.8550963997840881,0.9210268996126484
2010-02-18,38.928096771240234,0.8660966157913208,0.9324993494517178
2010-02-19,38.910743713378906,0.8650277853012085,0.9315663320545416
2010-02-22,38.83261489868164,0.8613609671592712,0.9277237998382829
2010-02-23,38.329193115234375,0.8395134806632996,0.903568847062518
2010-02-24,38.71976089477539,0.8560134768486023,0.9218847650240775
2010-02-25,38.711090087890625,0.8578470349311829,0.9213713798888893
2010-02-26,38.849971771240234,0.8628883361816406,0.927882048371257
2010-03-01,39.414146423339844,0.8871803283691406,0.954730083292482
2010-03-02,39.535648345947266,0.8925277590751648,0.9605122964321853
2010-03-03,39.57905960083008,0.8946662545204163,0.9625169286974129
2010-03-04,39.70927429199219,0.9003186225891113,0.9687453445614373
2010-03-05,40.30814743041992,0.9269025921821594,0.997859894741417
2010-03-08,40.38628387451172,0.9311800599098206,1.0016197748745999
2010-03-09,40.611942291259766,0.9438610076904297,1.0127036906136833
2010-03-10,40.941768646240234,0.9566943049430847,1.0290424641186042
2010-03-11,41.09800338745117,0.9635690450668335,1.036783986673801
2010-03-12,41.10667037963867,0.9649437665939331,1.037108251757121
2010-03-15,41.002506256103516,0.9609721899032593,1.031739139527331
2010-03-16,41.26290512084961,0.9727358222007751,1.0447314134729433
2010-03-17,41.375732421875,0.9762496948242188,1.0503308523586452
2010-03-18,41.51461410522461,0.9831244349479675,1.0572674302875675
2010-03-19,41.263511657714844,0.9718185663223267,1.0443623455263042
2010-03-22,41.637107849121094,0.9892357587814331,1.0631596270345598
2010-03-23,41.92386245727539,1.0034435987472534,1.077687683342978
2010-03-24,41.72401428222656,0.9938187599182129,1.0672956766216106
2010-03-25,41.66319274902344,0.989540696144104,1.0640677129924199
2010-03-26,41.706642150878906,0.9930549263954163,1.066171091560461
2010-03-29,41.9064826965332,1.0019164085388184,1.0762721463589162
2010-03-30,42.045501708984375,1.0083328485488892,1.0832955910477575
2010-03-31,41.845664978027344,0.99977707862854,1.0728799769645168
2010-04-01,41.845664978027344,0.9988610148429871,1.0727630207850853
2010-04-05,42.236663818359375,1.0165834426879883,1.0926935110522675
2010-04-06,42.3582878112793,1.022235631942749,1.0988673990030906
2010-04-07,42.25404357910156,1.0184166431427002,1.0933389593504583
2010-04-08,42.349605560302734,1.0213186740875244,1.0981651759147881
2010-04-09,42.601600646972656,1.0339996814727783,1.111114403436991
2010-04-12,42.6363410949707,1.0355278253555298,1.112805446490276
2010-04-13,42.85357666015625,1.0462216138839722,1.1240238033390137
2010-04-14,43.36623001098633,1.0714298486709595,1.1507944562762344
2010-04-15,43.557373046875,1.0807501077651978,1.1608135981146959
2010-04-16,43.03604507446289,1.055235505104065,1.1329000452821374
2010-04-19,43.00997543334961,1.053402304649353,1.1314040085090313
2010-04-20,43.22719955444336,1.0644023418426514,1.1427091022892302
2010-04-21,43.47047805786133,1.0763185024261475,1.1554466468248923
2010-04-22,43.7137565612793,1.0876245498657227,1.168253390175388
2010-04-23,43.896236419677734,1.0969434976577759,1.1778796127362947
2010-04-26,43.800662994384766,1.0915961265563965,1.1726221151321514
2010-04-27,42.87095642089844,1.0466804504394531,1.122714469171565
2010-04-28,42.89700698852539,1.0475964546203613,1.1239565169787684
2010-04-29,43.644264221191406,1.0828882455825806,1.1629921857386787
2010-04-30,42.78406524658203,1.041943907737732,1.11702182508568
2010-05-03,43.38358688354492,1.0699024200439453,1.1482051117189493
2010-05-04,42.080265045166016,1.0052772760391235,1.0790916053513029
2010-05-05,41.86304473876953,0.9954993724822998,1.0678333288414892
2010-05-06,40.464134216308594,0.9296518564224243,0.9963507195445677
2010-05-07,39.456214904785156,0.884888231754303,0.9466059948033316
2010-05-10,41.50678634643555,0.9731941819190979,1.044894564221526
2010-05-11,41.463348388671875,0.9721247553825378,1.0425936387714247
2010-05-12,42.24535369873047,1.0083328485488892,1.0818069460773954
2010-05-13,41.5763053894043,0.9768609404563904,1.0474234209015751
2010-05-14,40.776939392089844,0.940194308757782,1.0070327092097417
2010-05-17,40.90726089477539,0.9459992051124573,1.013359805401462
2010-05-18,40.342506408691406,0.9198741912841797,0.9852689994605389
2010-05-19,40.02101135253906,0.9036802053451538,0.9694581019294133
2010-05-20,38.535194396972656,0.83844393491745,0.8973683676959313
2010-05-21,38.9609489440918,0.8557075262069702,0.9170996210041252
2010-05-24,38.804561614990234,0.8479165434837341,0.9096372612941509
2010-05-25,38.839298248291016,0.8499025106430054,0.9111666582485641
2010-05-26,38.40486526489258,0.8292773365974426,0.8906838084341868
2010-05-27,39.85591506958008,0.8943611979484558,0.9578920698170327
2010-05-28,39.621315002441406,0.8829025030136108,0.9465109513856844
2010-06-01,39.25638198852539,0.8659438490867615,0.9289720500168692
2010-06-02,40.18608856201172,0.9084166288375854,0.9728723617109414
2010-06-03,40.568397521972656,0.9244580268859863,0.9912770824562697
2010-06-04,39.17817306518555,0.8636521697044373,0.9232295553617815
2010-06-07,38.46567916870117,0.831416666507721,0.8895492243149365
2010-06-08,38.39617919921875,0.8279026746749878,0.8862377698638919
2010-06-09,38.07469940185547,0.8132359385490417,0.8713007488911696
2010-06-10,39.160789489746094,0.8595278263092041,0.9209138999434949
2010-06-11,39.53441619873047,0.875569224357605,0.9383860886086139
2010-06-14,39.52573776245117,0.8757216930389404,0.9378718123086537
2010-06-15,40.585777282714844,0.922318696975708,0.9880750829476567
2010-06-16,40.75087356567383,0.9311800599098206,0.9960060261130368
2010-06-17,40.881195068359375,0.9365277290344238,1.002267914833441
2010-06-18,40.9151611328125,0.9391246438026428,1.0038241210203451
2010-06-21,40.56694030761719,0.9255276918411255,0.9866279965356837
2010-06-22,40.253536224365234,0.9073469042778015,0.9712758500227218
2010-06-23,40.08812713623047,0.9009296894073486,0.9631876722602256
2010-06-24,39.478759765625,0.8728185892105103,0.9338004308387942
2010-06-25,39.48662185668945,0.8693055510520935,0.934070563713863
2010-06-28,39.347049713134766,0.8639578223228455,0.9273654785624509
2010-06-29,37.8293342590332,0.7973470091819763,0.8557227102778234
2010-06-30,37.2536735534668,0.7730550169944763,0.8295858312525148
2010-07-01,37.14899826049805,0.7684722542762756,0.8248334598958894
2010-07-02,37.044315338134766,0.764041006565094,0.8200949134519887
2010-07-06,37.1577262878418,0.7680136561393738,0.8250269450725135
2010-07-07,38.34396743774414,0.8167498111724854,0.8776141227935549
2010-07-08,38.55332946777344,0.8253055810928345,0.8871021806751801
2010-07-09,38.919654846191406,0.8418055772781372,0.9038635816009898
2010-07-12,39.03304672241211,0.8463883996009827,0.9090318382334182
2010-07-13,39.53895568847656,0.86716628074646,0.9324967434207081
2010-07-14,39.739566802978516,0.877250075340271,0.941857617268647
2010-07-15,39.774452209472656,0.8793885111808777,0.9434085647591463
2010-07-16,38.67543411254883,0.8309581279754639,0.8911705940950161
2010-07-19,39.006874084472656,0.8444024324417114,0.9063477186517017
2010-07-20,39.47788619995117,0.8638054728507996,0.9281374048359278
2010-07-21,38.93709945678711,0.8413469791412354,0.9026080975975838
2010-07-22,39.92273712158203,0.8835136890411377,0.9482062006813295
2010-07-23,40.17569351196289,0.8948184847831726,0.9601187859346558
2010-07-26,40.50713348388672,0.9087216258049011,0.975855627941201
2010-07-27,40.489688873291016,0.9081105589866638,0.9749087337825868
2010-07-28,40.166954040527344,0.8942076563835144,0.9592608707838041
2010-07-29,39.87040328979492,0.8807631134986877,0.9449919437309138
2010-07-30,39.957618713378906,0.8851946592330933,0.9490232171958846
2010-08-02,40.707759857177734,0.9175831079483032,0.9845525850220475
2010-08-03,40.533329010009766,0.9104023575782776,0.9760077339752798
2010-08-04,40.943267822265625,0.928888201713562,0.9956432866893509
2010-08-05,40.8473014831543,0.9244580268859863,0.9908674021092222
2010-08-06,40.7862663269043,0.9214025139808655,0.987798223834634
2010-08-09,41.06537628173828,0.9331659078598022,1.0012100108533355
2010-08-10,40.707759857177734,0.9186519980430603,0.9836628612602759
2010-08-11,39.600006103515625,0.8677772283554077,0.9300200773128154
2010-08-12,39.286014556884766,0.8531104922294617,0.9151702905828355
2010-08-13,39.006874084472656,0.8411943316459656,0.9020653352674164
2010-08-16,39.0766487121582,0.8444024324417114,0.9051941886019252
2010-08-17,39.5738410949707,0.865791380405426,0.928130018393359
2010-08-18,39.7308464050293,0.872207522392273,0.9353933701649715
2010-08-19,39.128997802734375,0.8460833430290222,0.9069524537331477
2010-08-20,39.18131637573242,0.8482216596603394,0.9092789202543659
2010-08-23,38.797542572021484,0.8315691947937012,0.8913673581368846
2010-08-24,38.07358932495117,0.8014721274375916,0.8580047679309283
2010-08-25,38.43991470336914,0.8156804442405701,0.8744218366211456
2010-08-26,37.97763442993164,0.7968884110450745,0.8532948360468453
2010-08-27,38.43991470336914,0.8169026970863342,0.8739751684233167
2010-08-30,38.03868865966797,0.7991802096366882,0.8556352345157214
2010-08-31,37.90785217285156,0.7947499752044678,0.8496559369750555
2010-09-01,39.04176330566406,0.8402771949768066,0.9003936452012953
2010-09-02,39.47788619995117,0.8598328828811646,0.9204115036429353
2010-09-03,40.132076263427734,0.8891662359237671,0.9508155401067432
2010-09-07,39.861690521240234,0.8760277032852173,0.9378998462440411
2010-09-08,40.341426849365234,0.896805465221405,0.9603728952785647
2010-09-09,40.4984130859375,0.9035277366638184,0.9677426703929601
2010-09-10,40.646705627441406,0.9100964665412903,0.9747243182683591
2010-09-13,41.21365737915039,0.9362217783927917,1.001809523386767
2010-09-14,41.388099670410156,0.9437075257301331,1.010180899038242
2010-09-15,41.649776458740234,0.9557772874832153,1.0228445410255738
2010-09-16,41.81552505493164,0.9631102681159973,1.0308740215959888
2010-09-17,41.95714569091797,0.9693741202354431,1.0377443637328947
2010-09-20,42.691551208496094,1.003138780593872,1.0739599809824345
2010-09-21,42.68278503417969,1.0008466243743896,1.073401858659675
2010-09-22,42.56916427612305,0.997485339641571,1.0675700951209162
2010-09-23,42.55165100097656,0.9967216849327087,1.0665753050064817
2010-09-24,43.41721725463867,1.0369023084640503,1.1098506117246187
2010-09-27,43.181156158447266,1.0262075662612915,1.0976610235761013
2010-09-28,43.163665771484375,1.027735948562622,1.0966521579189812
2010-09-29,43.093727111816406,1.0217771530151367,1.0929787702508245
2010-09-30,42.90138244628906,1.0127633810043335,1.0831028139001824
2010-10-01,42.84893798828125,1.010624647140503,1.0803366822591804
2010-10-04,42.385536193847656,0.9884721636772156,1.0568517083000404
2010-10-05,43.41721725463867,1.0359853506088257,1.108184893786945
2010-10-06,43.04127502441406,1.0194849967956543,1.088872923489736
2010-10-07,43.19863510131836,1.0251386165618896,1.096716122185012
2010-10-08,43.49592208862305,1.0376660823822021,1.1116914626578676
2010-10-11,43.51338577270508,1.0407217741012573,1.112462967475322
2010-10-12,43.81061935424805,1.0559993982315063,1.1275398403299828
2010-10-13,44.169105529785156,1.0723470449447632,1.1458694127412288
2010-10-14,44.081661224365234,1.068221926689148,1.1412074030238564
2010-10-15,45.017181396484375,1.1132911443710327,1.1895213973112868
2010-10-18,44.8510627746582,1.1100832223892212,1.1806127819774495
2010-10-19,44.43138122558594,1.083652138710022,1.1583895594860587
2010-10-20,44.754878997802734,1.0995409488677979,1.1751313795804235
2010-10-21,44.84229278564453,1.1039718389511108,1.1795937343349439
2010-10-22,45.1483039855957,1.119249939918518,1.1955646294256004
2010-10-25,45.36687469482422,1.1284161806106567,1.207010167451737
2010-10-26,45.489288330078125,1.1351385116577148,1.2133923511149152
2010-10-27,45.6291618347168,1.1432358026504517,1.2207221173096208
2010-10-28,45.7253532409668,1.1476662158966064,1.2257358837467183
2010-10-29,45.62041473388672,1.1438466310501099,1.2199762000087269
2010-11-01,45.65541076660156,1.1441516876220703,1.2217149289085685
2010-11-02,46.144996643066406,1.1681389808654785,1.2477838723324841
2010-11-03,46.35483932495117,1.1795967817306519,1.2589963525325432
2010-11-04,46.92311477661133,1.2074024677276611,1.2897278035086293
2010-11-05,46.92311477661133,1.2077072858810425,1.289587208437751
2010-11-08,46.984310150146484,1.210762858390808,1.2928102916258746
2010-11-09,46.73077392578125,1.1954851150512695,1.2787168628070085
2010-11-10,46.96682357788086,1.1916660070419312,1.2914957506012064
2010-11-11,46.66957092285156,1.1945691108703613,1.2750072300180568
2010-11-12,45.9089241027832,1.1543880701065063,1.2333066749852832
2010-11-15,45.73408889770508,1.1472073793411255,1.2237786134407536
2010-11-16,44.98219299316406,1.1087075471878052,1.1834058959607248
2010-11-17,45.11333084106445,1.1148184537887573,1.190176923941993
2010-11-18,45.83899688720703,1.150568962097168,1.2283361287562602
2010-11-19,45.873985290527344,1.1522499322891235,1.2300773770560067
2010-11-22,46.2586555480957,1.1724162101745605,1.2505725880112457
2010-11-23,45.52424621582031,1.1357498168945312,1.2107277065098074
2010-11-24,46.44225311279297,1.1805133819580078,1.2594249287680193
2010-11-26,46.13624572753906,1.1646243333816528,1.242690968999398
2010-11-29,46.10127639770508,1.16416597366333,1.2406716867193142
2010-11-30,45.54174041748047,1.1342219114303589,1.210420117062787
2010-12-01,46.503475189208984,1.1823465824127197,1.2614106368151163
2010-12-02,46.97557067871094,1.2072498798370361,1.2868843875665663
2010-12-03,47.097957611083984,1.21274995803833,1.2934496232338737
2010-12-06,47.08047866821289,1.2116800546646118,1.2923485752036348
2010-12-07,47.106712341308594,1.214124321937561,1.2936479113186625
2010-12-08,47.28157043457031,1.2235959768295288,1.3031108198961072
2010-12-09,47.32527160644531,1.2246661186218262,1.3053776313392962
2010-12-10,47.640037536621094,1.241013526916504,1.322599769612252
2010-12-13,47.473899841308594,1.2327630519866943,1.3132308428253516
2010-12-14,47.56135559082031,1.235360860824585,1.3179261163722973
2010-12-15,47.351524353027344,1.2257356643676758,1.306153591756095
2010-12-16,47.71870422363281,1.2431520223617554,1.3262679269995536
2010-12-17,47.76077651977539,1.2469719648361206,1.3284620180502305
2010-12-20,47.79581832885742,1.2495689392089844,1.3302665705050576
2010-12-21,48.084903717041016,1.2627075910568237,1.3462133668415823
2010-12-22,48.07612228393555,1.2639294862747192,1.345574913822403
2010-12-23,47.95351791381836,1.2572077512741089,1.3385652244908053
2010-12-27,47.97978210449219,1.2573610544204712,1.3398855726604493
2010-12-28,47.89216232299805,1.2536942958831787,1.3348457618300469
2010-12-29,47.9973030090332,1.2587354183197021,1.3405611906506159
2010-12-30,47.8834114074707,1.2523187398910522,1.3340530858228439
2010-12-31,47.70820999145508,1.24406898021698,1.324145280429076
2011-01-03,48.45281982421875,1.282262921333313,1.3653343473939232
2011-01-04,48.417789459228516,1.2799720764160156,1.3632112945746666
2011-01-05,48.82951354980469,1.3022767305374146,1.3862470159139328
2011-01-06,48.98719024658203,1.3102214336395264,1.3950486342642214
2011-01-07,48.943389892578125,1.3085408210754395,1.3924018803808695
2011-01-10,49.12736892700195,1.3172495365142822,1.4027182173280008
2011-01-11,49.19744110107422,1.3207627534866333,1.4065668022308646
2011-01-12,49.5478515625,1.339402437210083,1.426450110945518
2011-01-13,49.565364837646484,1.3424575328826904,1.4273030029633216
2011-01-14,49.93330001831055,1.3617068529129028,1.4483378120247319
2011-01-18,50.07345199584961,1.3690403699874878,1.4563102688637026
2011-01-19,49.50404357910156,1.3383326530456543,1.4230307571352294
2011-01-20,49.153629302978516,1.3174023628234863,1.4027297896295223
2011-01-21,48.776954650878906,1.2976945638656616,1.3810780462392673
2011-01-24,49.45147705078125,1.3342071771621704,1.4191245507539565
2011-01-25,49.521575927734375,1.3371102809906006,1.4229931488851861
2011-01-26,49.78438186645508,1.3526943922042847,1.4379413845828442
2011-01-27,50.09099578857422,1.3688881397247314,1.4554967274226769
2011-01-28,48.82075119018555,1.2993741035461426,1.3815189320035488
2011-01-31,49.05729293823242,1.312360405921936,1.3947555438814068
2011-02-01,49.97710037231445,1.3606386184692383,1.4469058767112923
2011-02-02,49.898277282714844,1.3563605546951294,1.4421840734596636
2011-02-03,49.985877990722656,1.36033296585083,1.4470906147294713
2011-02-04,50.26618957519531,1.3768324851989746,1.463162899851251
2011-02-07,50.50271224975586,1.3901243209838867,1.4767729402979908
2011-02-08,50.83560562133789,1.4098327159881592,1.4960805302719549
2011-02-09,50.74801254272461,1.4035688638687134,1.4907617508783062
2011-02-10,50.82683563232422,1.408610224723816,1.4952302181098802
2011-02-11,51.19477462768555,1.4277070760726929,1.516715371847437
2011-02-14,51.317413330078125,1.4345823526382446,1.5238167118598203
2011-02-15,51.24733352661133,1.431069016456604,1.5194887060449982
2011-02-16,51.58023452758789,1.4500130414962769,1.5390641621959893
2011-02-17,51.56270980834961,1.4487907886505127,1.5378505725489118
2011-02-18,51.44881057739258,1.4428327083587646,1.5308888721524303
2011-02-22,49.9595832824707,1.3574292659759521,1.4420963628684527
2011-02-23,49.5478515625,1.3354295492172241,1.4181696715569985
2011-02-24,49.8106803894043,1.3484162092208862,1.433060565602265
2011-02-25,50.50271224975586,1.3867624998092651,1.4727240614524773
2011-02-28,50.60786056518555,1.3937910795211792,1.4786960380026197
2011-03-01,49.793128967285156,1.349332571029663,1.430924042366916
2011-03-02,50.05595016479492,1.3624720573425293,1.445873640265952
2011-03-03,51.04585266113281,1.4159435033798218,1.5029029881479066
2011-03-04,50.78304672241211,1.4003607034683228,1.4872639764452238
2011-03-07,50.09976577758789,1.3641514778137207,1.4470798639365139
2011-03-08,50.301231384277344,1.3743879795074463,1.4585603666182485
2011-03-09,49.9595832824707,1.3551387786865234,1.438588158844981
2011-03-10,49.1799201965332,1.3141942024230957,1.3935304780552324
2011-03-11,49.486534118652344,1.3291658163070679,1.4107545957246357
2011-03-14,49.31132888793945,1.3195405006408691,1.4006113591568476
2011-03-15,48.61050033569336,1.2836382389068604,1.3606467933907889
2011-03-16,47.4366455078125,1.221762776374817,1.294784195878275
2011-03-17,47.87464904785156,1.2429991960525513,1.318553680521626
2011-03-18,47.766746520996094,1.2379578351974487,1.3124662849537507
2011-03-21,48.687870025634766,1.2833325862884521,1.3629418373556685
2011-03-22,48.60015106201172,1.281805396080017,1.357882146896731
2011-03-23,48.872093200683594,1.2946382761001587,1.372930180960848
2011-03-24,49.74058151245117,1.3436802625656128,1.42157620834764
2011-03-25,49.86338424682617,1.3470402956008911,1.4284405971327359
2011-03-28,49.5914421081543,1.3309991359710693,1.412704181765382
2011-03-29,50.07394790649414,1.35712468624115,1.4400403255364873
2011-03-30,50.310794830322266,1.3704161643981934,1.4535059622534512
2011-03-31,50.3809928894043,1.37454092502594,1.4574036329687299
2011-04-01,50.407318115234375,1.3756102323532104,1.4587678130537287
2011-04-04,50.240623474121094,1.3673609495162964,1.4489606369630978
2011-04-05,50.10902786254883,1.3589574098587036,1.4412121385139214
2011-04-06,50.231849670410156,1.3655277490615845,1.4481201153105938
2011-04-07,50.19675064086914,1.364916205406189,1.4459385332176011
2011-04-08,49.959903717041016,1.3516243696212769,1.4321359587022235
2011-04-11,49.79322052001953,1.342610239982605,1.4224236561595738
2011-04-12,49.451080322265625,1.3247357606887817,1.4027210225435018
2011-04-13,49.872169494628906,1.3465828895568848,1.4264571991208328
2011-04-14,49.78444290161133,1.3407766819000244,1.4212833397887432
2011-04-15,49.69672393798828,1.3364993333816528,1.4161198711027154
2011-04-18,49.34581756591797,1.3172495365142822,1.3959671781636835
2011-04-19,49.652854919433594,1.3339022397994995,1.4131868516869246
2011-04-20,50.77574920654297,1.3933323621749878,1.4769509533263119
2011-04-21,51.179283142089844,1.4154853820800781,1.500265715870867
2011-04-25,51.31087875366211,1.4235830307006836,1.5078173377855535
2011-04-26,51.60036849975586,1.4385547637939453,1.524666813046102
2011-04-27,51.95127868652344,1.458721399307251,1.545237711407655
2011-04-28,51.872318267822266,1.4550551176071167,1.5403720688590667
2011-04-29,51.828460693359375,1.4538326263427734,1.5375994094815075
2011-05-02,51.73194885253906,1.4475688934326172,1.5317053433764478
2011-05-03,51.486324310302734,1.432596206665039,1.5169932220804287
2011-05-04,51.40737533569336,1.4295406341552734,1.5121755468070635
2011-05-05,51.12664794921875,1.4122767448425293,1.4954952087909301
2011-05-06,51.29332733154297,1.4232769012451172,1.5050831923284285
2011-05-09,51.486324310302734,1.4335134029388428,1.5162452144910241
2011-05-10,51.92495346069336,1.457040786743164,1.5419147227264844
2011-05-11,51.54773712158203,1.4356515407562256,1.5193437110939374
2011-05-12,51.85477828979492,1.4518464803695679,1.5372778542952916
2011-05-13,51.24069595336914,1.418235421180725,1.500700314410374
2011-05-16,50.354671478271484,1.3688881397247314,1.44863823736129
2011-05-17,50.495025634765625,1.3759158849716187,1.4565559313659007
2011-05-18,50.916114807128906,1.4002070426940918,1.4806902334085135
2011-05-19,51.06523895263672,1.4078465700149536,1.489202172178759
2011-05-20,50.679256439208984,1.3864576816558838,1.466527218484563
2011-05-23,49.933570861816406,1.3468881845474243,1.4232109082522082
2011-05-24,49.626529693603516,1.3296244144439697,1.4055531347130827
2011-05-25,49.81952667236328,1.3395544290542603,1.4163322719228357
2011-05-26,50.1265869140625,1.3566657304763794,1.4336368663511163
2011-05-27,50.3809928894043,1.3699578046798706,1.4480327726242912
2011-05-31,51.19683837890625,1.4124293327331543,1.4947724085607519
2011-06-01,50.08271026611328,1.3516243696212769,1.4295520079206714
2011-06-02,50.18798065185547,1.3580409288406372,1.4354058088900024
2011-06-03,49.43354797363281,1.3177071809768677,1.3920948952896652
2011-06-06,49.029998779296875,1.2947907447814941,1.369214496361854
2011-06-07,48.942291259765625,1.2911243438720703,1.36416658611183
2011-06-08,48.59136962890625,1.2715688943862915,1.344455426349201
2011-06-09,48.67908477783203,1.2752354145050049,1.3491627770076209
2011-06-10,47.93342208862305,1.2376518249511719,1.3076829477586187
2011-06-13,47.93342208862305,1.23581862449646,1.307540395371808
2011-06-14,48.547508239746094,1.2668325901031494,1.3409002630619988
2011-06-15,47.62638854980469,1.2223740816116333,1.2898707516434593
2011-06-16,47.442169189453125,1.2119849920272827,1.2797516743437218
2011-06-17,47.293582916259766,1.2037354707717896,1.2715959426049557
2011-06-20,47.53974914550781,1.2154994010925293,1.2846948062001373
2011-06-21,48.559669494628906,1.2672909498214722,1.3396785834807154
2011-06-22,48.20796203613281,1.2503328323364258,1.3201265235707162
2011-06-23,48.6563835144043,1.2735546827316284,1.3445417564685993
2011-06-24,47.81232452392578,1.2290961742401123,1.2977467310831043
2011-06-27,48.57725143432617,1.2689718008041382,1.3391293419926207
2011-06-28,49.2982063293457,1.3056385517120361,1.3787324962426861
2011-06-29,49.500423431396484,1.31709623336792,1.389893088456413
2011-06-30,50.15985107421875,1.351013422012329,1.4267729311126136
2011-07-01,50.915977478027344,1.392416000366211,1.4696327031154577
2011-07-05,51.17096710205078,1.4055545330047607,1.4841924765642043
2011-07-06,51.33802795410156,1.4136518239974976,1.4937217427590115
2011-07-07,52.0413932800293,1.4544429779052734,1.5344888842414979
2011-07-08,51.900726318359375,1.4454294443130493,1.526026215018819
2011-07-11,50.95994186401367,1.3947073221206665,1.470536483116529
2011-07-12,50.57310104370117,1.371484637260437,1.4480502677704095
2011-07-13,50.78409957885742,1.3834021091461182,1.4599753779665787
2011-07-14,50.195030212402344,1.3516243696212769,1.4259463009738298
2011-07-15,50.86322784423828,1.3872218132019043,1.4637553298016057
2011-07-18,50.59067916870117,1.3728604316711426,1.4479088090058696
2011-07-19,51.742454528808594,1.4356515407562256,1.5136787546178088
2011-07-20,51.522666931152344,1.422206997871399,1.5006543711792077
2011-07-21,51.86554718017578,1.4429848194122314,1.5204643118351016
2011-07-22,52.40186309814453,1.4717069864273071,1.5517432996106733
2011-07-25,52.2963752746582,1.466665506362915,1.5453266531751098
2011-07-26,52.428260803222656,1.4718607664108276,1.552952472098275
2011-07-27,51.07423782348633,1.3974581956863403,1.4725694466005095
2011-07-28,51.162166595458984,1.4018880128860474,1.4774792341529706
2011-07-29,50.99513244628906,1.3919576406478882,1.4676708289557474
2011-08-01,50.75770950317383,1.3818742036819458,1.4538444835677597
2011-08-02,49.47404479980469,1.3105275630950928,1.380150416175243
2011-08-03,49.94883728027344,1.3337496519088745,1.406490017211514
2011-08-04,47.627681732177734,1.2115272283554077,1.2756156485692849
2011-08-05,47.328739166259766,1.1951801776885986,1.2594633911055586
2011-08-08,44.48004913330078,1.055235505104065,1.1077133173282085
2011-08-09,46.625362396240234,1.1528607606887817,1.214444607360905
2011-08-10,44.71743392944336,1.0584439039230347,1.1149211014532134
2011-08-11,46.68690490722656,1.151485562324524,1.2130075567718919
2011-08-12,47.10014724731445,1.1707358360290527,1.234348844578092
2011-08-15,47.79474639892578,1.2051104307174683,1.270620867332045
2011-08-16,47.39030075073242,1.1847913265228271,1.2489780217510393
2011-08-17,47.108943939208984,1.171805500984192,1.2340114724282774
2011-08-18,44.796573638916016,1.0576801300048828,1.1127325890717503
2011-08-19,43.987674713134766,1.0190277099609375,1.0724257063084
2011-08-22,44.145938873291016,1.025596022605896,1.0800258046900846
2011-08-23,45.96593475341797,1.109013557434082,1.168960089499113
2011-08-24,46.3264274597168,1.126124382019043,1.1871680458348541
2011-08-25,45.57029724121094,1.0906800031661987,1.1482852159715893
2011-08-26,46.713287353515625,1.1438466310501099,1.2057624135605511
2011-08-29,48.0145263671875,1.2099993228912354,1.272806081057171
2011-08-30,48.3310661315918,1.2245135307312012,1.2894494908607494
2011-08-31,48.41019058227539,1.2301658391952515,1.2935309303518725
2011-09-01,47.9705810546875,1.206027626991272,1.2698969943366685
2011-09-02,46.84516906738281,1.1496517658233643,1.210173821043447
2011-09-06,46.85395431518555,1.1501102447509766,1.210495805343767
2011-09-07,48.040897369384766,1.2078605890274048,1.2716944057633957
2011-09-08,47.82109069824219,1.1967072486877441,1.25991873687703
2011-09-09,46.75725555419922,1.1435407400131226,1.203724709592489
2011-09-12,47.35512161254883,1.1739439964294434,1.2343765689139814
2011-09-13,47.98816680908203,1.2040406465530396,1.2672444003655663
2011-09-14,48.673954010009766,1.2385690212249756,1.3033260182383184
2011-09-15,49.394935607910156,1.2752354145050049,1.3417949020209647
2011-09-16,49.84769058227539,1.2969295978546143,1.3662464692200782
2011-09-19,49.86530685424805,1.2998327016830444,1.3670632011232275
2011-09-20,49.64509582519531,1.288680076599121,1.3548399535390996
2011-09-21,48.78182601928711,1.2433054447174072,1.3075741150197688
2011-09-22,47.19631576538086,1.1629438400268555,1.2224338474218686
2011-09-23,47.69839859008789,1.186929702758789,1.2483095267480453
2011-09-26,48.25334548950195,1.214124321937561,1.2772203548928576
2011-09-27,48.75543212890625,1.2394850254058838,1.303660638925391
2011-09-28,48.03312683105469,1.202818512916565,1.2648914040994423
2011-09-29,47.46055221557617,1.1750131845474243,1.2345974655581953
2011-09-30,46.23618698120117,1.1145133972167969,1.170763738838866
2011-10-03,45.047019958496094,1.0563056468963623,1.11041342861559
2011-10-04,45.97190856933594,1.0995409488677979,1.1558895695050209
2011-10-05,47.15226745605469,1.1560686826705933,1.2151200090772334
2011-10-06,47.945030212402344,1.1942627429962158,1.2558467439049363
2011-10-07,47.62791061401367,1.1792912483215332,1.2390969164415075
2011-10-10,49.27511978149414,1.2599579095840454,1.3246700640600748
2011-10-11,49.6098518371582,1.2758467197418213,1.3425229589498155
2011-10-12,49.85649490356445,1.2905131578445435,1.3557257304837882
2011-10-13,50.31452560424805,1.314651608467102,1.3804879955311962
2011-10-14,51.24823760986328,1.3620132207870483,1.4315743293108016
2011-10-17,50.45547866821289,1.3222911357879639,1.3871282273136256
2011-10-18,51.08089828491211,1.353151798248291,1.4213652405843955
2011-10-19,50.09432601928711,1.301054835319519,1.3663060329657988
2011-10-20,49.84769058227539,1.2894436120986938,1.3527032914366484
2011-10-21,50.47309875488281,1.3206102848052979,1.3864988960293776
2011-10-24,51.52131271362305,1.3751517534255981,1.4439367460379096
2011-10-25,50.50831985473633,1.321985125541687,1.3869990475614982
2011-10-26,50.446678161621094,1.318165898323059,1.3834623879669816
2011-10-27,51.83842468261719,1.3916515111923218,1.4596467879167452
2011-10-28,51.917701721191406,1.394554615020752,1.4639521755685614
2011-10-31,51.04564666748047,1.3485684394836426,1.4146129498620987
2011-11-01,49.71556091308594,1.2775275707244873,1.3407381924941637
2011-11-02,50.13835906982422,1.2981516122817993,1.3633962302458498
2011-11-03,51.17778396606445,1.3526943922042847,1.4197770965220593
2011-11-04,50.913516998291016,1.339249610900879,1.4049597050278875
2011-11-07,51.274662017822266,1.3577356338500977,1.424738159063703
2011-11-08,51.86484146118164,1.3889023065567017,1.4573807679672803
2011-11-09,50.041465759277344,1.2929574251174927,1.3547496784076194
2011-11-10,50.01505661010742,1.2894436120986938,1.3531720696144536
2011-11-11,50.95756149291992,1.337568998336792,1.4040240521194964
2011-11-14,50.64045333862305,1.3222911357879639,1.3863965554759035
2011-11-15,51.20420455932617,1.351013422012329,1.4171133431691807
2011-11-16,50.358585357666016,1.3051800727844238,1.3701526173179197
2011-11-17,49.17823028564453,1.2474297285079956,1.3057732302991438
2011-11-18,48.79945755004883,1.2261942625045776,1.285516648731209
2011-11-21,47.86574935913086,1.1797497272491455,1.2361834485083727
2011-11-22,48.02430725097656,1.1857072114944458,1.2442385398758768
2011-11-23,46.940860748291016,1.1320828199386597,1.1879619212354553
2011-11-25,46.579708099365234,1.1157358884811401,1.1695525848063228
2011-11-28,48.20048141479492,1.1924296617507935,1.2508158802231173
2011-11-29,47.900997161865234,1.1782214641571045,1.2351361279082171
2011-11-30,49.6715202331543,1.2651516199111938,1.3263080178556743
2011-12-01,50.01505661010742,1.2828738689422607,1.3445093624893534
2011-12-02,49.874107360839844,1.2735546827316284,1.3367847741776835
2011-12-05,50.420249938964844,1.302888035774231,1.3659157671432505
2011-12-06,50.279293060302734,1.2966245412826538,1.3581296486004277
2011-12-07,50.279293060302734,1.2978464365005493,1.35798159694667
2011-12-08,49.43368148803711,1.2533879280090332,1.3121557134193518
2011-12-09,50.2264518737793,1.2929574251174927,1.3540988851084275
2011-12-12,49.66271209716797,1.2646942138671875,1.323554564564907
2011-12-13,49.1165657043457,1.2355130910873413,1.2942997271852343
2011-12-14,48.35022735595703,1.1983883380889893,1.253770161889048
2011-12-15,48.218101501464844,1.1907498836517334,1.2467811732710417
2011-12-16,48.466339111328125,1.2015963792800903,1.2594826785541453
2011-12-19,47.989280700683594,1.1802071332931519,1.2345509844416265
2011-12-20,49.411651611328125,1.248957872390747,1.30759897264568
2011-12-21,48.70487594604492,1.2124435901641846,1.2700490931400903
2011-12-22,49.1201057434082,1.2332215309143066,1.291566061436208
2011-12-23,49.544158935546875,1.2549164295196533,1.313725409791934
2011-12-27,49.728973388671875,1.2622495889663696,1.3233833719795292
2011-12-28,49.15423583984375,1.235360860824585,1.2926493707954991
2011-12-29,49.507911682128906,1.2504850625991821,1.3111102663086962
2011-12-30,49.366432189941406,1.2445274591445923,1.3034737818664885
2012-01-03,50.31256866455078,1.2899023294448853,1.3532953593483346
2012-01-04,50.5247688293457,1.301054835319519,1.3645632525796363
2012-01-05,50.94036865234375,1.3232073783874512,1.3868633799854748
2012-01-06,51.117225646972656,1.3316103219985962,1.3963421416211845
2012-01-09,50.94919204711914,1.3239718675613403,1.3870097549167182
2012-01-10,51.320579528808594,1.3430689573287964,1.4070794079436149
2012-01-11,51.42669677734375,1.349179983139038,1.4127449488552415
2012-01-12,51.630062103271484,1.3601799011230469,1.4237642583433152
2012-01-13,51.444358825683594,1.350554347038269,1.4133670462951073
2012-01-17,51.913021087646484,1.3727070093154907,1.4389647489171158
2012-01-18,52.60270690917969,1.4093737602233887,1.477042361528637
2012-01-19,52.92988204956055,1.4280134439468384,1.49525498482849
2012-01-20,52.85029602050781,1.424194097518921,1.4905954169560844
2012-01-23,52.86798095703125,1.4244987964630127,1.4914305007123243
2012-01-24,52.77070617675781,1.4194576740264893,1.4857795835321974
2012-01-25,53.43389129638672,1.4545960426330566,1.5229620821801904
2012-01-26,53.248199462890625,1.4440546035766602,1.5122109589127852
2012-01-27,53.407371520996094,1.4542909860610962,1.521086856915749
2012-01-30,53.451568603515625,1.4559718370437622,1.5234385812243125
2012-01-31,53.52231216430664,1.4594846963882446,1.5273050742885634
2012-02-01,53.955596923828125,1.4824022054672241,1.5518668849101598
2012-02-02,54.123592376708984,1.4926385879516602,1.5613614592447715
2012-02-03,54.866329193115234,1.5332765579223633,1.6040443079654632
2012-02-06,54.822113037109375,1.5319020748138428,1.6012840863631663
2012-02-07,54.93706512451172,1.537860631942749,1.6078247361780262
2012-02-08,55.22886276245117,1.552068829536438,1.62472935292597
2012-02-09,55.626766204833984,1.5759018659591675,1.6479633818770318
2012-02-10,55.23771667480469,1.553749680519104,1.6247322645649678
2012-02-13,55.75056076049805,1.5810959339141846,1.654724186224594
2012-02-14,55.89203643798828,1.589805006980896,1.6629420398869752
2012-02-15,55.50297927856445,1.5668879747390747,1.6396097158799614
2012-02-16,56.263427734375,1.6110403537750244,1.6843596913574777
2012-02-17,56.086570739746094,1.6011099815368652,1.6735869320552283
2012-02-21,56.24571228027344,1.6090545654296875,1.682901852873407
2012-02-22,55.98930740356445,1.5953049659729004,1.6673748547062908
2012-02-23,56.36067581176758,1.6166938543319702,1.689311970354678
2012-02-24,56.55520248413086,1.6273878812789917,1.700789004679826
2012-02-27,56.63478469848633,1.6313608884811401,1.7053901634886888
2012-02-28,57.20952224731445,1.664360523223877,1.739817322188405
2012-02-29,56.9531135559082,1.6507625579833984,1.7240322065874045
2012-03-01,57.4040641784668,1.675054669380188,1.7511457913223936
2012-03-02,57.3598518371582,1.6732211112976074,1.7482574478475827
2012-03-05,56.76742172241211,1.6396102905273438,1.711953791244893
2012-03-06,56.21036148071289,1.6067626476287842,1.6781682711863672
2012-03-07,56.643619537353516,1.6304433345794678,1.7038552924600547
2012-03-08,57.253753662109375,1.6663466691970825,1.7403755495187376
2012-03-09,57.492488861083984,1.6804022789001465,1.7546997732479586
2012-03-12,57.51901626586914,1.681776523590088,1.7561277504800636
2012-03-13,58.58893966674805,1.7434988021850586,1.8212685207575354
2012-03-14,58.792301177978516,1.7570958137512207,1.8337131843272578
2012-03-15,58.96034240722656,1.7653464078903198,1.843995593676308
2012-03-16,58.91868591308594,1.7624436616897583,1.8411889479923567
2012-03-19,59.33496856689453,1.7900958061218262,1.867005620788735
2012-03-20,59.44124984741211,1.7952905893325806,1.873490487284242
2012-03-21,59.45013427734375,1.796207308769226,1.8738463006639332
2012-03-22,59.326114654541016,1.7878047227859497,1.8658239244836874
2012-03-23,59.29070281982422,1.787346601486206,1.8633931029146071
2012-03-26,60.32698440551758,1.8486099243164062,1.9283266582186933
2012-03-27,60.415565490722656,1.853193998336792,1.9337793627641053
2012-03-28,60.176422119140625,1.8385272026062012,1.9182595729253504
2012-03-29,59.94611358642578,1.8266098499298096,1.9033672498408467
2012-03-30,59.830963134765625,1.8172907829284668,1.8958474071651237
2012-04-02,60.45099639892578,1.8544161319732666,1.9349343879270011
2012-04-03,60.43329620361328,1.854720950126648,1.933590351196119
2012-04-04,59.609580993652344,1.8044573068618774,1.8806692943675003
2012-04-05,59.981544494628906,1.82523512840271,1.9039350147669374
2012-04-09,59.52983474731445,1.7988046407699585,1.87505110999936
2012-04-10,58.57324981689453,1.7393735647201538,1.814586314425815
2012-04-11,58.856693267822266,1.757706642150879,1.8319505345204872
2012-04-12,59.52983474731445,1.7963604927062988,1.8736547105405172
2012-04-13,58.62636947631836,1.7430404424667358,1.816578743648557
2012-04-16,57.970943450927734,1.705916166305542,1.775763055307567
2012-04-17,59.148956298828125,1.7728322744369507,1.847739138723492
2012-04-18,58.9984016418457,1.7629021406173706,1.8381314370862385
2012-04-19,58.3341064453125,1.7265406847000122,1.7965380101003328
2012-04-20,58.17466354370117,1.7147767543792725,1.786521317660238
2012-04-23,57.64323425292969,1.6854432821273804,1.7536865922799263
2012-04-24,57.333221435546875,1.6652765274047852,1.734632310847985
2012-04-25,58.856693267822266,1.7537351846694946,1.8266293308443473
2012-04-26,59.20211410522461,1.774665355682373,1.8478706179018904
2012-04-27,59.55638885498047,1.795749306678772,1.8697850749349842
2012-04-30,59.13126754760742,1.7705403566360474,1.8428877052630988
2012-05-01,59.228675842285156,1.7757354974746704,1.8487584718995727
2012-05-02,59.39697265625,1.783984661102295,1.8590633388209186
2012-05-03,58.76809310913086,1.7468606233596802,1.8194941308946326
2012-05-04,57.306640625,1.6602354049682617,1.7288009579690844
2012-05-07,57.35978698730469,1.662527084350586,1.7318190900119768
2012-05-08,57.147212982177734,1.6499987840652466,1.7187941412948433
2012-05-09,56.97007751464844,1.6444988250732422,1.707951506177213
2012-05-10,56.85492706298828,1.6322766542434692,1.700860945017297
2012-05-11,56.8460807800293,1.6331942081451416,1.7001462443727124
2012-05-14,56.31465148925781,1.6032496690750122,1.6681730530765821
2012-05-15,56.128623962402344,1.591638445854187,1.656970053261886
2012-05-16,55.747764587402344,1.5699434280395508,1.634302766825442
2012-05-17,54.56974411010742,1.5036382675170898,1.5650548575717296
2012-05-18,53.86117172241211,1.4657495021820068,1.524240676872981
2012-05-21,55.36689758300781,1.5445829629898071,1.609296896589383
2012-05-22,55.304901123046875,1.5418322086334229,1.6055174806867116
2012-05-23,55.41118621826172,1.5503883361816406,1.6115134358306045
2012-05-24,55.04804229736328,1.5302211046218872,1.590215265435945
2012-05-25,54.977195739746094,1.5241103172302246,1.58594871546651
2012-05-29,55.67690658569336,1.5623050928115845,1.626145495022139
2012-05-30,55.20747756958008,1.5369434356689453,1.5985471672340779
2012-05-31,54.968326568603516,1.523805022239685,1.5845235458965934
2012-06-01,53.50688171386719,1.4419159889221191,1.5000952469084816
2012-06-04,53.914302825927734,1.4633053541183472,1.5227762752266132
2012-06-05,54.13574981689453,1.4761382341384888,1.5351195429314495
2012-06-06,55.37576675415039,1.544887900352478,1.6052781553559041
2012-06-07,55.154335021972656,1.5311384201049805,1.5922650722730636
2012-06-08,55.68576431274414,1.5623050928115845,1.6227754424329577
2012-06-11,54.74690628051758,1.5124993324279785,1.5678787839014505
2012-06-12,55.41118621826172,1.5445829629898071,1.6057560599318184
2012-06-13,55.03032302856445,1.523805022239685,1.5835070101060111
2012-06-14,55.234046936035156,1.5354160070419312,1.5950587706980766
2012-06-15,55.9202880859375,1.5729988813400269,1.6345196824882873
2012-06-18,56.4440803527832,1.6026382446289062,1.6649618287389272
2012-06-19,57.02999496459961,1.6353322267532349,1.6993464147198794
2012-06-20,57.07437515258789,1.6399163007736206,1.7018059962776315
2012-06-21,55.653953552246094,1.5564991235733032,1.6169140950074201
2012-06-22,56.23988342285156,1.5885828733444214,1.6507838693720716
2012-06-25,55.156803131103516,1.5268605947494507,1.5870215828808611
2012-06-26,55.50303268432617,1.5476384162902832,1.606772641061838
2012-06-27,55.840389251708984,1.565665602684021,1.6261299415924133
2012-06-28,55.21896743774414,1.5320543050765991,1.5897597817930944
2012-06-29,56.958984375,1.6267766952514648,1.689777014866216
2012-07-02,57.12764358520508,1.6371660232543945,1.69959988635031
2012-07-03,57.60704803466797,1.6640546321868896,1.7279400562482539
2012-07-05,57.64255142211914,1.665887475013733,1.7298815597701336
2012-07-06,56.92345428466797,1.624027132987976,1.6865320593530007
2012-07-09,56.81693649291992,1.619443416595459,1.680036375010762
2012-07-10,56.25764083862305,1.5870546102523804,1.6467772829603482
2012-07-11,55.94692611694336,1.5687214136123657,1.628407242758802
2012-07-12,55.42314529418945,1.540916085243225,1.5977390987071753
2012-07-13,56.26651382446289,1.5855273008346558,1.6461902031402789
2012-07-16,56.106719970703125,1.577582597732544,1.6366605674445707
2012-07-17,56.39969253540039,1.5925545692443848,1.6535744598347155
2012-07-18,57.163185119628906,1.6365549564361572,1.6981636594782372
2012-07-19,57.79347229003906,1.671999216079712,1.7354267952779252
2012-07-20,57.02999496459961,1.6295273303985596,1.6893861031674637
2012-07-23,56.33754348754883,1.5910273790359497,1.648177286882062
2012-07-24,55.893638610839844,1.5638325214385986,1.6220243885664614
2012-07-25,55.520790100097656,1.5421388149261475,1.6002075619310367
2012-07-26,56.25764083862305,1.5818606615066528,1.6425078092087662
2012-07-27,57.58928680419922,1.6613051891326904,1.7200866888064557
2012-07-30,57.5449104309082,1.6561100482940674,1.7172482974517855
2012-07-31,57.527137756347656,1.653360366821289,1.7160003577267022
2012-08-01,57.35844802856445,1.6448050737380981,1.7057494652632446
2012-08-02,57.15427780151367,1.6334986686706543,1.6934201202369639
2012-08-03,58.23735809326172,1.6936938762664795,1.757416539298633
2012-08-06,58.68124008178711,1.7208881378173828,1.7840148281282247
2012-08-07,59.16952896118164,1.7499160766601562,1.8135100635653174
2012-08-08,59.14287567138672,1.7465544939041138,1.8116785560094
2012-08-09,59.32042694091797,1.7572495937347412,1.8223586473063635
2012-08-10,59.3559455871582,1.7609163522720337,1.8243422970819039
2012-08-13,59.49797821044922,1.7685545682907104,1.8328743468301592
2012-08-14,59.52460479736328,1.7706940174102783,1.8343150416194582
2012-08-15,59.6755485534668,1.7795546054840088,1.8434180703379612
2012-08-16,60.385746002197266,1.8211100101470947,1.887094076098905
2012-08-17,60.652034759521484,1.836998701095581,1.9035317571029124
2012-08-20,60.7408332824707,1.843110203742981,1.9088980389352452
2012-08-21,60.50116729736328,1.829054832458496,1.8936260139850825
2012-08-22,60.749725341796875,1.842805027961731,1.90897882339812
2012-08-23,60.25258255004883,1.8137767314910889,1.877526628983293
2012-08-24,60.625450134277344,1.834554672241211,1.9005597600130835
2012-08-27,60.723079681396484,1.84097158908844,1.9064737949588382
2012-08-28,60.723079681396484,1.84097158908844,1.9062659675261038
2012-08-29,60.723079681396484,1.840665340423584,1.9060581627489348
2012-08-30,60.110530853271484,1.8039989471435547,1.86739535824932
2012-08-31,60.51001739501953,1.8293601274490356,1.8920127099813493
2012-09-04,60.44788360595703,1.8247766494750977,1.8879208901461482
2012-09-05,60.385746002197266,1.820193886756897,1.8838336960282702
2012-09-06,61.72624588012695,1.8999429941177368,1.9672665793147917
2012-09-07,61.63749694824219,1.894749402999878,1.96139512084756
2012-09-10,60.847373962402344,1.8476938009262085,1.9108955729689527
2012-09-11,60.749725341796875,1.8415824174880981,1.9045540056678567
2012-09-12,60.927249908447266,1.853193998336792,1.915477470745047
2012-09-13,61.7529182434082,1.9005542993545532,1.9671846467350924
2012-09-14,62.30332946777344,1.9363048076629639,2.002037710184707
2012-09-17,62.329959869384766,1.937527060508728,2.00353093290168
2012-09-18,62.38322067260742,1.9411938190460205,2.0067365500144265
2012-09-19,62.498626708984375,1.9473049640655518,2.0139425300499285
2012-09-20,62.436485290527344,1.9442495107650757,2.009718123443049
2012-09-21,62.45429992675781,1.9457765817642212,2.0106458833735292
2012-09-24,62.08925247192383,1.920109748840332,1.9869221162198418
2012-09-25,61.21677780151367,1.8672494888305664,1.9308652841946805
2012-09-26,60.718223571777344,1.8382213115692139,1.8992045618115772
2012-09-27,61.555091857910156,1.8877209424972534,1.9513503122873115
2012-09-28,61.047630310058594,1.8586938381195068,1.9189636419554492
2012-10-01,60.958580017089844,1.8501379489898682,1.913156061250731
2012-10-02,61.13665008544922,1.8629714250564575,1.9241247942981126
2012-10-03,61.528385162353516,1.8840543031692505,1.9485728272975704
2012-10-04,61.74203109741211,1.8981099128723145,1.961892527923925
2012-10-05,61.41263961791992,1.8770270347595215,1.9407454093408698
2012-10-08,60.85176467895508,1.8452492952346802,1.9050846136422477
2012-10-09,59.88133239746094,1.786887764930725,1.8441143412675614
2012-10-10,59.578636169433594,1.7685545682907104,1.8252695563937609
2012-10-11,59.39169692993164,1.7548048496246338,1.8136163242329806
2012-10-12,59.364967346191406,1.7538880109786987,1.811786161864019
2012-10-15,59.80120086669922,1.778638243675232,1.8382158708354681
2012-10-16,60.646968841552734,1.8302768468856812,1.8900112332744554
2012-10-17,60.61137390136719,1.829054832458496,1.8875866283396077
2012-10-18,59.90802001953125,1.7871938943862915,1.8435725348548977
2012-10-19,58.47465133666992,1.701027274131775,1.755152353154848
2012-10-22,58.777347564697266,1.7193604707717896,1.7731322455924614
2012-10-23,58.21648025512695,1.68513822555542,1.7390996619641466
2012-10-24,58.01169204711914,1.6704720258712769,1.7266748127624225
2012-10-25,58.01169204711914,1.6726102828979492,1.7264865854736697
2012-10-26,58.18085861206055,1.6823877096176147,1.7363675145892357
2012-10-31,57.82474136352539,1.6613051891326904,1.7149220843686175
2012-11-01,58.643821716308594,1.7089717388153076,1.7633184592670215
2012-11-02,58.02060317993164,1.668027400970459,1.7256480268356085
2012-11-05,58.403446197509766,1.6936938762664795,1.7482329355994533
2012-11-06,58.510284423828125,1.701027274131775,1.7544384912721396
2012-11-07,57.13031005859375,1.619443416595459,1.671489815642699
2012-11-08,56.23111343383789,1.5717769861221313,1.618691120920099
2012-11-09,56.47148513793945,1.5836942195892334,1.6323535353997072
2012-11-12,56.462581634521484,1.5809435844421387,1.6316608644046657
2012-11-13,56.07087326049805,1.5610830783843994,1.608843745660201
2012-11-14,55.41203308105469,1.522582769393921,1.5708601095552166
2012-11-15,55.22508239746094,1.5112766027450562,1.5600892433646771
2012-11-16,55.4654541015625,1.5241103172302246,1.5735000087798239
2012-11-19,56.78308868408203,1.5974433422088623,1.648088455959974
2012-11-20,56.800907135009766,1.5983604192733765,1.6489431310197624
2012-11-21,56.916648864746094,1.6059991121292114,1.6554833943529867
2012-11-23,57.78025817871094,1.6536654233932495,1.7055409831091979
2012-11-26,58.0295295715332,1.6701654195785522,1.720070901695678
2012-11-27,57.83363342285156,1.6570271253585815,1.7082701598885943
2012-11-28,58.332218170166016,1.6854432821273804,1.7375379917099723
2012-11-29,58.67943572998047,1.705304741859436,1.7580336739886318
2012-11-30,58.58149337768555,1.701332449913025,1.751973329888543
2012-12-03,58.46577072143555,1.6955273151397705,1.7448606022312854
2012-12-04,58.43014907836914,1.6884989738464355,1.7425441979323149
2012-12-05,57.78025817871094,1.6530548334121704,1.703591251579686
2012-12-06,58.15414047241211,1.674138069152832,1.7254526074205645
2012-12-07,57.80693817138672,1.653971791267395,1.7046612988490164
2012-12-10,57.97608947753906,1.664360523223877,1.7144516331218056
2012-12-11,58.73283767700195,1.708054542541504,1.7590214025767243
2012-12-12,58.60820388793945,1.6988877058029175,1.7513642001299914
2012-12-13,58.14525604248047,1.6729161739349365,1.7235051315911356
2012-12-14,57.59328079223633,1.6417495012283325,1.690594643002027
2012-12-17,58.358917236328125,1.6866655349731445,1.7353593725371634
2012-12-18,59.24922561645508,1.73647141456604,1.7881185760918223
2012-12-19,58.99101257324219,1.7211940288543701,1.7723381123761823
2012-12-20,58.99101257324219,1.7199714183807373,1.7721449072658855
2012-12-21,58.3706169128418,1.6860545873641968,1.7346771974170292
2012-12-24,58.25423812866211,1.6768878698349,1.7275709317828738
2012-12-26,57.74394226074219,1.6503267288208008,1.6971162318152597
2012-12-27,57.65441131591797,1.6442065238952637,1.6916685303087078
2012-12-28,57.09935760498047,1.6120750904083252,1.658911870980433
2012-12-31,58.30793762207031,1.6772561073303223,1.7289569603561779
2013-01-02,60.161128997802734,1.7855844497680664,1.8386707809080776
2013-01-03,59.84777069091797,1.7690600156784058,1.8193163570654036
2013-01-04,59.650840759277344,1.7562073469161987,1.8071450586405715
2013-01-07,59.66874313354492,1.759572982788086,1.8080327777403529
2013-01-08,59.5523567199707,1.7546766996383667,1.8007823923080981
2013-01-09,59.77616500854492,1.762632966041565,1.8141214038547855
2013-01-10,60.13426971435547,1.7843602895736694,1.8356595786554597
2013-01-11,60.214847564697266,1.790174126625061,1.8403789120090779
2013-01-14,59.94626998901367,1.7733441591262817,1.8237609266309054
2013-01-15,59.650840759277344,1.7565133571624756,1.8055862756186691
2013-01-16,59.892574310302734,1.7699774503707886,1.8200236331757773
2013-01-17,60.17905807495117,1.7861964702606201,1.8372366444251742
2013-01-18,60.04474639892578,1.7797698974609375,1.8288354276008554
2013-01-22,60.143218994140625,1.7861964702606201,1.8346345957848413
2013-01-23,60.510284423828125,1.8039451837539673,1.856828842836839
2013-01-24,59.677696228027344,1.7568191289901733,1.805528542312086
2013-01-25,59.982093811035156,1.7745683193206787,1.8237506111833925
2013-01-28,60.116371154785156,1.7819124460220337,1.831717184629086
2013-01-29,60.12532043457031,1.7751801013946533,1.8320628671030106
2013-01-30,59.99998092651367,1.7767096757888794,1.8242247767690887
2013-01-31,59.86568832397461,1.7663054466247559,1.815859916393841
2013-02-01,60.57295227050781,1.807617425918579,1.8585677544073351
2013-02-04,59.51654815673828,1.744272232055664,1.7935375802788787
2013-02-05,60.39390182495117,1.7984371185302734,1.846220358503086
2013-02-06,60.196922302246094,1.7849726676940918,1.833975909788678
2013-02-07,60.250675201416016,1.788644790649414,1.8370512865288338
2013-02-08,60.8683967590332,1.8250597715377808,1.8745198556604252
2013-02-11,60.886287689208984,1.8253660202026367,1.8754174595661914
2013-02-12,60.6356086730957,1.8103712797164917,1.859770203773547
2013-02-13,60.85050964355469,1.8232239484786987,1.8727500324109303
2013-02-14,60.83255386352539,1.8210819959640503,1.8714406583779177
2013-02-15,60.65352249145508,1.8122073411941528,1.8602212784979915
2013-02-19,61.092193603515625,1.83760666847229,1.8869262571983982
2013-02-20,60.15217590332031,1.7809938192367554,1.8286527789753289
2013-02-21,59.50761032104492,1.7427427768707275,1.789263276776049
2013-02-22,60.1074104309082,1.777321457862854,1.8251375731951431
2013-02-25,59.36435317993164,1.732950210571289,1.779813337500681
2013-02-26,59.588138580322266,1.745496392250061,1.7930380180897827
2013-02-27,60.196922302246094,1.7806881666183472,1.8294797927961934
2013-02-28,60.071598052978516,1.7748737335205078,1.8216627538080992
2013-03-01,60.32228088378906,1.7892568111419678,1.8366680148523127
2013-03-04,60.59083938598633,1.8057817220687866,1.8528217148328772
2013-03-05,61.48609924316406,1.8602516651153564,1.907372465070438
2013-03-06,61.33391571044922,1.8498475551605225,1.897722708640323
2013-03-07,61.49506759643555,1.8602516651153564,1.907488183754579
2013-03-08,61.56665802001953,1.8623932600021362,1.9117215088347959
2013-03-11,61.74571990966797,1.8752459287643433,1.9226332992902615
2013-03-12,61.521907806396484,1.862087607383728,1.9084856234635716
2013-03-13,61.44132614135742,1.8556610345840454,1.9032780910157927
2013-03-14,61.647254943847656,1.8688197135925293,1.915828792892493
2013-03-15,61.47587203979492,1.858415126800537,1.9049677178340423
2013-03-18,61.34125518798828,1.8486233949661255,1.896417244679765
2013-03-19,61.224639892578125,1.8434205055236816,1.888999990802488
2013-03-20,61.65530776977539,1.8664523363113403,1.9153693691874465
2013-03-21,60.95541000366211,1.826891303062439,1.8716748514619117
2013-03-22,61.54766845703125,1.8609322309494019,1.9078421667544083
2013-03-25,61.323299407958984,1.8465187549591064,1.8937242974324384
2013-03-26,61.65530776977539,1.8679859638214111,1.9140233547436467
2013-03-27,61.736080169677734,1.8725858926773071,1.9188296905557214
2013-03-28,61.88859939575195,1.882707118988037,1.9281014686100841
2013-04-01,61.466861724853516,1.855718970298767,1.9016133250345788
2013-04-02,61.951438903808594,1.885160207748413,1.9313889611677149
2013-04-03,61.386138916015625,1.8508124351501465,1.8959309988964947
2013-04-04,61.404083251953125,1.85234534740448,1.8968327541302181
2013-04-05,60.892581939697266,1.8207576274871826,1.8650244166290182
2013-04-08,61.21563720703125,1.8403851985931396,1.8846102491964551
2013-04-09,61.62839126586914,1.8636929988861084,1.9098192438415103
2013-04-10,62.830841064453125,1.937295913696289,1.984137149767167
2013-04-11,62.80388641357422,1.9336155652999878,1.9822184525679378
2013-04-12,62.75904846191406,1.932081937789917,1.9791720141147993
2013-04-15,61.520729064941406,1.8563324213027954,1.9008528756969654
2013-04-16,62.3372917175293,1.9060146808624268,1.9511055788266152
2013-04-17,61.11693572998047,1.8314909934997559,1.874500623543447
2013-04-18,60.273441314697266,1.7799688577651978,1.8225551139517493
2013-04-19,61.09897994995117,1.829344630241394,1.8722818952692708
2013-04-22,61.72712326049805,1.864612102508545,1.9105747176440628
2013-04-23,62.3193473815918,1.900800347328186,1.947027423723944
2013-04-24,62.292415618896484,1.8992677927017212,1.9451323311412176
2013-04-25,62.62443542480469,1.919508695602417,1.9656554769929027
2013-04-26,62.42705154418945,1.908774495124817,1.9530502294954264
2013-04-29,63.0013313293457,1.9434292316436768,1.9887703773885141
2013-04-30,63.45896530151367,1.9704173803329468,2.0174459486846885
2013-05-01,63.16279220581055,1.9538565874099731,1.9983945410535926
2013-05-02,63.961456298828125,2.002312183380127,2.0487142298783856
2013-05-03,64.71521759033203,2.049846887588501,2.0967775233779506
2013-05-06,64.96646881103516,2.0648746490478516,2.112830064500973
2013-05-07,64.93057250976562,2.0624210834503174,2.1102649132820734
2013-05-08,65.24462127685547,2.0829684734344482,2.1304482462569148
2013-05-09,65.15489959716797,2.078981637954712,2.124356596054382
2013-05-10,65.54972076416016,2.101062774658203,2.149871076083504
2013-05-13,65.63046264648438,2.1081161499023438,2.154932989459837
2013-05-14,65.97146606445312,2.129277229309082,2.177091322139724
2013-05-15,66.10606384277344,2.137557029724121,2.185737582092159
2013-05-16,66.0343246459961,2.1338775157928467,2.1807553275963607
2013-05-17,66.67137145996094,2.1728265285491943,2.2225939974558746
2013-05-20,66.57271575927734,2.1666922569274902,2.2157740264630785
2013-05-21,66.64448547363281,2.1706783771514893,2.220309978591205
2013-05-22,66.06121063232422,2.1360244750976562,2.1812034800139153
2013-05-23,65.90864562988281,2.122530698776245,2.17089094714388
2013-05-24,65.87277221679688,2.122223377227783,2.1682911069923407
2013-05-28,66.303466796875,2.1492104530334473,2.1964085240091444
2013-05-29,65.98941802978516,2.128357410430908,2.1753623536464883
2013-05-30,66.3393783569336,2.150437593460083,2.1981983233915234
2013-05-31,65.72917938232422,2.1105692386627197,2.157520017167402
2013-06-03,65.84583282470703,2.1194634437561035,2.164942978288104
2013-06-04,65.50485229492188,2.0973827838897705,2.1422847994449645
2013-06-05,64.65241241455078,2.044020175933838,2.0862945109848257
2013-06-06,64.96646881103516,2.059047222137451,2.1063359035515994
2013-06-07,65.85478210449219,2.1173160076141357,2.1637078860534427
2013-06-10,65.88175964355469,2.1203835010528564,2.1652447514189324
2013-06-11,65.22669219970703,2.0777554512023926,2.1219503221315246
2013-06-12,64.47293090820312,2.0293002128601074,2.0726763829761676
2013-06-13,65.2895278930664,2.078981637954712,2.1249543725029882
2013-06-14,64.8587875366211,2.053527355194092,2.096684430675223
2013-06-17,65.48692321777344,2.0912489891052246,2.1370672440860523
2013-06-18,66.02530670166016,2.125903606414795,2.171972949821747
2013-06-19,65.2895278930664,2.078368663787842,2.1233277211556683
2013-06-20,63.737152099609375,1.97685706615448,2.0221243935246167
2013-06-21,63.398681640625,1.9596829414367676,2.000427336537946
2013-06-24,62.7685546875,1.9201219081878662,1.9604443019604347
2013-06-25,63.227630615234375,1.9468023777008057,1.988907140750649
2013-06-26,63.794734954833984,1.9799236059188843,2.0243683324563384
2013-06-27,64.06480407714844,1.9995511770248413,2.0412876061528213
2013-06-28,64.15478515625,2.001392126083374,2.0467991907476555
2013-07-01,64.55087280273438,2.030219078063965,2.071849687604678
2013-07-02,64.577880859375,2.0308332443237305,2.073357554296088
2013-07-03,64.83895874023438,2.048006534576416,2.0898960301264617
2013-07-05,65.33402252197266,2.0777554512023926,2.121582101695945
2013-07-08,65.39702606201172,2.081434965133667,2.1254426343730626
2013-07-09,65.79312133789062,2.106889247894287,2.150957605675983
2013-07-10,66.17118072509766,2.1323440074920654,2.175442723467078
2013-07-11,67.48542785644531,2.2203609943389893,2.2616199124466667
2013-07-12,67.78246307373047,2.236614942550659,2.2812822832098063
2013-07-15,67.93549346923828,2.247042179107666,2.2913343599617257
2013-07-16,67.84546661376953,2.2412147521972656,2.2850117107681323
2013-07-17,68.01652526855469,2.251336097717285,2.2962850103331953
2013-07-18,67.84546661376953,2.2399888038635254,2.284484571655915
2013-07-19,67.14332580566406,2.1945998668670654,2.236950731322494
2013-07-22,67.34136962890625,2.205334424972534,2.249902955917572
2013-07-23,66.8462905883789,2.1749725341796875,2.2165761005839086
2013-07-24,67.06233978271484,2.188159704208374,2.2306625478898874
2013-07-25,67.48542785644531,2.2142271995544434,2.2585653328418944
2013-07-26,67.84546661376953,2.2381479740142822,2.2824182832291133
2013-07-29,67.7194595336914,2.230175256729126,2.273691357686864
2013-07-30,68.07954406738281,2.252868175506592,2.297623287484366
2013-07-31,68.2055435180664,2.2626821994781494,2.305877556211709
2013-08-01,68.8986587524414,2.30745792388916,2.35249155469728
2013-08-02,69.2857437133789,2.3344457149505615,2.3786685410191732
2013-08-05,69.33077239990234,2.3378193378448486,2.3815010242081502
2013-08-06,68.91668701171875,2.309910774230957,2.352793878699781
2013-08-07,68.79063415527344,2.3013243675231934,2.3439305880440138
2013-08-08,69.13272094726562,2.322178840637207,2.366987190971017
2013-08-09,68.8536605834961,2.3053107261657715,2.3476200545726007
2013-08-12,69.01569366455078,2.313898801803589,2.3584134294479293
2013-08-13,69.40277099609375,2.3396589756011963,2.384610851163092
2013-08-14,69.14173126220703,2.323404550552368,2.3664127650511513
2013-08-15,67.97148895263672,2.246121644973755,2.286050460027551
2013-08-16,67.94448852539062,2.241828203201294,2.283985071171617
2013-08-19,67.82747650146484,2.2347755432128906,2.275869265244179
2013-08-20,68.12455749511719,2.2544023990631104,2.295557559206693
2013-08-21,67.8904800415039,2.2387611865997314,2.2795321463086893
2013-08-22,68.55661010742188,2.281083583831787,2.3240164296313424
2013-08-23,69.01569366455078,2.313591241836548,2.354888245279791
2013-08-26,69.05170440673828,2.3142054080963135,2.3570889845409884
2013-08-27,67.63847351074219,2.2185208797454834,2.260350391004367
2013-08-28,67.89949035644531,2.238454818725586,2.2775493697203273
2013-08-29,68.37660217285156,2.2688159942626953,2.3093085686570687
2013-08-30,67.93549346923828,2.2390694618225098,2.2792613690493546
2013-09-03,68.32258605957031,2.262376546859741,2.304987107636568
2013-09-04,69.05170440673828,2.3132853507995605,2.353932113398192
2013-09-05,69.16873931884766,2.321258783340454,2.361654810950911
2013-09-06,69.24974822998047,2.3264715671539307,2.366929200267196
2013-09-09,70.05989837646484,2.3798341751098633,2.4220524056578228
2013-09-10,70.40196228027344,2.404062271118164,2.44543947054894
2013-09-11,70.2669448852539,2.3951680660247803,2.4357931265122366
2013-09-12,70.22191619873047,2.390568256378174,2.4324057718663767
2013-09-13,70.2669448852539,2.394862413406372,2.4352600948399754
2013-09-16,70.07791137695312,2.381060838699341,2.4218918550621154
2013-09-17,70.5460205078125,2.4135687351226807,2.4539835341133696
2013-09-18,71.3921127319336,2.470918893814087,2.5125796224272445
2013-09-19,71.56314849853516,2.482264995574951,2.52434461493704
2013-09-20,71.31756591796875,2.4644775390625,2.5067438933936623
2013-09-23,71.17314910888672,2.4540510177612305,2.4963184056007433
2013-09-24,71.17314910888672,2.4549713134765625,2.4960462783641164
2013-09-25,70.92935943603516,2.4402506351470947,2.4786747461533243
2013-09-26,71.48011016845703,2.4764387607574463,2.5168972607434252
2013-09-27,71.3897933959961,2.470918893814087,2.510262574371887
2013-09-30,71.21825408935547,2.4531311988830566,2.4979253341861085
2013-10-01,71.9405517578125,2.508025884628296,2.548321099055355
2013-10-02,71.91349792480469,2.5052664279937744,2.5461266689384416
2013-10-03,71.07381439208984,2.447611093521118,2.486390437435069
2013-10-04,71.68775939941406,2.488399028778076,2.5290749312444065
2013-10-07,71.09188842773438,2.447303533554077,2.4867557281342427
2013-10-08,69.71949768066406,2.3559134006500244,2.3904736742396633
2013-10-09,69.50286102294922,2.3387391567230225,2.37535743530903
2013-10-10,70.9745101928711,2.43565034866333,2.475689829477776
2013-10-11,71.53426361083984,2.475825309753418,2.514469909635028
2013-10-14,72.03988647460938,2.509866237640381,2.5497416641471315
2013-10-15,71.75999450683594,2.491159677505493,2.529651016431986
2013-10-16,72.57257843017578,2.547281503677368,2.5866649407594786
2013-10-17,72.98788452148438,2.5764167308807373,2.615988022972987
2013-10-18,74.170654296875,2.6595253944396973,2.700487101537706
2013-10-21,74.33317565917969,2.670567274093628,2.712027232100076
2013-10-22,74.44147491455078,2.6751670837402344,2.7196341323637174
2013-10-23,73.9900894165039,2.647258996963501,2.6863559554984953
2013-10-24,74.31510925292969,2.669339895248413,2.7096640828870946
2013-10-25,74.8478012084961,2.706448554992676,2.748214534158171
2013-10-28,74.8658447265625,2.7092087268829346,2.7492399684820463
2013-10-29,74.99224853515625,2.7168755531311035,2.758223926664689
2013-10-30,74.92002868652344,2.7122745513916016,2.752610739283769
2013-10-31,74.74847412109375,2.7000081539154053,2.7397046199070236
2013-11-01,74.76654052734375,2.7009286880493164,2.7407303120172783
2013-11-04,74.8749008178711,2.7073681354522705,2.7483759057951946
2013-11-05,74.9561538696289,2.7150356769561768,2.7540412890706123
2013-11-06,74.9381103515625,2.7135021686553955,2.752415156113164
2013-11-07,73.52961730957031,2.6119909286499023,2.6486495295290546
2013-11-08,74.52278900146484,2.682527542114258,2.719911930021964
2013-11-11,74.40540313720703,2.674246311187744,2.7110467955876354
2013-11-12,74.52278900146484,2.6813013553619385,2.719305439573386
2013-11-13,75.4256362915039,2.7469301223754883,2.784898045119185
2013-11-14,75.66038513183594,2.7619569301605225,2.801929456327216
2013-11-15,75.80482482910156,2.772691249847412,2.812322078554398
2013-11-18,75.06449890136719,2.721782684326172,2.7570840406558443
2013-11-19,74.8478012084961,2.7030739784240723,2.740865076566837
2013-11-20,74.66720581054688,2.6926469802856445,2.727339780316293
2013-11-21,75.4256362915039,2.7435567378997803,2.782448255327513
2013-11-22,75.83193969726562,2.7748374938964844,2.8121219645870417
2013-11-25,76.0124740600586,2.7871041297912598,2.825205142419428
2013-11-26,76.40974426269531,2.816239833831787,2.854428363623135
2013-11-27,76.94245147705078,2.8548812866210938,2.893917739373668
2013-11-29,77.4029312133789,2.8864686489105225,2.9282408972790486
2013-12-02,77.1772232055664,2.8717477321624756,2.910844104409613
2013-12-03,77.11400604248047,2.8671483993530273,2.905758146293139
2013-12-04,77.18622589111328,2.872668504714966,2.910884065037718
2013-12-05,77.0869369506836,2.867455244064331,2.9030778808789677
2013-12-06,77.64668273925781,2.907630205154419,2.9449212302551997
2013-12-09,77.96266174316406,2.9303243160247803,2.968568597649939
2013-12-10,77.9085464477539,2.9269509315490723,2.9641239152969496
2013-12-11,76.90633392333984,2.8521206378936768,2.8875400413980477
2013-12-12,76.70771789550781,2.83832049369812,2.872310715181628
2013-12-13,76.60841369628906,2.829119920730591,2.8645607343321795
2013-12-16,77.03274536132812,2.8600945472717285,2.8959818934101054
2013-12-17,76.87922668457031,2.8499743938446045,2.884123384742936
2013-12-18,77.77310180664062,2.916217565536499,2.9508764140364288
2013-12-19,77.55643463134766,2.897202968597412,2.934113110559076
2013-12-20,78.3462142944336,2.955472230911255,2.993551107930055
2013-12-23,79.17044067382812,3.0180351734161377,3.0562109416685805
2013-12-24,79.20665740966797,3.0220208168029785,3.0586739239488985
2013-12-26,79.46931457519531,3.0407297611236572,3.0786262283294032
2013-12-27,79.2700424194336,3.0250887870788574,3.0628510915744065
2013-12-30,79.15230560302734,3.01588773727417,3.0534189304455843
2013-12-31,79.66856384277344,3.0545291900634766,3.092916945029931
2014-01-02,79.04360961914062,3.00760817527771,3.044055460096741
2014-01-03,78.47298431396484,2.9649791717529297,2.999772819792997
2014-01-06,78.18317413330078,2.9407520294189453,2.9772887657684612
2014-01-07,78.90776824951172,2.994419813156128,3.032150657441114
2014-01-08,79.07987213134766,3.009753704071045,3.0450468236700434
2014-01-09,78.81718444824219,2.9882867336273193,3.0244847930675562
2014-01-10,79.07080078125,3.00760817527771,3.043619340958948
2014-01-13,77.90240478515625,2.9165232181549072,2.9533389836357586
2014-01-14,79.3877944946289,3.0303022861480713,3.06564152671654
2014-01-15,80.03996276855469,3.0784502029418945,3.1156756372122345
2014-01-16,80.04896545410156,3.081824541091919,3.1160368790425728
2014-01-17,79.59613037109375,3.0456361770629883,3.0804425032153198
2014-01-21,80.20298767089844,3.0916388034820557,3.1270785565985206
2014-01-22,80.4112777709961,3.1097323894500732,3.142979944665068
2014-01-23,80.13957214355469,3.0873444080352783,3.1213973844196894
2014-01-24,78.56356811523438,2.9616057872772217,2.9982879346078652
2014-01-27,77.80278778076172,2.9085495471954346,2.9398924795218893
2014-01-28,77.75747680664062,2.904256582260132,2.936147714377256
2014-01-29,76.92418670654297,2.8426144123077393,2.8728970281711512
2014-01-30,78.3462142944336,2.942591667175293,2.978801126756372
2014-01-31,78.13789367675781,2.9300169944763184,2.9626352885054352
2014-02-03,76.34452819824219,2.7984514236450195,2.8263197224840106
2014-02-04,76.90611267089844,2.8361730575561523,2.8675920019664205
2014-02-05,76.70684051513672,2.8214526176452637,2.8524189121603167
2014-02-06,77.68502044677734,2.8907625675201416,2.9248571214568178
2014-02-07,79.07080078125,2.9941139221191406,3.028888112244623
2014-02-10,79.5237045288086,3.029381513595581,3.063255813843177
2014-02-11,80.42938995361328,3.0980777740478516,3.1326959509270256
2014-02-12,80.58338928222656,3.1103451251983643,3.144350888723062
2014-02-13,81.18116760253906,3.155733823776245,3.1906585463627213
2014-02-14,81.3442153930664,3.1698405742645264,3.2031272431191784
2014-02-18,81.74272918701172,3.200815439224243,3.234162974426038
2014-02-19,81.18116760253906,3.1572670936584473,3.1893738820969455
2014-02-20,81.56158447265625,3.1830291748046875,3.21891716667833
2014-02-21,81.45292663574219,3.1741349697113037,3.2099896670882972
2014-02-24,81.88761901855469,3.2121620178222656,3.243901446166675
2014-02-25,81.79705047607422,3.2023489475250244,3.2363722476130703
2014-02-26,81.72461700439453,3.1971359252929688,3.2302876580162074
2014-02-27,82.25484466552734,3.239457368850708,3.271851601639965
2014-02-28,82.16390991210938,3.2305634021759033,3.264260707621024
2014-03-03,81.55451965332031,3.1833345890045166,3.2154843688803973
2014-03-04,82.59135437011719,3.2646055221557617,3.296893281803866
2014-03-05,82.81871795654297,3.2826991081237793,3.314685745897835
2014-03-06,82.74597930908203,3.2750327587127686,3.3085019129366753
2014-03-07,82.3366928100586,3.243138074874878,3.2754115574680243
2014-03-10,82.4094467163086,3.248044729232788,3.280842903308312
2014-03-11,82.05477905273438,3.221670389175415,3.2522455573120705
2014-03-12,82.36396026611328,3.2440571784973145,3.2763998532405374
2014-03-13,81.1998062133789,3.154200553894043,3.1834236797217903
2014-03-14,80.64506530761719,3.1088125705718994,3.1395796169040664
2014-03-17,81.35445404052734,3.1655471324920654,3.194471556258902
2014-03-18,82.3366928100586,3.241297721862793,3.271260680045143
2014-03-19,81.89103698730469,3.207563638687134,3.2354920051192058
2014-03-20,82.11841583251953,3.22320294380188,3.253106648880133
2014-03-21,81.1302490234375,3.1446926593780518,3.1744599132185067
2014-03-24,80.41924285888672,3.0919442176818848,3.1184734407520156
2014-03-25,80.68360900878906,3.1100385189056396,3.1386365151056856
2014-03-26,79.64439392089844,3.0299952030181885,3.0574422973536803
2014-03-27,79.19773864746094,2.996260166168213,3.022815998061338
2014-03-28,79.35272216796875,3.0088348388671875,3.034317285712268
2014-03-31,79.91788482666016,3.049929141998291,3.0772082872866835
2014-04-01,81.32172393798828,3.1563467979431152,3.184981437054881
2014-04-02,81.5313720703125,3.1732146739959717,3.2010560589920276
2014-04-03,80.88417053222656,3.123533010482788,3.1498867089084372
2014-04-04,78.73286437988281,2.9548590183258057,2.9819859352993454
2014-04-07,77.98534393310547,2.9021100997924805,2.92503659542753
2014-04-08,78.70549011230469,2.9530189037323,2.978739522795508
2014-04-09,80.05460357666016,3.055142641067505,3.0805336695487773
2014-04-10,77.57514190673828,2.8665354251861572,2.8893764713840437
2014-04-11,76.67267608642578,2.799985408782959,2.821834716113994
2014-04-14,77.2742919921875,2.8426144123077393,2.865810432316335
2014-04-15,77.52953338623047,2.8607077598571777,2.8844298968635553
2014-04-16,78.55963134765625,2.9352312088012695,2.9607635518205986
2014-04-17,78.57788848876953,2.9370715618133545,2.961816948818788
2014-04-21,79.16123962402344,2.9815402030944824,3.0054702975277823
2014-04-22,79.79023742675781,3.0296883583068848,3.0529042790964227
2014-04-23,79.08832550048828,2.975099802017212,2.998858893433461
2014-04-24,79.84495544433594,3.033062219619751,3.055911537900058
2014-04-25,78.5687484741211,2.9352312088012695,2.9578896921953355
2014-04-28,78.82395935058594,2.9563918113708496,2.9767831742231694
2014-04-29,79.45297241210938,3.0008609294891357,3.0239679691081944
2014-04-30,79.66263580322266,3.0168089866638184,3.039597835188951
2014-05-01,79.89966583251953,3.0361287593841553,3.057354662178576
2014-05-02,79.7538070678711,3.024474859237671,3.0458588264114934
2014-05-05,80.17311096191406,3.055142641067505,3.0775538651387917
2014-05-06,79.1339111328125,2.97540545463562,2.997436179986539
2014-05-07,78.90604400634766,2.957312822341919,2.9798471122446006
2014-05-08,78.83311462402344,2.952712297439575,2.9740139918801285
2014-05-09,79.12481689453125,2.97540545463562,2.995698983788133
2014-05-12,80.4283676147461,3.0707833766937256,3.0940783799323657
2014-05-13,80.48304748535156,3.074770450592041,3.0979481580171853
2014-05-14,80.06373596191406,3.042569398880005,3.065330223226849
2014-05-15,79.43475341796875,2.996567964553833,3.0168334582805203
2014-05-16,79.9543228149414,3.0352094173431396,3.0559697921112514
2014-05-19,80.51040649414062,3.079064130783081,3.098145300555241
2014-05-20,80.21868133544922,3.056062698364258,3.0753556391963803
2014-05-21,80.98443603515625,3.1137189865112305,3.1337340962377644
2014-05-22,81.33995056152344,3.1391730308532715,3.1609061155931624
2014-05-23,81.93246459960938,3.186401844024658,3.2066122509267645
2014-05-27,82.95342254638672,3.266751766204834,3.2861776887971517
2014-05-28,82.69820404052734,3.244978189468384,3.265598631919197
2014-05-29,83.22692108154297,3.2857658863067627,3.306998754187481
2014-05-30,83.23599243164062,3.2879130840301514,3.30735914871588
2014-06-02,83.15394592285156,3.279632329940796,3.3004784180788507
2014-06-03,83.11750030517578,3.278099775314331,3.297225488907169
2014-06-04,83.42743682861328,3.300180435180664,3.321456076233864
2014-06-05,84.12936401367188,3.356915235519409,3.3769849726628385
2014-06-06,84.61249542236328,3.394943952560425,3.4154030031879996
2014-06-09,84.54869079589844,3.3897311687469482,3.4098797081331567
2014-06-10,84.69453430175781,3.400157928466797,3.421271836432646
2014-06-11,84.67631530761719,3.398317575454712,3.419426950622875
2014-06-12,83.91057586669922,3.3403546810150146,3.3572095076382635
2014-06-13,84.15670776367188,3.358449697494507,3.3765386990563866
2014-06-16,84.22964477539062,3.3636627197265625,3.382023380984472
2014-06-17,84.27519989013672,3.3670358657836914,3.3853129972346196
2014-06-18,84.74919128417969,3.4081311225891113,3.4230241830023997
2014-06-19,84.69453430175781,3.400770902633667,3.418235837597645
2014-06-20,84.79417419433594,3.4072110652923584,3.4259060592672244
2014-06-23,84.81246948242188,3.4090511798858643,3.427010951177886
2014-06-24,84.73019409179688,3.4029173851013184,3.4199883770162636
2014-06-25,85.26944732666016,3.446845054626465,3.4631476156317107
2014-06-26,85.3151626586914,3.449608564376831,3.4664834732653955
2014-06-27,85.68990325927734,3.478483200073242,3.496558136254055
2014-06-30,85.83615112304688,3.4926133155822754,3.508112196925567
2014-07-01,86.77761840820312,3.5697152614593506,3.584685060621009
2014-07-02,86.923828125,3.5804662704467773,3.596373804346644
2014-07-03,87.47225189208984,3.6225497722625732,3.6413625686218065
2014-07-07,87.20718383789062,3.6016621589660645,3.6188967024611585
2014-07-08,86.15607452392578,3.516573429107666,3.5312649839010675
2014-07-09,86.79588317871094,3.56817889213562,3.583327501761055
2014-07-10,86.52168273925781,3.546062469482422,3.5602964039371643
2014-07-11,87.07925415039062,3.588146448135376,3.605795505036669
2014-07-14,87.60023498535156,3.635143756866455,3.6485481933249266
2014-07-15,87.298583984375,3.609955072402954,3.623022942467848
2014-07-16,87.64594268798828,3.6372947692871094,3.6514598120776065
2014-07-17,86.48513793945312,3.5414552688598633,3.554340070318912
2014-07-18,87.85614776611328,3.649888038635254,3.6666433019273748
2014-07-21,87.74645233154297,3.6415953636169434,3.657087400446766
2014-07-22,88.30403900146484,3.6910502910614014,3.703166813151932
2014-07-23,88.87071990966797,3.736206531524658,3.7502924109794074
2014-07-24,88.77018737792969,3.7288341522216797,3.7413987581432635
2014-07-25,88.42285919189453,3.6959657669067383,3.711713207730556
2014-07-28,88.45024108886719,3.700265884399414,3.7136074002022874
2014-07-29,88.29490661621094,3.6892075538635254,3.7001590544886613
2014-07-30,88.6422348022461,3.7174673080444336,3.7288665367376352
2014-07-31,86.85071563720703,3.5657219886779785,3.57773424795537
2014-08-01,86.53082275390625,3.5402259826660156,3.550988855936451
2014-08-04,87.12492370605469,3.5866100788116455,3.599362321565712
2014-08-05,86.45768737792969,3.533468723297119,3.543839335253228
2014-08-06,86.39373016357422,3.5264036655426025,3.5382098944800013
2014-08-07,86.11951446533203,3.5055150985717773,3.515363469041487
2014-08-08,86.74104309082031,3.554356813430786,3.5657213444293823
2014-08-11,87.2529067993164,3.5973610877990723,3.60741567907737
2014-08-12,87.21630859375,3.59213924407959,3.603996170691693
2014-08-13,88.13951873779297,3.6704697608947754,3.679902001752964
2014-08-14,88.5965347290039,3.708252429962158,3.717662485134763
2014-08-15,89.02609252929688,3.7426564693450928,3.7533071808837706
2014-08-18,89.71163177490234,3.8019425868988037,3.8107021903113236
2014-08-19,90.21434783935547,3.8437185287475586,3.8529947584390634
2014-08-20,90.21434783935547,3.8458685874938965,3.8525747379745265
2014-08-21,90.39713287353516,3.859076738357544,3.8677663156060715
2014-08-22,90.53425598144531,3.869828462600708,3.879078688397364
2014-08-25,90.85414123535156,3.898088216781616,3.9060677705549094
2014-08-26,90.94554138183594,3.907303810119629,3.9135010485815784
2014-08-27,90.9638442993164,3.90761137008667,3.9146496273657556
2014-08-28,90.86331939697266,3.896245002746582,3.9055706619673076
2014-08-29,91.20149230957031,3.9275782108306885,3.9342162276826937
2014-09-02,91.46656799316406,3.9500019550323486,3.95665682665393
2014-09-03,90.92727661132812,3.9036178588867188,3.909568219481718
2014-09-04,90.84501647949219,3.8931729793548584,3.902068211792155
2014-09-05,91.30200958251953,3.936793327331543,3.940901313593716
2014-09-08,91.4756851196289,3.949387311935425,3.9554645490320013
2014-09-09,90.71704864501953,3.884880304336548,3.8894255482668716
2014-09-10,91.46656799316406,3.9450876712799072,3.953271718326368
2014-09-11,91.39342498779297,3.9420154094696045,3.9465181465607135
2014-09-12,90.92727661132812,3.9002389907836914,3.905829826481876
2014-09-15,90.04979705810547,3.8234450817108154,3.8300188388090795
2014-09-16,90.83585357666016,3.890716314315796,3.896466799036485
2014-09-17,90.97298431396484,3.904845952987671,3.9078066753693843
2014-09-18,91.65849304199219,3.9613680839538574,3.9662736710034032
2014-09-19,91.60169219970703,3.954301595687866,3.9609254958378655
2014-09-22,90.74964141845703,3.8836510181427,3.886807087048341
2014-09-23,90.50227355957031,3.862149238586426,3.865193850160627
2014-09-24,91.47344970703125,3.9444732666015625,3.9477269699468076
2014-09-25,89.54936218261719,3.7792108058929443,3.7812206248646993
2014-09-26,90.50227355957031,3.861534357070923,3.8612817689885452
2014-09-29,90.38314819335938,3.850168228149414,3.8506958716769035
2014-09-30,90.51142120361328,3.861841917037964,3.8612060231777625
2014-10-01,89.06382751464844,3.736820697784424,3.7372767724749805
2014-10-02,89.06382751464844,3.734362840652466,3.7368693665934543
2014-10-03,89.9433822631836,3.809314727783203,3.810269324835126
2014-10-06,89.7509765625,3.792726993560791,3.793552205853256
2014-10-07,88.47743225097656,3.685521364212036,3.6854795173556063
2014-10-08,90.19992065429688,3.832045078277588,3.828576400904712
2014-10-09,88.7431640625,3.703338146209717,3.7044936583873125
2014-10-10,86.52597045898438,3.517801284790039,3.518980815750802
2014-10-13,85.16997528076172,3.4093685150146484,3.408301511744708
2014-10-14,85.17909240722656,3.407832384109497,3.408659659717738
2014-10-15,84.6294174194336,3.366670608520508,3.364294770427371
2014-10-16,84.09803009033203,3.322129964828491,3.321679272363515
2014-10-17,85.20661926269531,3.4109036922454834,3.4088906298922312
2014-10-20,86.48014068603516,3.5116584300994873,3.510419444251444
2014-10-21,88.75230407714844,3.6953508853912354,3.694501004602689
2014-10-22,88.29419708251953,3.656032085418701,3.655958930751472
2014-10-23,89.6227035522461,3.768152952194214,3.765578153986827
2014-10-24,90.35567474365234,3.825594186782837,3.8267605450127986
2014-10-27,90.41979217529297,3.835731267929077,3.8317744114455725
2014-10-28,91.78494262695312,3.9490795135498047,3.9470603227213705
2014-10-29,91.44593811035156,3.918670415878296,3.917473385985796
2014-10-30,91.63834381103516,3.9377148151397705,3.9335313599471786
2014-10-31,92.9026870727539,4.044304847717285,4.041645199820982
2014-11-03,93.17757415771484,4.067651748657227,4.065122029447736
2014-11-04,92.86602020263672,4.0424628257751465,4.037494127890466
2014-11-05,92.87522888183594,4.040005683898926,4.037854718080816
2014-11-06,93.16838073730469,4.067035675048828,4.062904757032421
2014-11-07,93.0859603881836,4.057820796966553,4.0552734489456315
2014-11-10,93.4157485961914,4.088845252990723,4.08356570804184
2014-11-11,93.70895385742188,4.112192153930664,4.108754837466174
2014-11-12,93.8738784790039,4.1275506019592285,4.1227694781503965
2014-11-13,94.27700805664062,4.161952972412109,4.157729480308742
2014-11-14,94.57020568847656,4.186836242675781,4.18313697689891
2014-11-17,94.28618621826172,4.1610331535339355,4.157554822209897
2014-11-18,94.99163055419922,4.225847244262695,4.219314818621217
2014-11-19,94.56098937988281,4.186836242675781,4.180598638135856
2014-11-20,94.98250579833984,4.224619388580322,4.217413897645878
2014-11-21,95.16571044921875,4.2402849197387695,4.233223459751514
2014-11-24,95.90782928466797,4.307863235473633,4.298784822172044
2014-11-25,96.05442810058594,4.320766925811768,4.311457922277601
2014-11-26,96.67744445800781,4.376977920532227,4.366916814885683
2014-11-28,97.1263656616211,4.415990829467773,4.406996281454478
2014-12-01,96.0269546508789,4.315235614776611,4.306746867498004
2014-12-02,96.41175079345703,4.349639892578125,4.3407930995786215
2014-12-03,96.5858154296875,4.367149353027344,4.355993896899533
2014-12-04,96.5400161743164,4.360392093658447,4.35138797596253
2014-12-05,96.5491714477539,4.362541198730469,4.351738943774341
2014-12-08,95.86202239990234,4.297727584838867,4.289321127597633
2014-12-09,96.16436004638672,4.329366207122803,4.315909580453775
2014-12-10,94.65263366699219,4.191134929656982,4.1797448676301086
2014-12-11,95.10157012939453,4.2313761711120605,4.218938201013609
2014-12-12,94.06624603271484,4.139222621917725,4.126619271357116
2014-12-15,93.0951156616211,4.054749488830566,4.040963826140497
2014-12-16,91.60169219970703,3.9211273193359375,3.9108737593062783
2014-12-17,93.26919555664062,4.0605854988098145,4.052833338746653
2014-12-18,95.5138931274414,4.261171817779541,4.247469556857734
2014-12-19,95.93413543701172,4.289740562438965,4.284382592377442
2014-12-22,96.17325592041016,4.319246292114258,4.30527360833959
2014-12-23,95.83299255371094,4.2909698486328125,4.274339954524103
2014-12-24,95.91574096679688,4.2958879470825195,4.281255486568035
2014-12-26,96.59627532958984,4.35674524307251,4.341540883523421
2014-12-29,96.57787322998047,4.354899883270264,4.339413433102499
2014-12-30,95.93413543701172,4.293120384216309,4.281091848584721
2014-12-31,94.95014190673828,4.202758312225342,4.192803101013328
2015-01-02,94.66508483886719,4.185239791870117,4.167170969164423
2015-01-05,93.27642059326172,4.057688236236572,4.044458290900534
2015-01-06,92.02578735351562,3.95072865486145,3.9355626800875987
2015-01-07,93.21206665039062,4.0493903160095215,4.036598186561112
2015-01-08,94.99614715576172,4.204297065734863,4.190679264025729
2015-01-09,94.37078094482422,4.150201797485352,4.135047368868364
2015-01-12,93.38679504394531,4.064756870269775,4.0483659213623975
2015-01-13,93.35919952392578,4.058609962463379,4.045532043044281
2015-01-14,92.84425354003906,4.018346309661865,4.000462748892596
2015-01-15,91.63951110839844,3.9123096466064453,3.8962070400787594
2015-01-16,92.71548461914062,4.004516124725342,3.987275934750412
2015-01-20,93.451171875,4.066294193267822,4.050118475221112
2015-01-21,93.92936706542969,4.107479095458984,4.091126359036549
2015-01-22,95.66744232177734,4.259312629699707,4.242085328083524
2015-01-23,95.87896728515625,4.27775239944458,4.260381770386322
2015-01-26,95.76860809326172,4.2691473960876465,4.250109719022218
2015-01-27,93.2856674194336,4.050312042236328,4.029265837031868
2015-01-28,92.80743408203125,4.0060529708862305,3.98751416144548
2015-01-29,93.69947052001953,4.07951021194458,4.063732989862036
2015-01-30,92.97298431396484,4.01988410949707,4.000274785318534
2015-02-02,93.7822494506836,4.08811616897583,4.069477926780413
2015-02-03,94.68346405029297,4.1664910316467285,4.147246824830467
2015-02-04,94.60069274902344,4.156962871551514,4.139543767292544
2015-02-05,95.41910552978516,4.229806423187256,4.210716837762514
2015-02-06,94.83980560302734,4.178479194641113,4.159130367683894
2015-02-09,94.53631591796875,4.151430606842041,4.132058338231046
2015-02-10,96.0077133178711,4.281134605407715,4.2602335964339195
2015-02-11,96.3571548461914,4.313100337982178,4.290781326774944
2015-02-12,97.47907257080078,4.411451816558838,4.3902315104221445
2015-02-13,98.31591796875,4.486752986907959,4.465132079501569
2015-02-17,98.40788269042969,4.495667457580566,4.472998699258304
2015-02-18,98.54583740234375,4.508882522583008,4.485052185143395
2015-02-19,99.03324890136719,4.552834987640381,4.528929744142576
2015-02-20,99.69535064697266,4.613385200500488,4.588993726938841
2015-02-23,99.7965087890625,4.624142169952393,4.597806126700258
2015-02-24,99.87007141113281,4.629980564117432,4.604083240072416
2015-02-25,99.62178802490234,4.6060075759887695,4.58068925146186
2015-02-26,100.12757873535156,4.6527252197265625,4.626703224345279
2015-02-27,99.68614959716797,4.612153053283691,4.585403674459005
2015-03-02,100.5873794555664,4.6951398849487305,4.667814081347606
2015-03-03,100.11837768554688,4.6490373611450195,4.623776652894834
2015-03-04,99.73210906982422,4.61553430557251,4.587594447233477
2015-03-05,99.9068603515625,4.629674434661865,4.603171175567687
2015-03-06,98.77576446533203,4.522715091705322,4.498439738574858
2015-03-09,99.06082153320312,4.547917366027832,4.523913459838539
2015-03-10,97.2215805053711,4.384713172912598,4.355431239637468
2015-03-11,96.66062927246094,4.331540584564209,4.304696320194617
2015-03-12,97.29517364501953,4.390244483947754,4.360744812935968
2015-03-13,96.87213897705078,4.349673748016357,4.322348830541347
2015-03-16,98.12278747558594,4.46431827545166,4.4334832962820885
2015-03-17,98.2791519165039,4.4753828048706055,4.447130029429888
2015-03-18,99.24475860595703,4.564822196960449,4.534032615487835
2015-03-19,99.39189147949219,4.5771164894104,4.5469819909721005
2015-03-20,100.03526306152344,4.6401238441467285,4.6053522667578966
2015-03-23,99.8416976928711,4.617071628570557,4.587027781281797
2015-03-24,99.48221588134766,4.584185600280762,4.553496392312096
2015-03-25,97.20552062988281,4.373813152313232,4.344582383518589
2015-03-26,96.87372589111328,4.344599723815918,4.314449768030576
2015-03-27,97.26083374023438,4.379964351654053,4.348460565475539
2015-03-30,98.37614440917969,4.486671447753906,4.4477159781144815
2015-03-31,97.33455657958984,4.3836541175842285,4.353047991495245
2015-04-01,96.82762908935547,4.338448524475098,4.30723129593342
2015-04-02,96.89215087890625,4.342753887176514,4.312502067822577
2015-04-06,97.6848373413086,4.414097309112549,4.382594162907633
2015-04-07,97.5189437866211,4.398721694946289,4.367230903886085
2015-04-08,98.29319763183594,4.468528747558594,4.436102281570083
2015-04-09,98.91073608398438,4.524497985839844,4.491359353315704
2015-04-10,99.3163070678711,4.560783386230469,4.527702247626106
2015-04-13,99.06742858886719,4.537412643432617,4.504516579093598
2015-04-14,98.78169250488281,4.512196063995361,4.478041153840418
2015-04-15,99.39925384521484,4.565089702606201,4.53354444614732
2015-04-16,99.2610092163086,4.554018974304199,4.5204397173794115
2015-04-17,97.71248626708984,4.413790702819824,4.378904554715696
2015-04-20,99.17806243896484,4.545100688934326,4.509784381020715
2015-04-21,99.60205078125,4.582618236541748,4.547851612725474
2015-04-22,100.14586639404297,4.6321282386779785,4.597017326634111
2015-04-23,100.52377319335938,4.669335842132568,4.6312104740048285
2015-04-24,101.887939453125,4.792959213256836,4.756402076196181
2015-04-27,101.62985229492188,4.771124839782715,4.731787173557537
2015-04-28,101.42707824707031,4.748676300048828,4.712389429393492
2015-04-29,100.79106140136719,4.691786766052246,4.652775943995683
2015-04-30,99.20567321777344,4.540794372558594,4.505897504523468
2015-05-01,100.51454162597656,4.66441535949707,4.624303278545872
2015-05-04,100.68047332763672,4.677025318145752,4.639066987634441
2015-05-05,99.03976440429688,4.528493881225586,4.487362968418302
2015-05-06,98.35769653320312,4.46791410446167,4.425066577536144
2015-05-07,98.94758605957031,4.5165019035339355,4.4776619002547795
2015-05-08,100.18274688720703,4.627514362335205,4.588962919955783
2015-05-11,99.79558563232422,4.589996814727783,4.552994115376764
2015-05-12,99.34396362304688,4.551558017730713,4.51128890309031
2015-05-13,99.54673767089844,4.569087505340576,4.529213384667183
2015-05-14,101.00308227539062,4.701318740844727,4.661242233103872
2015-05-15,101.00308227539062,4.703472137451172,4.660734104427139
2015-05-18,101.44549560546875,4.743755340576172,4.701055891960273
2015-05-19,101.33488464355469,4.731149196624756,4.6902918429957365
2015-05-20,101.39937591552734,4.736375331878662,4.695750513163271
2015-05-21,101.92481994628906,4.787423133850098,4.743904683102916
2015-05-22,101.82339477539062,4.781273365020752,4.733946244413848
2015-05-26,100.65278625488281,4.666877746582031,4.624582948892797
2015-05-27,102.27503204345703,4.8169450759887695,4.773149905175198
2015-05-28,102.04463195800781,4.796034336090088,4.751124149730829
2015-05-29,101.43628692626953,4.741910934448242,4.693958014830499
2015-06-01,101.77730560302734,4.76835823059082,4.725007556856936
2015-06-02,101.45471954345703,4.739450454711914,4.6945403858419406
2015-06-03,101.75888061523438,4.767126560211182,4.722177075020811
2015-06-04,100.98465728759766,4.698243618011475,4.6498057812211755
2015-06-05,100.74496459960938,4.673642158508301,4.627225755143943
2015-06-08,99.72186279296875,4.57954216003418,4.532739009110817
2015-06-09,99.55595397949219,4.564783096313477,4.517162512036798
2015-06-10,100.92010498046875,4.682867527008057,4.6404616162912955
2015-06-11,101.06758117675781,4.6994733810424805,4.653518117511322
2015-06-12,100.238037109375,4.622594833374023,4.576620393841034
2015-06-15,99.74031066894531,4.578927516937256,4.530671578011934
2015-06-16,100.28411865234375,4.625054359436035,4.579582289005255
2015-06-17,100.56062316894531,4.650886058807373,4.604336815313864
2015-06-18,102.02621459960938,4.783116817474365,4.738044014141445
2015-06-19,101.52177429199219,4.737606048583984,4.690675625383843
2015-06-22,102.27008056640625,4.807719707489014,4.759313237234633
2015-06-23,102.35324096679688,4.816329479217529,4.7665344408246115
2015-06-24,101.82665252685547,4.768972396850586,4.716968962924319
2015-06-25,101.62337493896484,4.746216297149658,4.697621692628387
2015-06-26,100.94895935058594,4.688403606414795,4.63475879945907
2015-06-29,98.56543731689453,4.468837261199951,4.415389494386802
2015-06-30,98.91648864746094,4.498973369598389,4.446359928854273
2015-07-01,99.7017822265625,4.567241191864014,4.516474130007308
2015-07-02,99.72946166992188,4.5709309577941895,4.518489531056967
2015-07-06,99.49852752685547,4.549405574798584,4.4970708808239666
2015-07-07,99.74797058105469,4.567241191864014,4.5191289843064215
2015-07-08,98.01115417480469,4.410407066345215,4.361261770126784
2015-07-09,97.95571899414062,4.404257297515869,4.35585287703918
2015-07-10,99.45234680175781,4.542025566101074,4.488480845511679
2015-07-13,101.19841766357422,4.696398735046387,4.645598803328672
2015-07-14,101.86357116699219,4.759130954742432,4.706161246273945
2015-07-15,101.97445678710938,4.770202159881592,4.715894192109658
2015-07-16,103.41565704345703,4.903048992156982,4.848679132436646
2015-07-17,104.94001770019531,5.0457377433776855,4.991090932599299
2015-07-20,105.30030822753906,5.0844831466674805,5.0248186682724185
2015-07-21,105.23562622070312,5.074645519256592,5.01809779252083
2015-07-22,104.04387664794922,4.964552879333496,4.9038950336458615
2015-07-23,103.65589141845703,4.922730445861816,4.866786674720649
2015-07-24,102.63961791992188,4.829245090484619,4.770825262188489
2015-07-27,101.78968811035156,4.746216297149658,4.69129346321602
2015-07-28,102.66732788085938,4.828016757965088,4.7716795600163735
2015-07-29,103.05534362792969,4.867992877960205,4.807227084974238
2015-07-30,103.54499816894531,4.911660671234131,4.852384915514234
2015-07-31,103.42491149902344,4.899975299835205,4.8406008097077216
2015-08-03,103.10153198242188,4.872913360595703,4.809802836619147
2015-08-04,102.90754699707031,4.850157260894775,4.791179276107713
2015-08-05,103.70207214355469,4.923961162567139,4.864640136177757
2015-08-06,102.03911590576172,4.770202159881592,4.708092052481833
2015-08-07,101.9097671508789,4.754212379455566,4.695642495171707
2015-08-10,103.07383728027344,4.861843585968018,4.802403105063128
2015-08-11,101.75273132324219,4.7400665283203125,4.678773987096724
2015-08-12,102.10376739501953,4.76835823059082,4.710546489845856
2015-08-13,101.93749237060547,4.7511372566223145,4.694690825175985
2015-08-14,102.09455871582031,4.766511917114258,4.708646306823983
2015-08-17,102.94450378417969,4.845851898193359,4.786532697233736
2015-08-18,102.41788482666016,4.799108982086182,4.737039304084493
2015-08-19,101.74348449707031,4.734529972076416,4.674138088499186
2015-08-20,98.9257583618164,4.474987030029297,4.414733527640561
2015-08-21,94.6021499633789,4.09120512008667,4.028355225343226
2015-08-24,90.962158203125,3.7830734252929688,3.717919331991891
2015-08-25,90.62035369873047,3.73879075050354,3.689572712125424
2015-08-26,95.18413543701172,4.113346099853516,4.060795729307544
2015-08-27,97.59538269042969,4.3199968338012695,4.266092857317721
2015-08-28,97.57695007324219,4.324917316436768,4.264016349996132
2015-08-31,96.36669158935547,4.213596820831299,4.157777322521392
2015-09-01,93.35494995117188,3.9589734077453613,3.897438615232968
2015-09-02,95.98789978027344,4.173620700836182,4.11685769690762
2015-09-03,95.5167465209961,4.128107070922852,4.075994007440143
2015-09-04,94.38040924072266,4.031546592712402,3.9785676484191286
2015-09-08,97.04110717773438,4.257879257202148,4.202455211244588
2015-09-09,95.95093536376953,4.164393424987793,4.107575291188453
2015-09-10,96.99488830566406,4.251113414764404,4.196508936091632
2015-09-11,97.53074645996094,4.299086570739746,4.242419552010738
2015-09-14,97.235107421875,4.272640228271484,4.2162375014848426
2015-09-15,98.38067626953125,4.3716607093811035,4.315124517852559
2015-09-16,98.93500518798828,4.4227094650268555,4.363281521149266
2015-09-17,98.971923828125,4.427013397216797,4.366062282588248
2015-09-18,97.56426239013672,4.304006576538086,4.241390756562072
2015-09-21,97.86991119384766,4.329222679138184,4.267503209424315
2015-09-22,96.4066390991211,4.200681686401367,4.139429460311812
2015-09-23,96.48076629638672,4.203141689300537,4.145343841190294
2015-09-24,96.12882232666016,4.177308559417725,4.114649057888376
2015-09-25,95.31385040283203,4.103506565093994,4.044433229393636
2015-09-28,92.60039520263672,3.8697926998138428,3.8137133546427635
2015-09-29,92.11885070800781,3.831660509109497,3.773633149080534
2015-09-30,94.23960876464844,4.000795841217041,3.9469747706066802
2015-10-01,94.66560363769531,4.037698268890381,3.982227824359874
2015-10-02,96.32329559326172,4.179155349731445,4.121259515121892
2015-10-05,97.70320129394531,4.3027777671813965,4.238890710166641
2015-10-06,97.24015045166016,4.262183666229248,4.198249347282666
2015-10-07,97.82356262207031,4.310155868530273,4.248168201310973
2015-10-08,98.21253204345703,4.344599723815918,4.281488528072417
2015-10-09,98.65708923339844,4.380885601043701,4.319781952425978
2015-10-12,98.89785766601562,4.406103134155273,4.3403955352867305
2015-10-13,98.25885772705078,4.345213890075684,4.283833958660042
2015-10-14,98.10140228271484,4.335373878479004,4.2696376654536214
2015-10-15,99.71282196044922,4.477446556091309,4.409438888824202
2015-10-16,100.12957000732422,4.516808986663818,4.445816559571387
2015-10-19,100.70374298095703,4.567856788635254,4.496319204804419
2015-10-20,100.18512725830078,4.520498752593994,4.44951773064073
2015-10-21,99.57389068603516,4.463301181793213,4.394739035376407
2015-10-22,101.60205078125,4.645965099334717,4.573287498424538
2015-10-23,104.44517517089844,4.905509948730469,4.828737044056854
2015-10-26,104.50999450683594,4.912890911102295,4.834204145998041
2015-10-27,104.72300720214844,4.929496765136719,4.853383351548831
2015-10-28,105.59355926513672,5.012526035308838,4.933545674572515
2015-10-29,105.42681121826172,4.99714994430542,4.917426246482563
2015-10-30,104.95452117919922,4.9534831047058105,4.8728321109600925
2015-11-02,106.13990783691406,5.066649436950684,4.982371261413383
2015-11-03,106.51038360595703,5.100475788116455,5.016609535979973
2015-11-04,106.51962280273438,5.101705551147461,5.0169329954187045
2015-11-05,106.2325210571289,5.067264080047607,4.989341869306824
2015-11-06,106.30664825439453,5.079564094543457,4.995760925200784
2015-11-09,105.17680358886719,4.971934795379639,4.88902478101248
2015-11-10,104.90821838378906,4.941796779632568,4.863522062350304
2015-11-11,104.77857208251953,4.9319562911987305,4.850971134510188
2015-11-12,103.75987243652344,4.834781646728516,4.756116117402959
2015-11-13,101.72244262695312,4.646580219268799,4.568815366730214
2015-11-16,103.18569946289062,4.778812885284424,4.6997602901311
2015-11-17,103.25052642822266,4.784963130950928,4.705153261419379
2015-11-18,105.23234558105469,4.965783596038818,4.885264371269426
2015-11-19,105.30642700195312,4.974393844604492,4.891610074196282
2015-11-20,106.0195541381836,5.0402021408081055,4.9573280575857686
2015-11-23,105.71392059326172,5.013140678405762,4.9282056465223425
2015-11-24,105.62133026123047,5.006991386413574,4.919035603858146
2015-11-25,105.71392059326172,5.011911392211914,4.927123675040341
2015-11-27,105.8620834350586,5.027902126312256,4.940397735676529
2015-11-30,105.59355926513672,5.0008392333984375,4.914796071903724
2015-12-01,106.6492919921875,5.101090431213379,5.01253733985574
2015-12-02,105.99173736572266,5.040816307067871,4.950180526887826
2015-12-03,104.19512176513672,4.867377281188965,4.781824582469611
2015-12-04,106.63079833984375,5.091865539550781,5.004864218942349
2015-12-07,106.14920043945312,5.048198223114014,4.959109702468696
2015-12-08,106.1584243774414,5.050043106079102,4.959430956152828
2015-12-09,104.54705810546875,4.895668983459473,4.8083330799446315
2015-12-10,105.01934051513672,4.938106536865234,4.851251385074018
2015-12-11,102.60223388671875,4.713005065917969,4.627411449833949
2015-12-14,103.38014221191406,4.786193370819092,4.697075108848501
2015-12-15,104.0098876953125,4.841546535491943,4.7537880259220096
2015-12-16,105.5564956665039,4.977468967437744,4.8946457224127995
2015-12-17,104.01918029785156,4.8397016525268555,4.751541784415037
2015-12-18,102.0238265991211,4.660111427307129,4.568730384111278
2015-12-21,103.15711212158203,4.756056785583496,4.669731689463576
2015-12-22,103.83524322509766,4.817965984344482,4.730618117212695
2015-12-23,104.60624694824219,4.89058256149292,4.8003545688372125
2015-12-24,104.58763885498047,4.8868913650512695,4.798123433813398
2015-12-28,104.53191375732422,4.877659797668457,4.792487429450639
2015-12-29,106.1761245727539,5.030894756317139,4.942729662079395
2015-12-30,105.2193374633789,4.944123268127441,4.8531098038034575
2015-12-31,103.90955352783203,4.822274208068848,4.731756481023837
2016-01-04,101.71730041503906,4.621038436889648,4.531582260224708
2016-01-05,101.54080200195312,4.596421718597412,4.515361991784742
2016-01-06,100.5654296875,4.513341426849365,4.428123177361244
2016-01-07,97.41636657714844,4.232105255126953,4.150319728162382
2016-01-08,96.61750030517578,4.158257484436035,4.081797615900663
2016-01-11,96.91472625732422,4.187796592712402,4.106466451100578
2016-01-12,98.03875732421875,4.285029411315918,4.201273587620493
2016-01-13,94.65745544433594,3.986560583114624,3.9110164505808154
2016-01-14,96.67320251464844,4.153949737548828,4.077161663878141
2016-01-15,93.67279815673828,3.896712303161621,3.8236350017459064
2016-01-19,93.87715148925781,3.913328170776367,3.83990120124096
2016-01-20,93.58919525146484,3.8911736011505127,3.8159257897528813
2016-01-21,93.68208312988281,3.9004054069519043,3.8230844720237926
2016-01-22,96.39454650878906,4.122565746307373,4.04405426285588
2016-01-25,94.96401977539062,4.002560615539551,3.9235832274579487
2016-01-26,95.8186264038086,4.073331832885742,3.9937742630455646
2016-01-27,93.43126678466797,3.869019031524658,3.794325911549851
2016-01-28,94.7503433227539,3.9760992527008057,3.901050003187362
2016-01-29,96.72894287109375,4.142871856689453,4.063550080434144
2016-02-01,96.98904418945312,4.159488201141357,4.084960643353609
2016-02-02,94.88967895507812,3.9834837913513184,3.907674241581013
2016-02-03,94.43449401855469,3.9471752643585205,3.8697581040442692
2016-02-04,94.42523956298828,3.9459447860717773,3.868577793827132
2016-02-05,91.1461181640625,3.6690144538879395,3.599466552936731
2016-02-08,89.75276184082031,3.557626962661743,3.48902363607929
2016-02-09,89.47407531738281,3.5336265563964844,3.4669761294692027
2016-02-10,89.81775665283203,3.5637807846069336,3.49323238447883
2016-02-11,89.68771362304688,3.557011365890503,3.482736198809512
2016-02-12,91.05323028564453,3.659167528152466,3.588407506244063
2016-02-16,93.10618591308594,3.818556308746338,3.749830277871827
2016-02-17,95.21480560302734,3.9964072704315186,3.919269852049607
2016-02-18,94.12796020507812,3.907789707183838,3.829368278243122
2016-02-19,94.40666198730469,3.9305591583251953,3.851627448479338
2016-02-22,95.93939208984375,4.056716442108154,3.9762730165135087
2016-02-23,94.36019134521484,3.9231746196746826,3.8449374706540698
2016-02-24,95.26126861572266,3.9982540607452393,3.917951536151757
2016-02-25,96.19947814941406,4.074563026428223,3.994698705735456
2016-02-26,96.07874298095703,4.065332412719727,3.984236143586523
2016-02-29,95.21480560302734,3.992713689804077,3.9121495356889944
2016-03-01,98.27098846435547,4.246874809265137,4.162865612969751
2016-03-02,98.3081283569336,4.251182556152344,4.1655583852710585
2016-03-03,98.1223373413086,4.236412048339844,4.14935944270088
2016-03-04,98.15950012207031,4.240106105804443,4.152050165691345
2016-03-07,97.55570983886719,4.189027309417725,4.100518076306479
2016-03-08,96.74755096435547,4.1157941818237305,4.032133069569268
2016-03-09,97.36993408203125,4.169949054718018,4.083571455372711
2016-03-10,97.22130584716797,4.159488201141357,4.07065974034475
2016-03-11,98.9212417602539,4.301645755767822,4.212568753421319
2016-03-14,99.08843994140625,4.314569473266602,4.226349830308751
2016-03-15,99.05126953125,4.312722206115723,4.222718302931554
2016-03-16,99.93373107910156,4.389031887054443,4.2974995486726
2016-03-17,99.8780288696289,4.384110450744629,4.29224029290663
2016-03-18,100.03453063964844,4.4007248878479,4.305223660389441
2016-03-21,100.42584991455078,4.432724952697754,4.338437050972662
2016-03-22,100.73330688476562,4.457342147827148,4.364528640948428
2016-03-23,99.90411376953125,4.379801273345947,4.2921990245416675
2016-03-24,99.93208312988281,4.38226318359375,4.29413443145603
2016-03-28,99.79230499267578,4.371185779571533,4.281653640853575
2016-03-29,101.39479064941406,4.505343437194824,4.418698266864274
2016-03-30,101.88858795166016,4.555805683135986,4.461255106555808
2016-03-31,101.73950958251953,4.541651248931885,4.447713800790462
2016-04-01,102.82025909423828,4.635191917419434,4.541722514891762
2016-04-04,102.42894744873047,4.598268985748291,4.506657790014454
2016-04-05,101.44136810302734,4.515189170837402,4.419263693587701
2016-04-06,103.10908508300781,4.660423278808594,4.564089153573749
2016-04-07,101.62771606445312,4.520112037658691,4.432447007735705
2016-04-08,101.55316162109375,4.520112037658691,4.425460503498966
2016-04-11,101.18048858642578,4.485035419464111,4.392497556798041
2016-04-12,102.02832794189453,4.561959266662598,4.465632369631133
2016-04-13,103.33270263671875,4.677655220031738,4.579326752906355
2016-04-14,103.34201049804688,4.677038669586182,4.579652534570242
2016-04-15,103.0811538696289,4.6524248123168945,4.55603331794416
2016-04-18,103.6308364868164,4.701655864715576,4.604126962563746
2016-04-19,102.9972915649414,4.643807888031006,4.547330594949179
2016-04-20,103.0811538696289,4.649346828460693,4.5542399257274795
2016-04-21,103.0904541015625,4.651808261871338,4.554565250688388
2016-04-22,101.5345687866211,4.513341426849365,4.416589849580557
2016-04-25,101.5345687866211,4.512728214263916,4.416108390809759
2016-04-26,101.04073333740234,4.47149658203125,4.37266957805519
2016-04-27,100.23018646240234,4.394571304321289,4.302037959782477
2016-04-28,99.01899719238281,4.292414665222168,4.197596674346549
2016-04-29,98.49727630615234,4.2437968254089355,4.152905680219647
2016-05-02,99.42896270751953,4.322568893432617,4.231017691753732
2016-05-03,98.50660705566406,4.244412899017334,4.152058146187312
2016-05-04,97.87303161621094,4.189027309417725,4.098195054920732
2016-05-05,97.84510803222656,4.188411712646484,4.09540984054975
2016-05-06,98.3668212890625,4.231490612030029,4.138637107533973
2016-05-09,98.64633178710938,4.2536444664001465,4.161705922373424
2016-05-10,99.99727630615234,4.370570182800293,4.275239940120896
2016-05-11,99.09355163574219,4.293030261993408,4.197498989257795
2016-05-12,98.65567016601562,4.2536444664001465,4.159945013649701
2016-05-13,98.29231262207031,4.224104881286621,4.128848642530602
2016-05-16,99.52208709716797,4.326261043548584,4.231713907589151
2016-05-17,98.27367401123047,4.219181060791016,4.125086681410555
2016-05-18,98.6277084350586,4.248720169067383,4.154358544293123
2016-05-19,98.11526489257812,4.2056427001953125,4.110735770636894
2016-05-20,99.1960220336914,4.2942609786987305,4.200848628737976
2016-05-23,99.06560516357422,4.282567024230957,4.189344649911838
2016-05-24,101.05009460449219,4.457342147827148,4.356730479712457
2016-05-25,101.77678680419922,4.52134370803833,4.418917576812262
2016-05-26,102.07492065429688,4.54657506942749,4.444324457395337
2016-05-27,102.60598754882812,4.593344688415527,4.490085097401444
2016-05-31,102.80162811279297,4.611807346343994,4.506718268511953
2016-06-01,102.81095123291016,4.609344959259033,4.507044416820726
2016-06-02,103.02526092529297,4.631500244140625,4.52534298883573
2016-06-03,102.54076385498047,4.5859599113464355,4.482286998342321
2016-06-06,102.91343688964844,4.617344856262207,4.514379127869312
2016-06-07,102.65255737304688,4.598884105682373,4.490999637188802
2016-06-08,102.82955169677734,4.6111907958984375,4.505996898675786
2016-06-09,102.6618881225586,4.595191955566406,4.490811638489097
2016-06-10,101.49727630615234,4.492419719696045,4.388433210649157
2016-06-13,100.64942932128906,4.41426420211792,4.3146381767029744
2016-06-14,100.64942932128906,4.4185709953308105,4.314167831829725
2016-06-15,100.36064147949219,4.391493320465088,4.288940731843059
2016-06-16,100.65878295898438,4.417956352233887,4.3139555111636785
2016-06-17,99.47891235351562,4.315800189971924,4.212353294716622
2016-06-20,100.10480499267578,4.365647315979004,4.264899925285772
2016-06-21,100.42239379882812,4.393955707550049,4.291496330340288
2016-06-22,100.17953491210938,4.3724045753479,4.270271623563405
2016-06-23,101.60879516601562,4.495554447174072,4.39165394585461
2016-06-24,97.42378997802734,4.1304168701171875,4.029413322127586
2016-06-27,95.49005889892578,3.970938205718994,3.869017209931933
2016-06-28,97.58257293701172,4.137804985046387,4.038162263063828
2016-06-29,99.310791015625,4.282505035400391,4.1807563064224675
2016-06-30,100.4598159790039,4.381640911102295,4.277043182311739
2016-07-01,100.96424865722656,4.425358295440674,4.319529042021022
2016-07-05,100.34768676757812,4.369941234588623,4.266301727447697
2016-07-06,101.16978454589844,4.440751075744629,4.335739950715004
2016-07-07,101.46869659423828,4.469076633453369,4.36088770028327
2016-07-08,103.0380859375,4.607002258300781,4.495309694130731
2016-07-11,103.62659454345703,4.66118860244751,4.546170150609533
2016-07-12,104.14973449707031,4.705522060394287,4.59157558701924
2016-07-13,103.8974838256836,4.685202598571777,4.568833459386874
2016-07-14,104.60748291015625,4.744314193725586,4.6307790257430375
2016-07-15,104.43932342529297,4.730767250061035,4.615386001615501
2016-07-18,105.13060760498047,4.793572902679443,4.675981378014227
2016-07-19,104.74758911132812,4.757859706878662,4.641399979086651
2016-07-20,105.9713363647461,4.869926452636719,4.749343296611751
2016-07-21,105.72845458984375,4.8483757972717285,4.727054980109579
2016-07-22,106.16751861572266,4.886551856994629,4.76580024886768
2016-07-25,106.17686462402344,4.88901424407959,4.7661197962933315
2016-07-26,106.29828643798828,4.901330471038818,4.7765011200607335
2016-07-27,107.03628540039062,4.964136600494385,4.842304221683139
2016-07-28,107.40998840332031,5.0023112297058105,4.87558888187576
2016-07-29,107.64350128173828,5.021399974822998,4.896256770945751
2016-08-01,108.21334838867188,5.073739051818848,4.947562989601223
2016-08-02,107.39126586914062,4.996769905090332,4.871851683149481
2016-08-03,107.74624633789062,5.031866550445557,4.9035282836662875
2016-08-04,108.0545425415039,5.05957555770874,4.931054844110294
2016-08-05,109.0914535522461,5.1556315422058105,5.025155898102586
2016-08-08,108.97001647949219,5.145778656005859,5.013420417103127
2016-08-09,109.22221374511719,5.169178009033203,5.036079746835433
2016-08-10,108.94198608398438,5.142702102661133,5.009688964877868
2016-08-11,109.40907287597656,5.1858038902282715,5.052100752910755
2016-08-12,109.48377227783203,5.192575931549072,5.0584486927684535
2016-08-15,109.95088195800781,5.236910343170166,5.101060744843412
2016-08-16,109.34366607666016,5.1796464920043945,5.044162328944985
2016-08-17,109.53983306884766,5.195039749145508,5.061711323089989
2016-08-18,109.56787109375,5.199965476989746,5.063750749302569
2016-08-19,109.53983306884766,5.195655822753906,5.060607151318016
2016-08-22,109.6239013671875,5.201812744140625,5.067823193711554
2016-08-23,109.8200912475586,5.219668865203857,5.085410138098805
2016-08-24,109.11011505126953,5.151322841644287,5.019102407560897
2016-08-25,108.93262481689453,5.134080410003662,5.002226045721514
2016-08-26,109.0914535522461,5.15009069442749,5.016267693360034
2016-08-29,109.24090576171875,5.164868354797363,5.029465152905679
2016-08-30,108.88591766357422,5.131001949310303,4.996229489620857
2016-08-31,108.77381896972656,5.117454528808594,4.9853975481046495
2016-09-01,109.05406951904297,5.143932819366455,5.010543360133718
2016-09-02,109.40907287597656,5.176567077636719,5.042618764568622
2016-09-06,110.09100341796875,5.241835594177246,5.104928852855684
2016-09-07,110.15641021728516,5.2504563331604,5.110438194558143
2016-09-08,109.5118179321289,5.187034606933594,5.050072522064645
2016-09-09,106.75603485107422,4.924111366271973,4.795359402310926
2016-09-12,108.67108154296875,5.098367691040039,4.9668800824934705
2016-09-13,107.69954681396484,5.010932922363281,4.877529424986361
2016-09-14,108.21334838867188,5.061422348022461,4.9235361186176
2016-09-15,109.89482116699219,5.217822074890137,5.076008098327778
2016-09-16,109.84236907958984,5.211049556732178,5.0706092637585
2016-09-19,109.36475372314453,5.164252758026123,5.025960576812685
2016-09-20,109.57078552246094,5.183340072631836,5.044349461629507
2016-09-21,110.64776611328125,5.283707618713379,5.142962251573528
2016-09-22,111.52808380126953,5.369910717010498,5.224236802751347
2016-09-23,110.81633758544922,5.299716472625732,5.156987579888812
2016-09-26,109.88921356201172,5.212279796600342,5.070135478088218
2016-09-27,110.9755630493164,5.313262462615967,5.169828084238788
2016-09-28,111.16284942626953,5.333582401275635,5.186714091884556
2016-09-29,110.35742950439453,5.2529191970825195,5.110988987036769
2016-09-30,111.18158721923828,5.328656196594238,5.186770343292952
2016-10-03,111.02235412597656,5.315725326538086,5.171348050794256
2016-10-04,110.85381317138672,5.3015642166137695,5.155083261684243
2016-10-05,111.24714660644531,5.336660861968994,5.191104011533043
2016-10-06,111.1909408569336,5.332965850830078,5.18529268590428
2016-10-07,110.94742584228516,5.308952808380127,5.162015208497899
2016-10-10,111.64982604980469,5.372374534606934,5.226813187059187
2016-10-11,110.05776977539062,5.217822074890137,5.0771812695418586
2016-10-12,109.964111328125,5.214127063751221,5.0679865021871064
2016-10-13,109.57078552246094,5.176567077636719,5.031179116563991
2016-10-14,109.70191192626953,5.184571266174316,5.042672564251266
2016-10-17,109.40221405029297,5.15809440612793,5.014570404668701
2016-10-18,110.37620544433594,5.24922513961792,5.103311685599718
2016-10-19,110.36680603027344,5.2461466789245605,5.101886190929894
2016-10-20,110.23571014404297,5.236294746398926,5.0892097833454235
2016-10-21,110.64776611328125,5.275701999664307,5.126701461344408
2016-10-24,111.97761535644531,5.401930809020996,5.249375808791292
2016-10-25,111.6217269897461,5.364371299743652,5.215436330411103
2016-10-26,110.86317443847656,5.294790267944336,5.143982260110446
2016-10-27,110.35742950439453,5.247992992401123,5.0964890072194065
2016-10-28,109.6644515991211,5.175336837768555,5.031927695176489
2016-10-31,109.56143188476562,5.165484428405762,5.021925086583985
2016-11-01,108.73731994628906,5.09159517288208,4.945828637359522
2016-11-02,107.8663558959961,5.007238388061523,4.8660593013550395
2016-11-03,106.80811309814453,4.911181449890137,4.7700500990673484
2016-11-04,106.43352508544922,4.873620986938477,4.736071909422283
2016-11-07,108.96206665039062,5.1094512939453125,4.960585371702904
2016-11-08,109.67382049560547,5.175336837768555,5.024850939154681
2016-11-09,110.17952728271484,5.219054698944092,5.070642421713989
2016-11-10,108.40017700195312,5.0497236251831055,4.9063124314471676
2016-11-11,108.44697570800781,5.055266380310059,4.91001391016612
2016-11-14,107.35128784179688,4.954282760620117,4.810262568600409
2016-11-15,108.84031677246094,5.092209815979004,4.943180844323484
2016-11-16,109.48651123046875,5.150705337524414,5.001338173138338
2016-11-17,110.28253173828125,5.224595069885254,5.073517321410895
2016-11-18,109.87049865722656,5.187034606933594,5.035053314538155
2016-11-21,111.01301574707031,5.29171085357666,5.139221071318801
2016-11-22,111.35016632080078,5.326192855834961,5.16987684078176
2016-11-23,110.900634765625,5.283091068267822,5.127570664222032
2016-11-25,111.25650024414062,5.315725326538086,5.1599190934519
2016-11-28,111.0036392211914,5.292942047119141,5.135901930223768
2016-11-29,111.38760375976562,5.32804012298584,5.1708725007959035
2016-11-30,110.03904724121094,5.195039749145508,5.045102535426064
2016-12-01,108.13794708251953,5.020783424377441,4.870228165455775
2016-12-02,108.35334014892578,5.036178112030029,4.889098647440737
2016-12-05,109.19620513916016,5.113761901855469,4.964628864906139
2016-12-06,109.45841979980469,5.140238285064697,4.987930955084776
2016-12-07,110.84442901611328,5.268928527832031,5.113705833709826
2016-12-08,111.04112243652344,5.286786079406738,5.131296921591332
2016-12-09,111.91203308105469,5.369295120239258,5.211228472623979
2016-12-12,111.40632629394531,5.320034980773926,5.16356351253013
2016-12-13,112.81110382080078,5.454883575439453,5.293220482836975
2016-12-14,112.57697296142578,5.43025541305542,5.2706721088697055
2016-12-15,112.75489807128906,5.447494983673096,5.2867578781082205
2016-12-16,112.3369369506836,5.411165237426758,5.246987534300486
2016-12-19,112.79715728759766,5.454267978668213,5.289407117823394
2016-12-20,113.22921752929688,5.496754169464111,5.329351790593212
2016-12-21,113.14470672607422,5.484986782073975,5.320815502018042
2016-12-22,112.8253402709961,5.453563213348389,5.2901980090685745
2016-12-23,112.90048217773438,5.459724426269531,5.296667882351712
2016-12-27,113.48284912109375,5.520106792449951,5.350733374491558
2016-12-28,112.59994506835938,5.432612895965576,5.266891966107119
2016-12-29,112.44024658203125,5.414129257202148,5.251377937512084
2016-12-30,111.28496551513672,5.30630350112915,5.142893627392226
2017-01-03,112.28058624267578,5.398109436035156,5.234355693153106
2017-01-04,112.89112091064453,5.454794406890869,5.290709544016491
2017-01-05,113.52980041503906,5.515793800354004,5.349996986097324
2017-01-06,114.52542877197266,5.612529277801514,5.443250084151094
2017-01-09,114.90113067626953,5.650115966796875,5.478369988899152
2017-01-10,115.15473937988281,5.674760341644287,5.50195639821186
2017-01-11,115.4646987915039,5.701256275177002,5.530975605671792
2017-01-12,115.28623962402344,5.6840033531188965,5.51327560853562
2017-01-13,115.68073272705078,5.724670886993408,5.550405887312505
2017-01-17,115.33319854736328,5.688932418823242,5.5164511833889165
2017-01-18,115.56803894042969,5.7148118019104,5.538314921004533
2017-01-19,115.51167297363281,5.705568790435791,5.532308779855039
2017-01-20,115.76526641845703,5.730830669403076,5.55599687187286
2017-01-23,115.85921478271484,5.739457130432129,5.564409053229418
2017-01-24,116.6387939453125,5.817709445953369,5.638684684642933
2017-01-25,117.8128890991211,5.9335455894470215,5.75158887903213
2017-01-26,117.93499755859375,5.9427876472473145,5.762884484706824
2017-01-27,118.1604232788086,5.965583801269531,5.78428708501098
2017-01-30,117.23992919921875,5.876244068145752,5.693534951665578
2017-01-31,117.0051040649414,5.851596832275391,5.670106616140502
2017-02-01,117.8128890991211,5.931081295013428,5.747779577499888
2017-02-02,117.70958709716797,5.9206061363220215,5.737073340366837
2017-02-03,118.04771423339844,5.951413154602051,5.769408038868439
2017-02-06,118.18860626220703,5.967433929443359,5.782550887939191
2017-02-07,118.62065887451172,6.01056432723999,5.824198139149684
2017-02-08,118.8178939819336,6.03336238861084,5.842931469096752
2017-02-09,119.24996185302734,6.075260162353516,5.884788845422094
2017-02-10,119.64446258544922,6.114077568054199,5.923083256554892
2017-02-13,120.32074737548828,6.183703899383545,5.989397480999454
2017-02-14,120.7246322631836,6.223136901855469,6.0289542108928496
2017-02-15,121.43844604492188,6.294610023498535,6.099592305327254
2017-02-16,121.40089416503906,6.292761325836182,6.095155079517245
2017-02-17,121.92692565917969,6.347599506378174,6.147311394430821
2017-02-21,122.5280532836914,6.407982349395752,6.2072565689898775
2017-02-22,122.57501220703125,6.413527488708496,6.21133777399508
2017-02-23,122.11473083496094,6.367315769195557,6.164012283940748
2017-02-24,122.34956359863281,6.387034893035889,6.187047746881702
2017-02-27,122.4998779296875,6.404902458190918,6.201575662472193
2017-02-28,122.12416076660156,6.364234924316406,6.162858138436015
2017-03-01,123.4579086303711,6.502254486083984,6.2967984820704554
2017-03-02,122.8380126953125,6.438173770904541,6.2328782034793235
2017-03-03,123.06340026855469,6.460355281829834,6.25507136362907
2017-03-06,122.79105377197266,6.432628631591797,6.226703812416879
2017-03-07,122.58435821533203,6.40675163269043,6.205062069945846
2017-03-08,122.8004379272461,6.430164337158203,6.226260999779053
2017-03-09,122.8943099975586,6.438789367675781,6.235101320340005
2017-03-10,123.41095733642578,6.494243621826172,6.286846320399641
2017-03-13,123.61759948730469,6.5139617919921875,6.307214663007627
2017-03-14,123.31700134277344,6.480072498321533,6.275852879612497
2017-03-15,124.07781219482422,6.560788631439209,6.352607161626824
2017-03-16,123.99329376220703,6.555859088897705,6.343260208235973
2017-03-17,123.95001983642578,6.54353666305542,6.338141097508296
2017-03-20,124.06294250488281,6.5577073097229,6.348998690340287
2017-03-21,122.1805191040039,6.363002777099609,6.155638186738073
2017-03-22,123.00875854492188,6.446138381958008,6.23842304753636
2017-03-23,122.69818878173828,6.4159417152404785,6.206241726078053
2017-03-24,122.95231628417969,6.43442964553833,6.231273406111014
2017-03-27,123.14996337890625,6.460312366485596,6.250627796419145
2017-03-28,123.90291595458984,6.5373454093933105,6.326380473924095
2017-03-29,124.47709655761719,6.598357200622559,6.38432520012585
2017-03-30,124.68418884277344,6.616843223571777,6.404872412673477
2017-03-31,124.59944915771484,6.61006498336792,6.395468262964209
2017-04-03,124.52415466308594,6.600203990936279,6.387041618667105
2017-04-04,124.72176361083984,6.618692398071289,6.406616711541532
2017-04-05,124.21356201171875,6.5681586265563965,6.353708457913
2017-04-06,124.2794189453125,6.57432222366333,6.359753191298527
2017-04-07,124.21356201171875,6.567543029785156,6.352319709155186
2017-04-10,124.26065826416016,6.573704242706299,6.356444267333902
2017-04-11,123.72410583496094,6.517625331878662,6.3008576106430905
2017-04-12,123.22525024414062,6.463394641876221,6.249360629776684
2017-04-13,122.73579406738281,6.40854549407959,6.199033901082677
2017-04-17,123.7523422241211,6.513311862945557,6.301044015132147
2017-04-18,123.56413269042969,6.496671676635742,6.281191163899862
2017-04-19,123.76174926757812,6.51516056060791,6.300597507072128
2017-04-20,124.79710388183594,6.618692398071289,6.40532858362955
2017-04-21,124.76887512207031,6.618692398071289,6.401732594384711
2017-04-24,126.27485656738281,6.778304576873779,6.555574724741453
2017-04-25,127.18788146972656,6.876906871795654,6.649659692593189
2017-04-26,127.00898742675781,6.857186794281006,6.63022886263381
2017-04-27,127.77140808105469,6.937302112579346,6.709107126924321
2017-04-28,127.99727630615234,6.961953639984131,6.732095839260434
2017-05-01,129.13613891601562,7.079659461975098,6.851160329253869
2017-05-02,129.3526153564453,7.108623504638672,6.873383261451901
2017-05-03,128.93849182128906,7.062403678894043,6.828623590254538
2017-05-04,128.98556518554688,7.067333698272705,6.832865232964236
2017-05-05,129.45616149902344,7.117867469787598,6.881978993322051
2017-05-08,129.73851013183594,7.148680686950684,6.9112484757771675
2017-05-09,130.19033813476562,7.199214935302734,6.95863336970915
2017-05-10,130.26559448242188,7.205376625061035,6.965919656226838
2017-05-11,130.16209411621094,7.193668365478516,6.954090979657633
2017-05-12,130.4539031982422,7.226330280303955,6.98451351669684
2017-05-15,130.86801147460938,7.2707014083862305,7.02809491239186
2017-05-16,131.4139404296875,7.333559513092041,7.085965566728397
2017-05-17,128.07261657714844,6.957638740539551,6.72485834904801
2017-05-18,129.19261169433594,7.075961112976074,6.8417430441039535
2017-05-19,129.73851013183594,7.139436721801758,6.898816262821116
2017-05-22,130.83033752441406,7.259609699249268,7.014179567871609
2017-05-23,130.96212768554688,7.271317958831787,7.027546218914821
2017-05-24,131.5645294189453,7.340338706970215,7.091430979759199
2017-05-25,132.6846160888672,7.461743354797363,7.211405026896992
2017-05-26,132.91986083984375,7.487626552581787,7.236189992082567
2017-05-30,133.03280639648438,7.50180196762085,7.247698732565689
2017-05-31,132.9857940673828,7.492557048797607,7.241786136698724
2017-06-01,133.50343322753906,7.557881832122803,7.297373128321788
2017-06-02,135.0282440185547,7.721808433532715,7.463271670842386
2017-06-05,135.0,7.72057580947876,7.459335886091477
2017-06-06,134.4634552001953,7.663878917694092,7.399229875750439
2017-06-07,134.99057006835938,7.718726634979248,7.4564352319779665
2017-06-08,135.13177490234375,7.736597537994385,7.471221776793616
2017-06-09,131.75274658203125,7.347735404968262,7.096765081774306
2017-06-12,131.04684448242188,7.266388416290283,7.019945655341343
2017-06-13,132.11044311523438,7.38409423828125,7.133130563373678
2017-06-14,131.5363006591797,7.318153381347656,7.070352828850873
2017-06-15,130.95272827148438,7.249748706817627,7.006845592980592
2017-06-16,130.3845672607422,7.197364807128906,6.945280949109977
2017-06-19,132.5647430419922,7.428465366363525,7.176789563671014
2017-06-20,131.5265350341797,7.314456939697266,7.063594209086682
2017-06-21,132.82896423339844,7.457253932952881,7.202717357264091
2017-06-22,132.79124450683594,7.451706886291504,7.197841436483998
2017-06-23,133.3008575439453,7.506559371948242,7.252303110127854
2017-06-26,132.67794799804688,7.4393815994262695,7.183733084715084
2017-06-27,130.2713165283203,7.169440746307373,6.922340004378333
2017-06-28,132.14944458007812,7.369123458862305,7.121184830700956
2017-06-29,129.8560333251953,7.115822792053223,6.873236779577829
2017-06-30,129.90321350097656,7.107194900512695,6.877481980330007
2017-07-03,128.53472900390625,6.970991611480713,6.731828566508781
2017-07-05,129.79942321777344,7.106576919555664,6.863567939017193
2017-07-06,128.62911987304688,6.97653865814209,6.739052517351429
2017-07-07,130.01651000976562,7.121985912322998,6.883692352507883
2017-07-10,130.86590576171875,7.2205939292907715,6.972884052436821
2017-07-11,131.23399353027344,7.26003885269165,7.011349321983411
2017-07-12,132.79124450683594,7.435684680938721,7.176981382496081
2017-07-13,133.08377075195312,7.466498374938965,7.207819398673607
2017-07-14,134.13140869140625,7.579897880554199,7.320513842970686
2017-07-17,134.19744873046875,7.587910175323486,7.326924381304028
2017-07-18,135.0940704345703,7.6914496421813965,7.42403332776995
2017-07-19,135.88685607910156,7.780196189880371,7.510358373860788
2017-07-20,136.06617736816406,7.799916744232178,7.529361548787014
2017-07-21,136.00953674316406,7.788824081420898,7.522272228112994
2017-07-24,136.63246154785156,7.857850551605225,7.590356352673527
2017-07-25,136.28323364257812,7.824570178985596,7.550727533876761
2017-07-26,136.72682189941406,7.8726420402526855,7.599058139907497
2017-07-27,135.86793518066406,7.780196189880371,7.502758654722215
2017-07-28,135.75474548339844,7.759241580963135,7.489439879388644
2017-07-31,135.1790313720703,7.690216541290283,7.425100417209331
2017-08-01,135.4904327392578,7.723496913909912,7.458500243176178
2017-08-02,135.85850524902344,7.765405654907227,7.498210616871145
2017-08-03,135.32998657226562,7.713635444641113,7.439053936438645
2017-08-04,135.5753936767578,7.7333574295043945,7.46522292312569
2017-08-07,136.43431091308594,7.827035427093506,7.558998691816638
2017-08-08,136.1982879638672,7.804847240447998,7.532021470839694
2017-08-09,136.01895141601562,7.782660961151123,7.511365097671476
2017-08-10,133.10269165039062,7.444928169250488,7.188457452445475
2017-08-11,134.11251831054688,7.557095527648926,7.296748947657473
2017-08-14,135.8396759033203,7.753078460693359,7.483894741509266
2017-08-15,135.93405151367188,7.762939929962158,7.493477892885637
2017-08-16,136.1699676513672,7.79252290725708,7.518671165612991
2017-08-17,133.3857879638672,7.474510669708252,7.210392684141302
2017-08-18,133.2914581298828,7.454789161682129,7.199408353874676
2017-08-21,133.1215362548828,7.446160793304443,7.180267716683831
2017-08-22,135.15072631835938,7.66802978515625,7.398384621271471
2017-08-23,134.6693878173828,7.6100969314575195,7.344879507904195
2017-08-24,134.27296447753906,7.570652961730957,7.3008369088549365
2017-08-25,133.98985290527344,7.536141395568848,7.269253728284878
2017-08-28,134.40509033203125,7.5743513107299805,7.3135164428467405
2017-08-29,134.93360900878906,7.637214183807373,7.370236799672838
2017-08-30,136.51922607421875,7.819639682769775,7.5426500004874
2017-08-31,137.98202514648438,7.965085506439209,7.7034662648645655
2017-09-01,137.79330444335938,7.963855743408203,7.681554137313116
2017-09-05,136.5569610595703,7.817174911499023,7.542872056079101
2017-09-06,136.97219848632812,7.862781524658203,7.587921977314622
2017-09-07,137.29315185546875,7.900990962982178,7.622654857242821
2017-09-08,136.10394287109375,7.766637802124023,7.4897717259849825
2017-09-11,137.6705780029297,7.9342732429504395,7.661378467523575
2017-09-12,138.00099182128906,7.9786458015441895,7.6973183995408085
2017-09-13,138.189697265625,8.000831604003906,7.717530252404526
2017-09-14,137.3780517578125,7.904689788818359,7.626032430019719
2017-09-15,137.84991455078125,7.955225467681885,7.677588526980632
2017-09-18,137.6692657470703,7.9379706382751465,7.65662901345855
2017-09-19,137.90577697753906,7.965085506439209,7.6821020225605325
2017-09-20,137.4801025390625,7.918248653411865,7.63383982162576
2017-09-21,136.63833618164062,7.814708709716797,7.539526343146049
2017-09-22,136.50584411621094,7.802383899688721,7.524082967614359
2017-09-25,135.0681610107422,7.639679431915283,7.364775081025235
2017-09-26,135.41815185546875,7.676657676696777,7.402139689491453
2017-09-27,136.63833618164062,7.813477516174316,7.534726629217828
2017-09-28,136.59097290039062,7.806081771850586,7.528681696396039
2017-09-29,137.57469177246094,7.915782451629639,7.636303088370797
2017-10-02,137.69764709472656,7.926876068115234,7.64912030730801
2017-10-03,137.99085998535156,7.966318607330322,7.680862486109548
2017-10-04,138.12326049804688,7.977414608001709,7.694764568229883
2017-10-05,139.47584533691406,8.135186195373535,7.844629142341257
2017-10-06,139.66505432128906,8.152444839477539,7.865057591864195
2017-10-09,139.50421142578125,8.137651443481445,7.846084889830782
2017-10-10,139.6082763671875,8.148744583129883,7.856935350601397
2017-10-11,140.02447509765625,8.19804859161377,7.902924881510836
2017-10-12,139.7690887451172,8.167235374450684,7.873235566973345
2017-10-13,140.30825805664062,8.226399421691895,7.93312043914201
2017-10-16,140.7906036376953,8.283097267150879,7.986799905958352
2017-10-17,140.9703369140625,8.301587104797363,8.006321150072875
2017-10-18,140.80006408691406,8.283097267150879,7.986107294453111
2017-10-19,140.27980041503906,8.221468925476074,7.926218541151671
2017-10-20,140.65818786621094,8.263379096984863,7.968114485589737
2017-10-23,139.74069213867188,8.15614128112793,7.863295846116816
2017-10-24,139.97714233398438,8.1869535446167,7.88904905673624
2017-10-25,139.44749450683594,8.12039566040039,7.828487631527611
2017-10-26,139.00294494628906,8.073556900024414,7.77772081610502
2017-10-27,143.05117797851562,8.529620170593262,8.229899707492956
2017-10-30,143.372802734375,8.576457023620605,8.266009442691235
2017-10-31,143.91189575195312,8.638089179992676,8.327270044791021
2017-11-01,143.86459350585938,8.634391784667969,8.320888114330337
2017-11-02,143.59031677246094,8.594945907592773,8.288253624924266
2017-11-03,144.9712677001953,8.75765323638916,8.4467713276641
2017-11-06,145.46311950683594,8.819282531738281,8.503166162605988
2017-11-07,145.54824829101562,8.829142570495605,8.512191766352887
2017-11-08,146.1346893310547,8.901867866516113,8.579858256807613
2017-11-09,145.3685760498047,8.80325698852539,8.488962885280214
2017-11-10,145.3590850830078,8.805723190307617,8.486929019762586
2017-11-13,145.53884887695312,8.824212074279785,8.506995209117834
2017-11-14,145.0090789794922,8.763814926147461,8.444135932067677
2017-11-15,144.32810974121094,8.672601699829102,8.363907331014452
2017-11-16,146.17250061035156,8.89816665649414,8.576762857675188
2017-11-17,145.61441040039062,8.830375671386719,8.510335308545487
2017-11-20,145.50099182128906,8.815583229064941,8.496150241098217
2017-11-21,147.0805206298828,9.00294017791748,8.679688978943727
2017-11-22,147.26025390625,9.02759075164795,8.699956057391198
2017-11-24,147.79937744140625,9.094152450561523,8.762709183572985
2017-11-27,147.73321533203125,9.084293365478516,8.753908728021786
2017-11-28,148.1115264892578,9.129898071289062,8.797787989643533
2017-11-29,145.52935791015625,8.816815376281738,8.490068582093029
2017-11-30,146.74945068359375,8.958565711975098,8.631501578221284
2017-12-01,146.12522888183594,8.882143020629883,8.557129754786672
2017-12-04,144.44161987304688,8.677531242370605,8.359011805074248
2017-12-05,144.5362091064453,8.679996490478516,8.369048564671862
2017-12-06,145.18881225585938,8.758881568908691,8.443711318132344
2017-12-07,145.6807403564453,8.820515632629395,8.500008748833686
2017-12-08,146.3238525390625,8.89816665649414,8.574129259436429
2017-12-11,147.4588623046875,9.03622055053711,8.706210768015065
2017-12-12,147.26025390625,9.010334014892578,8.681809366597161
2017-12-13,147.54400634765625,9.042383193969727,8.714320513048111
2017-12-14,147.4399871826172,9.028824806213379,8.701083284926206
2017-12-15,149.1141815185547,9.226042747497559,8.897737936401345
2017-12-18,150.36428833007812,9.38504695892334,9.045957316428764
2017-12-19,149.47337341308594,9.27904224395752,8.937775826372617
2017-12-20,149.3122100830078,9.255622863769531,8.91752795066874
2017-12-21,149.33119201660156,9.256855964660645,8.918823193610026
2017-12-22,149.16053771972656,9.23466968536377,8.89746624361697
2017-12-26,148.35494995117188,9.13482666015625,8.800389263432365
2017-12-27,148.37388610839844,9.136061668395996,8.801676499385199
2017-12-28,148.55401611328125,9.154549598693848,8.8220879738725
2017-12-29,147.63453674316406,9.03868579864502,8.71191712920257
2018-01-02,150.22218322753906,9.351767539978027,9.01636157798317
2018-01-03,151.68185424804688,9.53419017791748,9.190598108829462
2018-01-04,151.94720458984375,9.568705558776855,9.221752063736686
2018-01-05,153.47323608398438,9.758526802062988,9.405978021049208
2018-01-08,154.0703582763672,9.831252098083496,9.478144814018792
2018-01-09,154.07981872558594,9.839876174926758,9.478275569205024
2018-01-10,153.7196044921875,9.78564453125,9.43292491211043
2018-01-11,154.77174377441406,9.92123031616211,9.561024593392553
2018-01-12,155.90916442871094,10.061744689941406,9.700510656066495
2018-01-16,155.46368408203125,10.005045890808105,9.64401851556128
2018-01-17,157.1412811279297,10.220749855041504,9.851102979580288
2018-01-18,157.16976928710938,10.22445011138916,9.853600911732308
2018-01-19,157.66265869140625,10.289778709411621,9.91432916945409
2018-01-22,159.34974670410156,10.507950782775879,10.125427308846719
2018-01-23,160.66725158691406,10.679281234741211,10.291757737111915
2018-01-24,159.62461853027344,10.548625946044922,10.157061281432386
2018-01-25,159.56781005859375,10.535065650939941,10.148724495069938
2018-01-26,162.01319885253906,10.843218803405762,10.45867811364648
2018-01-29,161.2264862060547,10.745843887329102,10.355966343596561
2018-01-30,159.89956665039062,10.573278427124023,10.184374933507526
2018-01-31,160.56298828125,10.650931358337402,10.267774450559031
2018-02-01,159.19813537597656,10.47467041015625,10.092094346451798
2018-02-02,156.0229034423828,10.050653457641602,9.688417364020141
2018-02-05,149.87149047851562,9.272880554199219,8.923403426814106
2018-02-06,153.84283447265625,9.74496841430664,9.395341225331158
2018-02-07,151.85240173339844,9.495981216430664,9.151201448285967
2018-02-08,145.44508361816406,8.704649925231934,8.377945299207015
2018-02-09,147.95681762695312,8.990615844726562,8.666394419791166
2018-02-12,150.58229064941406,9.318485260009766,8.973017596012427
2018-02-13,151.35955810546875,9.402301788330078,9.064672300331173
2018-02-14,154.1934814453125,9.762224197387695,9.403122062326416
2018-02-15,157.05599975585938,10.112284660339355,9.751224731593249
2018-02-16,156.3546600341797,10.037093162536621,9.66307278430356
2018-02-20,156.66744995117188,10.061744689941406,9.700681652213614
2018-02-21,156.22195434570312,10.002580642700195,9.64445494015707
2018-02-22,156.20301818847656,10.01367473602295,9.64106551456346
2018-02-23,159.39720153808594,10.40933895111084,10.034313323434043
2018-02-26,161.51083374023438,10.682979583740234,10.29933264451748
2018-02-27,159.51092529296875,10.416735649108887,10.043146856655376
2018-02-28,158.4872589111328,10.286079406738281,9.913147616975092
2018-03-01,155.89967346191406,9.960673332214355,9.588367555178655
2018-03-02,157.33090209960938,10.134469032287598,9.763373307466825
2018-03-05,159.07489013671875,10.353872299194336,9.978759870030535
2018-03-06,159.74789428710938,10.440155029296875,10.062107104273142
2018-03-07,160.11753845214844,10.486993789672852,10.107576081336202
2018-03-08,160.99900817871094,10.604090690612793,10.217761515743364
2018-03-09,164.12692260742188,11.007155418395996,10.613672266225816
2018-03-12,164.99887084960938,11.108224868774414,10.725288622093553
2018-03-13,162.75250244140625,10.834589958190918,10.432081692668977
2018-03-14,162.72402954101562,10.825960159301758,10.427294374467806
2018-03-15,162.58187866210938,10.796378135681152,10.407939730908577
2018-03-16,162.09849548339844,10.744608879089355,10.344916047539177
2018-03-19,158.6399383544922,10.28854751586914,9.902347059898252
2018-03-20,159.1620635986328,10.346477508544922,9.966449983548827
2018-03-21,158.46902465820312,10.250334739685059,9.878569754507014
2018-03-22,154.55763244628906,9.740036010742188,9.3898397113896
2018-03-23,150.48483276367188,9.222341537475586,8.89394652029794
2018-03-26,156.07666015625,9.916298866271973,9.553952744168035
2018-03-27,151.02593994140625,9.261784553527832,8.934569700580973
2018-03-28,149.28863525390625,9.059638023376465,8.728040713429149
2018-03-29,152.02279663085938,9.39244270324707,9.046790375472384
2018-04-02,147.63671875,8.852561950683594,8.52377815953783
2018-04-03,149.29812622070312,9.042383193969727,8.714691065312522
2018-04-04,151.65257263183594,9.276578903198242,8.98860416712235
2018-04-05,152.51649475097656,9.426955223083496,9.090035414049948
2018-04-06,148.69998168945312,8.972125053405762,8.63411352055092
2018-04-09,149.74429321289062,9.076896667480469,8.754446080962259
2018-04-10,153.04812622070312,9.4762601852417,9.139793318208946
2018-04-11,152.1652069091797,9.37765121459961,9.03334387177808
2018-04-12,153.99757385253906,9.592123031616211,9.249917418695546
2018-04-13,153.20001220703125,9.50214672088623,9.15309744102068
2018-04-16,154.36773681640625,9.636496543884277,9.291633542812905
2018-04-17,157.6905975341797,10.046955108642578,9.690636930981585
2018-04-18,158.01333618164062,10.093794822692871,9.729247370721264
2018-04-19,156.56080627441406,9.922463417053223,9.549315505094869
2018-04-20,154.08294677734375,9.599519729614258,9.24600395007125
2018-04-23,153.69374084472656,9.547752380371094,9.198286129026668
2018-04-24,150.43736267089844,9.142221450805664,8.807506988814712
2018-04-25,150.61773681640625,9.170573234558105,8.827667242104772
2018-04-26,153.78866577148438,9.54035472869873,9.198399604416863
2018-04-27,153.8835906982422,9.556379318237305,9.208752163204338
2018-04-30,152.79185485839844,9.417094230651855,9.077084277597116
2018-05-01,154.53868103027344,9.624171257019043,9.283646259215349
2018-05-02,153.62728881835938,9.520634651184082,9.173133587128406
2018-05-03,153.60829162597656,9.514470100402832,9.169864954099713
2018-05-04,156.52281188964844,9.873157501220703,9.516838180287051
2018-05-07,157.8234405517578,10.028465270996094,9.673961356459458
2018-05-08,157.662109375,10.006280899047852,9.653128840298173
2018-05-09,159.38040161132812,10.238008499145508,9.862487225533568
2018-05-10,161.03236389160156,10.445085525512695,10.0658595334062
2018-05-11,160.88047790527344,10.425365447998047,10.045773969658034
2018-05-14,161.15576171875,10.456180572509766,10.07905766648652
2018-05-15,159.37091064453125,10.22568130493164,9.85470142572742
2018-05-16,160.42478942871094,10.362499237060547,9.98396035530338
2018-05-17,159.80767822265625,10.27498722076416,9.906060745594857
2018-05-18,158.9817352294922,10.168981552124023,9.802584772224629
2018-05-21,159.8741455078125,10.287314414978027,9.911565642839992
2018-05-22,159.66526794433594,10.257731437683105,9.884586000842706
2018-05-23,161.0133819580078,10.429062843322754,10.050427035556517
2018-05-24,160.96591186523438,10.419201850891113,10.043405274428466
2018-05-25,161.1273193359375,10.441389083862305,10.062452340799213
2018-05-29,160.41526794433594,10.347711563110352,9.972419746728145
2018-05-30,161.56398010253906,10.491927146911621,10.114154952070928
2018-05-31,161.45957946777344,10.478368759155273,10.099981111281572
2018-06-01,163.994384765625,10.807472229003906,10.416005730384578
2018-06-04,165.47537231445312,10.992364883422852,10.602998351921164
2018-06-05,165.98806762695312,11.06385326385498,10.667545423664166
2018-06-06,166.9564666748047,11.195740699768066,10.790854629111642
2018-06-07,165.598876953125,11.020710945129395,10.614188803786115
2018-06-08,165.6083221435547,11.009618759155273,10.614242529549113
2018-06-11,166.05455017089844,11.068785667419434,10.67028514775596
2018-06-12,166.92794799804688,11.185881614685059,10.781367053503912
2018-06-13,166.91848754882812,11.176021575927734,10.77896971815097
2018-06-14,168.60830688476562,11.408981323242188,10.996039073709934
2018-06-15,168.01976013183594,11.328864097595215,10.918074493072185
2018-06-18,167.92269897460938,11.315303802490234,10.904270056319293
2018-06-19,167.44696044921875,11.2462797164917,10.8412960163475
2018-06-20,168.63621520996094,11.40651798248291,10.994109974264758
2018-06-21,167.1710662841797,11.204370498657227,10.801872947704869
2018-06-22,166.80003356933594,11.132879257202148,10.752746354100081
2018-06-25,163.0419921875,10.648465156555176,10.267050709018307
2018-06-26,163.70799255371094,10.738445281982422,10.349809991260495
2018-06-27,161.48170471191406,10.43399429321289,10.067184722200063
2018-06-28,162.8707275390625,10.62381362915039,10.239277793845183
2018-06-29,163.30841064453125,10.657094955444336,10.293193693331446
2018-07-02,164.40249633789062,10.817334175109863,10.4299902454601
2018-07-03,162.4996795654297,10.564648628234863,10.187417016170023
2018-07-05,164.5166473388672,10.827192306518555,10.439201638475435
2018-07-06,167.07595825195312,11.153833389282227,10.762859502526604
2018-07-09,168.5791778564453,11.360912322998047,10.955357915534742
2018-07-10,168.7028350830078,11.378167152404785,10.970235738204448
2018-07-11,167.84654235839844,11.264769554138184,10.857675598844285
2018-07-12,170.7388458251953,11.634549140930176,11.230687277864345
2018-07-13,170.8815460205078,11.657968521118164,11.248235783107674
2018-07-16,170.47242736816406,11.60743236541748,11.193149327301995
2018-07-17,171.50946044921875,11.752880096435547,11.328111475555895
2018-07-18,171.1859893798828,11.70111083984375,11.284146387077381
2018-07-19,170.32972717285156,11.586479187011719,11.170031018793011
2018-07-20,170.29165649414062,11.571686744689941,11.163820093577144
2018-07-23,170.83395385742188,11.64441204071045,11.233705949576583
2018-07-24,171.5380096435547,11.745484352111816,11.325076004154061
2018-07-25,173.93557739257812,12.067192077636719,11.640420105711799
2018-07-26,171.30015563964844,11.717132568359375,11.286406583862075
2018-07-27,168.9882354736328,11.394192695617676,10.980526531061223
2018-07-30,166.60020446777344,11.067551612854004,10.668990317359322
2018-07-31,167.8751220703125,11.194509506225586,10.83111739388387
2018-08-01,168.51255798339844,11.31283950805664,10.912189999941619
2018-08-02,170.80538940429688,11.620988845825195,11.207949379012351
2018-08-03,171.32870483398438,11.68755054473877,11.275405661462894
2018-08-06,172.33718872070312,11.832998275756836,11.406916265737946
2018-08-07,172.9651336669922,11.9032564163208,11.488799534055097
2018-08-08,173.17445373535156,11.924212455749512,11.515354303612387
2018-08-09,173.0697784423828,11.914350509643555,11.500178087310337
2018-08-10,171.74734497070312,11.736855506896973,11.32317774550653
2018-08-13,171.55706787109375,11.715901374816895,11.296853727691518
2018-08-14,172.6321258544922,11.857649803161621,11.437205132137644
2018-08-15,170.5199737548828,11.572920799255371,11.156090196215661
2018-08-16,171.0813446044922,11.637016296386719,11.228328251405808
2018-08-17,171.11941528320312,11.643176078796387,11.232101508125119
2018-08-20,170.9671630859375,11.625923156738281,11.21088972704259
2018-08-21,171.5951385498047,11.706040382385254,11.2920245224606
2018-08-22,172.2610626220703,11.792322158813477,11.378437432104949
2018-08-23,172.01370239257812,11.757810592651367,11.344519059436452
2018-08-24,173.61204528808594,11.97351360321045,11.5541078078443
2018-08-27,175.38169860839844,12.215106964111328,11.788393746231346
2018-08-28,175.63851928710938,12.253318786621094,11.821633410998096
2018-08-29,177.66505432128906,12.536815643310547,12.09314312637201
2018-08-30,177.35108947753906,12.48381519317627,12.049083489415878
2018-08-31,177.5794219970703,12.513396263122559,12.07879543933337
2018-09-04,176.81826782226562,12.412322998046875,11.973932643202232
2018-09-05,174.53494262695312,12.090611457824707,11.663378960319527
2018-09-06,172.974609375,11.872442245483398,11.453567523820505
2018-09-07,172.30865478515625,11.798484802246094,11.36412617373993
2018-09-10,172.8890380859375,11.852721214294434,11.439442406636239
2018-09-11,174.2210235595703,12.032681465148926,11.614460700151596
2018-09-12,173.7072296142578,11.968584060668945,11.544690349123597
2018-09-13,175.56243896484375,12.202781677246094,11.790028576912222
2018-09-14,175.04869079589844,12.138686180114746,11.71974103415148
2018-09-17,172.5274658203125,11.7960205078125,11.380864764680739
2018-09-18,173.95458984375,11.984606742858887,11.567906089668943
2018-09-19,173.8214111328125,11.969817161560059,11.548932400655548
2018-09-20,175.7432403564453,12.218803405761719,11.803051361659325
2018-09-21,174.78231811523438,12.094311714172363,11.672692138717977
2018-09-24,175.26840209960938,12.153474807739258,11.736345113276949
2018-09-25,175.50669860839844,12.191686630249023,11.766979400002041
2018-09-26,175.63059997558594,12.20031452178955,11.782310786581235
2018-09-27,177.11744689941406,12.407393455505371,11.980518866560384
2018-09-28,177.0792999267578,12.409855842590332,11.974052203649535
2018-10-01,177.44151306152344,12.450533866882324,12.021732394670273
2018-10-02,177.04115295410156,12.392601013183594,11.966172778526238
2018-10-03,177.2318115234375,12.4283447265625,11.990641470874586
2018-10-04,173.82919311523438,11.946398735046387,11.528925163889639
2018-10-05,171.70370483398438,11.660432815551758,11.245729599126141
2018-10-08,170.65528869628906,11.510054588317871,11.107171711747451
2018-10-09,171.20814514160156,11.574151039123535,11.17792669467713
2018-10-10,163.67849731445312,10.56588077545166,10.193509022208751
2018-10-11,161.64840698242188,10.300869941711426,9.939539380931281
2018-10-12,166.14706420898438,10.872801780700684,10.491688413300041
2018-10-15,164.13600158691406,10.596696853637695,10.236559562621197
2018-10-16,168.91111755371094,11.212996482849121,10.831056549214813
2018-10-17,168.9778594970703,11.226557731628418,10.838435202999865
2018-10-18,165.060546875,10.724884986877441,10.334731771723414
2018-10-19,164.90806579589844,10.684213638305664,10.314510949600372
2018-10-22,165.7562713623047,10.796378135681152,10.419492040496506
2018-10-23,165.14627075195312,10.726119995117188,10.34166653126038
2018-10-24,157.5880889892578,9.730179786682129,9.393933534888504
2018-10-25,163.0399627685547,10.387154579162598,10.042889322294146
2018-10-26,158.84620666503906,9.889183044433594,9.525142937752717
2018-10-29,155.57705688476562,9.508308410644531,9.13203833006164
2018-10-30,158.1409149169922,9.758526802062988,9.432028728117238
2018-10-31,161.85806274414062,10.207193374633789,9.874405641782245
2018-11-01,163.99301147460938,10.501787185668945,10.133821027790932
2018-11-02,161.43869018554688,10.185007095336914,9.8170317172382
2018-11-05,161.0383758544922,10.11474895477295,9.76727559256617
2018-11-06,162.25839233398438,10.268823623657227,9.914203363586457
2018-11-07,167.3480224609375,10.903614044189453,10.535088928760404
2018-11-08,166.28048706054688,10.770492553710938,10.399531003198993
2018-11-09,163.47837829589844,10.404413223266602,10.04789779715397
2018-11-12,158.53170776367188,9.789340019226074,9.43872645211383
2018-11-13,158.6650848388672,9.793038368225098,9.453579642102854
2018-11-14,157.4546661376953,9.62910270690918,9.308310812298597
2018-11-15,160.20916748046875,9.971766471862793,9.632974027026865
2018-11-16,159.6468048095703,9.905204772949219,9.564297018663149
2018-11-19,154.46188354492188,9.253158569335938,8.942006427332062
2018-11-20,151.69786071777344,8.928983688354492,8.621005639778206
2018-11-21,152.8511199951172,9.05594253540039,8.751145547643763
2018-11-23,151.74554443359375,8.924054145812988,8.623597110737784
2018-11-26,155.25299072265625,9.33574104309082,9.02130866175841
2018-11-27,155.7771759033203,9.402301788330078,9.081243048783339
2018-11-28,160.79058837890625,9.993953704833984,9.664780533019362
2018-11-29,160.266357421875,9.93479061126709,9.600706144164745
2018-11-30,161.42913818359375,10.087632179260254,9.738971595040683
2018-12-03,164.2503662109375,10.422901153564453,10.078317620967944
2018-12-04,157.95025634765625,9.624171257019043,9.304075995860096
2018-12-06,159.06541442871094,9.762224197387695,9.43443874675263
2018-12-07,153.81378173828125,9.1089448928833,8.810443851874949
2018-12-10,155.4244842529297,9.303695678710938,8.994005292530817
2018-12-11,155.939208984375,9.361626625061035,9.052596370531402
2018-12-12,157.31170654296875,9.528027534484863,9.210962226673916
2018-12-13,157.359375,9.536657333374023,9.215540322107353
2018-12-14,153.52777099609375,9.043615341186523,8.765750244471386
2018-12-17,150.04893493652344,8.663971900939941,8.367542664512909
2018-12-18,150.9925537109375,8.758881568908691,8.471873111181331
2018-12-19,147.284912109375,8.344728469848633,8.054893709639995
2018-12-20,145.1499481201172,8.094511032104492,7.8204966978259485
2018-12-21,140.6512451171875,7.573119163513184,7.334875251759273
2018-12-24,137.16336059570312,7.213198661804199,6.970293634788207
2018-12-26,145.72769165039062,8.101280212402344,7.839968900241131
2018-12-27,146.29165649414062,8.169118881225586,7.899795470971152
2018-12-28,146.21522521972656,8.159255981445312,7.8906796772540035
2018-12-31,147.4481964111328,8.287531852722168,8.02289703589127
2019-01-02,148.0408477783203,8.349204063415527,8.086516704883042
2019-01-03,143.2042694091797,7.789217948913574,7.557253017847191
2019-01-04,149.33123779296875,8.487348556518555,8.203100557604653
2019-01-07,151.10906982421875,8.658798217773438,8.39752694523881
2019-01-08,152.4759521484375,8.831480026245117,8.548533983334393
2019-01-09,153.71856689453125,8.963458061218262,8.686935993470003
2019-01-10,154.15818786621094,9.009098052978516,8.735676695059523
2019-01-11,153.5943145751953,8.95482349395752,8.670818429936883
2019-01-14,152.23696899414062,8.792011260986328,8.516621483366356
2019-01-15,155.20968627929688,9.138609886169434,8.848299642351343
2019-01-16,155.18096923828125,9.136143684387207,8.844060835246896
2019-01-17,156.40452575683594,9.265653610229492,8.98256239331996
2019-01-18,157.9529571533203,9.445738792419434,9.159440981129054
2019-01-22,154.78915405273438,9.085572242736816,8.79151466901792
2019-01-23,154.98985290527344,9.096671104431152,8.81335436242632
2019-01-24,155.99346923828125,9.20644760131836,8.92653303160202
2019-01-25,157.8573760986328,9.438337326049805,9.138879459611566
2019-01-28,155.90740966796875,9.196581840515137,8.912103357018824
2019-01-29,154.43544006347656,9.016498565673828,8.74284804128325
2019-01-30,158.36395263671875,9.492610931396484,9.186694279192478
2019-01-31,160.73443603515625,9.7652006149292,9.460716349923011
2019-02-01,160.05577087402344,9.675161361694336,9.379793511423273
2019-02-04,162.04391479492188,9.913215637207031,9.61179452530851
2019-02-05,163.4777374267578,10.09206485748291,9.780843935173065
2019-02-06,162.99024963378906,10.025455474853516,9.721445095614245
2019-02-07,160.80133056640625,9.755331993103027,9.459272101505482
2019-02-08,161.1167755126953,9.78617000579834,9.495353555741252
2019-02-11,160.96383666992188,9.773833274841309,9.476291673044482
2019-02-12,163.34388732910156,10.066162109375,9.755496181919176
2019-02-13,163.4585723876953,10.072328567504883,9.76813154618754
2019-02-14,163.6593475341797,10.089598655700684,9.791062978498424
2019-02-15,164.3475341796875,10.184572219848633,9.872338371393319
2019-02-19,164.6725311279297,10.217874526977539,9.910307235824973
2019-02-20,164.6438446044922,10.216643333435059,9.905774079601795
2019-02-21,164.04165649414062,10.132768630981445,9.832233108705317
2019-02-22,165.25558471679688,10.28695011138916,9.97668072618579
2019-02-25,165.85775756835938,10.360954284667969,10.048300969463774
2019-02-26,166.02975463867188,10.379456520080566,10.068046078120103
2019-02-27,165.92469787597656,10.362189292907715,10.05420725962693
2019-02-28,165.54234313964844,10.314085006713867,10.006773664746405
2019-03-01,166.68936157226562,10.46456527709961,10.144353723996353
2019-03-04,166.71804809570312,10.459630966186523,10.14673947294187
2019-03-05,166.84226989746094,10.474433898925781,10.160754055946752
2019-03-06,165.89596557617188,10.351088523864746,10.044385872723458
2019-03-07,163.86000061035156,10.099464416503906,9.79675065387442
2019-03-08,163.6115264892578,10.063694953918457,9.765971491408596
2019-03-11,167.0143280029297,10.48430061340332,10.171133311775977
2019-03-12,167.9320068359375,10.60271167755127,10.281797392383014
2019-03-13,169.19363403320312,10.756892204284668,10.43516521744895
2019-03-14,168.90689086914062,10.716188430786133,10.398657394787298
2019-03-15,170.4744873046875,10.89997386932373,10.590540201695763
2019-03-18,170.8804473876953,10.956709861755371,10.639825359927784
2019-03-19,171.4550323486328,11.035652160644531,10.710218255236768
2019-03-20,172.1348876953125,11.126127243041992,10.793987265318956
2019-03-21,174.8257598876953,11.468033790588379,11.130281293330636
2019-03-22,170.9857940673828,10.954558372497559,10.640125148747414
2019-03-25,170.6602325439453,10.926167488098145,10.598447087977943
2019-03-26,171.4550323486328,11.024913787841797,10.696010032111799
2019-03-27,170.35382080078125,10.89407730102539,10.55744860525865
2019-03-28,170.74642944335938,10.928637504577637,10.604960506387302
2019-03-29,172.03921508789062,11.100207328796387,10.764392759548842
2019-04-01,174.31820678710938,11.397675514221191,11.048409664966204
2019-04-02,174.9789276123047,11.468033790588379,11.130959156547293
2019-04-03,175.98439025878906,11.600105285644531,11.257667028552547
2019-04-04,175.9174041748047,11.590229988098145,11.24786965602329
2019-04-05,176.8271026611328,11.703787803649902,11.36297276144906
2019-04-08,177.27716064453125,11.764269828796387,11.419575841005843
2019-04-09,176.65469360351562,11.68156909942627,11.338136669036723
2019-04-10,177.6027374267578,11.807469367980957,11.458596293546158
2019-04-11,177.18138122558594,11.749460220336914,11.402976948250332
2019-04-12,177.9474334716797,11.845732688903809,11.50033653490036
2019-04-15,177.9761505126953,11.846968650817871,11.502794700433217
2019-04-16,178.58901977539062,11.927200317382812,11.58076159575104
2019-04-17,179.21145629882812,12.007430076599121,11.66022404476022
2019-04-18,179.44125366210938,12.033349990844727,11.688856043629912
2019-04-22,179.9487762451172,12.104939460754395,11.753702165404537
2019-04-23,182.23739624023438,12.40981388092041,12.051392155403528
2019-04-24,181.66282653808594,12.330819129943848,11.974085618132445
2019-04-25,182.4001922607422,12.414753913879395,12.06998544651798
2019-04-26,182.56297302246094,12.4517822265625,12.09021309412514
2019-04-29,182.91722106933594,12.488811492919922,12.135815199709171
2019-04-30,181.50009155273438,12.303666114807129,11.946450673894052
2019-05-01,180.91590881347656,12.208622932434082,11.86824582041906
2019-05-02,180.13070678710938,12.116049766540527,11.763932132159153
2019-05-03,183.00347900390625,12.49621868133545,12.137878339401349
2019-05-06,181.88311767578125,12.350568771362305,11.987937128489673
2019-05-07,178.34002685546875,11.854375839233398,11.51957926237423
2019-05-08,177.88999938964844,11.782781600952148,11.460185935939206
2019-05-09,176.93238830566406,11.674162864685059,11.335552518386136
2019-05-10,177.15264892578125,11.697617530822754,11.362539750640025
2019-05-13,171.00494384765625,10.876795768737793,10.572675658612905
2019-05-14,172.8818359375,11.116251945495605,10.803607298794345
2019-05-15,175.32362365722656,11.419894218444824,11.107610464637464
2019-05-16,177.08560180664062,11.651947021484375,11.329659503450587
2019-05-17,175.27577209472656,11.413722038269043,11.096844299202909
2019-05-20,172.3168487548828,11.037257194519043,10.72097117937583
2019-05-21,174.11712646484375,11.258197784423828,10.943816844309795
2019-05-22,173.3414764404297,11.158217430114746,10.84511968637078
2019-05-23,170.68896484375,10.81137466430664,10.512028355724004
2019-05-24,170.60276794433594,10.796564102172852,10.500265402451864
2019-05-28,169.96116638183594,10.71509838104248,10.420142120635678
2019-05-29,168.56309509277344,10.54352855682373,10.247577616370297
2019-05-30,169.271728515625,10.633635520935059,10.332621437165743
2019-05-31,166.57135009765625,10.278151512145996,10.001824087863524
2019-06-03,162.9038543701172,9.84614086151123,9.560302126807706
2019-06-04,167.4906463623047,10.384303092956543,10.097628019543379
2019-06-05,168.7354736328125,10.537359237670898,10.246622841143205
2019-06-06,170.07611083984375,10.699052810668945,10.408328792547682
2019-06-07,173.36062622070312,11.108846664428711,10.8092061336809
2019-06-10,175.381103515625,11.363115310668945,11.059985313350559
2019-06-11,175.6204833984375,11.40261459350586,11.088971475775066
2019-06-12,174.60546875,11.276714324951172,10.95958320116382
2019-06-13,175.63966369628906,11.407550811767578,11.088216551915714
2019-06-14,174.8927459716797,11.293994903564453,10.992701258289044
2019-06-17,175.94607543945312,11.437174797058105,11.12391477985095
2019-06-18,178.50283813476562,11.770440101623535,11.445996772087454
2019-06-19,179.1731414794922,11.856842994689941,11.530711693541733
2019-06-20,180.8393096923828,12.072847366333008,11.743907674455
2019-06-21,180.5712432861328,12.043224334716797,11.7078103879087
2019-06-24,180.57699584960938,12.039521217346191,11.70728006786401
2019-06-25,177.47714233398438,11.622271537780762,11.304060579643933
2019-06-26,178.302490234375,11.725996971130371,11.4079661587564
2019-06-27,178.98388671875,11.819843292236328,11.493915375197224
2019-06-28,179.2142333984375,11.8556547164917,11.522247028241164
2019-07-01,181.63265991210938,12.163127899169922,11.831967473680326
2019-07-02,182.3524169921875,12.261916160583496,11.924450903418803
2019-07-03,183.72476196289062,12.436025619506836,12.102632694585527
2019-07-05,183.35049438476562,12.395277976989746,12.052004577397742
2019-07-08,182.06448364257812,12.21252155303955,11.881626516342946
2019-07-09,182.9761962890625,12.336004257202148,11.999329002516442
2019-07-10,184.79965209960938,12.576797485351562,12.237180420852521
2019-07-11,184.66526794433594,12.557042121887207,12.218048958093549
2019-07-12,185.73052978515625,12.701516151428223,12.357679360588872
2019-07-15,186.32553100585938,12.771903038024902,12.435509676238409
2019-07-16,185.36585998535156,12.644713401794434,12.306055695104908
2019-07-17,184.4541473388672,12.523699760437012,12.1836607640915
2019-07-18,184.66526794433594,12.563215255737305,12.210222700724993
2019-07-19,183.3120880126953,12.349587440490723,12.0299448584388
2019-07-22,184.77090454101562,12.561980247497559,12.220104544158215
2019-07-23,185.9801025390625,12.720038414001465,12.37871670722322
2019-07-24,187.2852783203125,12.896620750427246,12.55111061653756
2019-07-25,185.5098419189453,12.647181510925293,12.31177710261416
2019-07-26,187.41961669921875,12.90156078338623,12.563927959139242
2019-07-29,186.7766571044922,12.822529792785645,12.476355012112238
2019-07-30,185.9705047607422,12.703985214233398,12.367295805074466
2019-07-31,183.39849853515625,12.366878509521484,12.023863685172037
2019-08-01,182.48680114746094,12.227339744567871,11.903008618827984
2019-08-02,179.7996826171875,11.87170696258545,11.551167401011764
2019-08-05,173.44639587402344,11.011027336120605,10.733578845124224
2019-08-06,175.8744354248047,11.334554672241211,11.032922979743658
2019-08-07,176.82452392578125,11.432106018066406,11.150921821880413
2019-08-08,180.67294311523438,11.948266983032227,11.63508486188575
2019-08-09,178.97427368164062,11.72105598449707,11.415032632858134
2019-08-12,176.92050170898438,11.454333305358887,11.151807884133227
2019-08-13,180.7976837158203,11.968025207519531,11.639372067854437
2019-08-14,175.3946075439453,11.223417282104492,10.942426035656903
2019-08-15,175.1930694580078,11.208600044250488,10.916086283073406
2019-08-16,178.0050048828125,11.56299877166748,11.265313473973144
2019-08-19,180.83607482910156,11.916159629821777,11.622422433854648
2019-08-20,179.4349365234375,11.755632400512695,11.441051776977334
2019-08-21,181.02804565429688,11.959379196166992,11.642962823870617
2019-08-22,180.44264221191406,11.881587028503418,11.566392231298058
2019-08-23,174.73240661621094,11.13327407836914,10.83307796495823
2019-08-26,177.37158203125,11.458037376403809,11.159144780792253
2019-08-27,176.99729919433594,11.4185209274292,11.110833091802972
2019-08-28,177.6306915283203,11.485203742980957,11.189143057910243
2019-08-29,180.3466339111328,11.837132453918457,11.530083416477735
2019-08-30,179.91477966308594,11.78403377532959,11.473607116193833
2019-09-03,178.1681365966797,11.550650596618652,11.249580930610518
2019-09-04,180.74008178710938,11.884054183959961,11.573141129378246
2019-09-05,184.0510711669922,12.321186065673828,11.995897783347441
2019-09-06,183.86875915527344,12.292784690856934,11.97082499119772
2019-09-09,183.48486328125,12.234747886657715,11.91953274630982
2019-09-10,182.95700073242188,12.176711082458496,11.849651430176655
2019-09-11,184.67491149902344,12.395277976989746,12.070888951267436
2019-09-12,185.44264221191406,12.487887382507324,12.169935307838882
2019-09-13,184.78038024902344,12.406390190124512,12.08168489245965
2019-09-16,183.95506286621094,12.281671524047852,11.972442706919276
2019-09-17,184.83802795410156,12.398983001708984,12.086070522805478
2019-09-18,184.7612762451172,12.397747039794922,12.074715819861703
2019-09-19,185.06834411621094,12.43355655670166,12.113535191325388
2019-09-20,183.1105499267578,12.17053508758545,11.855922236774946
2019-09-23,183.1913299560547,12.17794418334961,11.865090390855515
2019-09-24,180.75839233398438,11.847010612487793,11.54863985325532
2019-09-25,182.78744506835938,12.114970207214355,11.806652967364275
2019-09-26,182.11434936523438,12.0260591506958,11.718412370836067
2019-09-27,179.8544921875,11.738343238830566,11.426307343881515
2019-09-30,181.5662078857422,11.944562911987305,11.642555225275116
2019-10-01,180.0852508544922,11.748222351074219,11.451359478441141
2019-10-02,176.98883056640625,11.344433784484863,11.056317413947204
2019-10-03,178.9313507080078,11.597573280334473,11.297806777792138
2019-10-04,181.5662078857422,11.939621925354004,11.629307346330497
2019-10-07,181.01803588867188,11.859359741210938,11.55781883602259
2019-10-08,178.30624389648438,11.491376876831055,11.210268539913045
2019-10-09,180.04681396484375,11.73711109161377,11.427908798768536
2019-10-10,181.44119262695312,11.90010929107666,11.603670681282836
2019-10-11,183.7779083251953,12.201409339904785,11.901284730180866
2019-10-14,183.7587127685547,12.21252155303955,11.897501181688192
2019-10-15,186.095458984375,12.51382064819336,12.19879058740561
2019-10-16,185.63392639160156,12.450845718383789,12.136952699934435
2019-10-17,186.1243438720703,12.51999568939209,12.199757714696668
2019-10-18,184.335693359375,12.277966499328613,11.963949039389389
2019-10-21,185.97048950195312,12.494064331054688,12.1748513493851
2019-10-22,184.48956298828125,12.294020652770996,11.979621772503977
2019-10-23,184.8453369140625,12.339709281921387,12.024519414332389
2019-10-24,186.6436004638672,12.573094367980957,12.257169117738965
2019-10-25,188.1341552734375,12.766961097717285,12.451606949020713
2019-10-28,189.9901123046875,13.025044441223145,12.695921585489677
2019-10-29,188.5187530517578,12.829938888549805,12.497893017776653
2019-10-30,189.43235778808594,12.9324312210083,12.617665866426869
2019-10-31,189.51890563964844,12.952189445495605,12.627819914460913
2019-11-01,191.2401885986328,13.194214820861816,12.855824687923231
2019-11-04,192.4230194091797,13.346098899841309,13.013451184775306
2019-11-05,192.52880859375,13.351041793823242,13.026341485643943
2019-11-06,192.0960693359375,13.302881240844727,12.966363898105815
2019-11-07,192.7403564453125,13.391788482666016,13.05192836581179
2019-11-08,193.5096435546875,13.49798583984375,13.154694221755308
2019-11-11,193.2500457763672,13.45970344543457,13.117965540888324
2019-11-12,193.8077850341797,13.53009033203125,13.192255094237435
2019-11-13,193.85589599609375,13.511567115783691,13.19736669444382
2019-11-14,193.70199584960938,13.518978118896484,13.17497353083585
2019-11-15,195.125244140625,13.686914443969727,13.36714665615011
2019-11-18,195.27911376953125,13.74124813079834,13.386771307039071
2019-11-19,195.56759643554688,13.772117614746094,13.424864116023953
2019-11-20,194.3943634033203,13.605415344238281,13.262325972126861
2019-11-21,193.96163940429688,13.54367446899414,13.20183605896431
2019-11-22,194.08668518066406,13.563430786132812,13.21741917941098
2019-11-25,196.385009765625,13.8820161819458,13.52901288348691
2019-11-26,196.760009765625,13.933879852294922,13.579205755733426
2019-11-27,198.13514709472656,14.12651538848877,13.76753306832367
2019-11-29,197.23126220703125,13.993152618408203,13.640418341749585
2019-12-02,195.21177673339844,13.684444427490234,13.359598110394177
2019-12-03,193.68276977539062,13.485634803771973,13.148862190282568
2019-12-04,194.66360473632812,13.622702598571777,13.280603941041043
2019-12-05,195.0482635498047,13.674566268920898,13.331641631929974
2019-12-06,197.1350555419922,13.959813117980957,13.615454782054872
2019-12-09,196.24069213867188,13.84250545501709,13.490429201717241
2019-12-10,196.07723999023438,13.819043159484863,13.466485783381453
2019-12-11,197.11582946777344,13.9672212600708,13.607677383756783
2019-12-12,198.58709716796875,14.175909996032715,13.809328729624136
2019-12-13,199.24102783203125,14.261112213134766,13.898769278796745
2019-12-16,201.2412567138672,14.534010887145996,14.176320368880802
2019-12-17,201.35659790039062,14.550065040588379,14.191025270198514
2019-12-18,201.5104522705078,14.57105541229248,14.211164700080197
2019-12-19,202.77020263671875,14.763691902160645,14.387298809426252
2019-12-20,203.58763122558594,14.885940551757812,14.501729616784209
2019-12-23,204.12538146972656,14.953855514526367,14.576757627159855
2019-12-24,204.2313995361328,14.961268424987793,14.590310264722321
2019-12-26,206.0335235595703,15.234278678894043,14.846207571373698
2019-12-27,205.86009216308594,15.197219848632812,14.819595188682102
2019-12-30,204.5108184814453,14.99215030670166,14.62371483539463
2019-12-31,204.89630126953125,15.057625770568848,14.67724921305891
2020-01-02,208.31753540039062,15.551764488220215,15.165792830901403
2020-01-03,206.40940856933594,15.276280403137207,14.886311258746604
2020-01-06,207.7393341064453,15.45787525177002,15.076517774063268
2020-01-07,207.71041870117188,15.450467109680176,15.070677236006551
2020-01-08,209.27163696289062,15.683945655822754,15.295586467099362
2020-01-09,211.04486083984375,15.961899757385254,15.553127626694922
2020-01-10,210.50515747070312,15.87789535522461,15.4718843751774
2020-01-13,212.93373107910156,16.233675003051758,15.827192437260797
2020-01-14,212.0953369140625,16.113849639892578,15.700832768645766
2020-01-15,212.18203735351562,16.116315841674805,15.711957587202553
2020-01-16,214.21548461914062,16.420209884643555,16.011396000573626
2020-01-17,215.27557373046875,16.58698081970215,16.168121907098488
2020-01-21,215.17921447753906,16.57215690612793,16.151885407977137
2020-01-22,215.74778747558594,16.656160354614258,16.235481666059496
2020-01-23,216.44168090820312,16.754993438720703,16.338145737774436
2020-01-24,214.6202850341797,16.468387603759766,16.061387793044773
2020-01-27,210.18714904785156,15.790184020996094,15.396117939056627
2020-01-28,213.4156036376953,16.267024993896484,15.867405396482855
2020-01-29,213.76260375976562,16.317676544189453,15.917274440628786
2020-01-30,214.5238800048828,16.43627166748047,16.02891217363279
2020-01-31,211.12200927734375,15.90383529663086,15.518799177188324
2020-02-03,214.3118896484375,16.376976013183594,15.986060100868029
2020-02-04,219.21722412109375,17.130535125732422,16.716119782534832
2020-02-05,219.9400177001953,17.261478424072266,16.824528873183205
2020-02-06,221.83851623535156,17.548084259033203,17.113149848167666
2020-02-07,220.8844451904297,17.38995933532715,16.96408570798235
2020-02-10,223.5539093017578,17.821090698242188,17.372269991237946
2020-02-11,223.59249877929688,17.821090698242188,17.376373755852025
2020-02-12,225.77052307128906,18.170696258544922,17.713007563231145
2020-02-13,225.48138427734375,18.11016845703125,17.665707410752354
2020-02-14,226.12705993652344,18.20652198791504,17.764954675406976
2020-02-18,226.21380615234375,18.237407684326172,17.77664797449164
2020-02-19,228.38217163085938,18.579593658447266,18.115505141075122
2020-02-20,226.2620086669922,18.2188777923584,17.777183397119646
2020-02-21,221.9156494140625,17.54067039489746,17.09226714089321
2020-02-24,213.35775756835938,16.178085327148438,15.772121252877835
2020-02-25,207.5562286376953,15.304694175720215,14.912664946133951
2020-02-26,208.6259307861328,15.436875343322754,15.064752916211331
2020-02-27,198.17922973632812,13.891457557678223,13.55441069348128
2020-02-28,198.3334197998047,14.03105354309082,13.574024676762402
2020-03-02,208.568115234375,15.351635932922363,14.97347888054286
2020-03-03,201.87986755371094,14.372007369995117,14.011524018962053
2020-03-04,210.3027801513672,15.551764488220215,15.179185423778623
2020-03-05,203.91334533691406,14.615370750427246,14.255180422698334
2020-03-06,200.47288513183594,14.122467994689941,13.77259484926731
2020-03-09,186.54714965820312,12.178034782409668,11.857682470542652
2020-03-10,196.70472717285156,13.483794212341309,13.147702301982582
2020-03-11,188.1372833251953,12.307744979858398,12.000976787797656
2020-03-12,170.88670349121094,10.029768943786621,9.798894678354337
2020-03-13,185.3617401123047,11.940850257873535,11.457866225659805
2020-03-16,163.1576385498047,9.041492462158203,8.711588734168926
2020-03-17,175.53182983398438,10.260777473449707,10.032046592941565
2020-03-18,170.1928253173828,9.61839771270752,9.420680282858303
2020-03-19,171.21434020996094,9.750580787658691,9.532741110599718
2020-03-20,164.50685119628906,8.971078872680664,8.784793044383187
2020-03-23,164.6256561279297,9.016785621643066,8.79652395195019
2020-03-24,177.37388610839844,10.389254570007324,10.157929961818901
2020-03-25,176.06044006347656,10.203808784484863,10.006384557009433
2020-03-26,185.33181762695312,11.30215072631836,11.059170122818891
2020-03-27,178.9577178955078,10.473142623901367,10.297250556023522
2020-03-30,185.467041015625,11.274971008300781,11.045222649939538
2020-03-31,183.88311767578125,11.067407608032227,10.855362045506205
2020-04-01,176.070068359375,10.143270492553711,9.93170706390506
2020-04-02,179.64341735839844,10.546036720275879,10.333753169433086
2020-04-03,177.09376525878906,10.259405136108398,10.03929585218175
2020-04-06,189.75506591796875,11.718504905700684,11.473718317311674
2020-04-07,189.6778106689453,11.6727933883667,11.463124928469878
2020-04-08,193.70509338378906,12.180573463439941,11.948650704216833
2020-04-09,193.98516845703125,12.21146011352539,11.981900887764485
2020-04-13,196.08090209960938,12.491912841796875,12.23948949369855
2020-04-14,204.608642578125,13.571721076965332,13.302768772490653
2020-04-15,202.2617950439453,13.261613845825195,12.9961548709473
2020-04-16,205.95106506347656,13.764455795288086,13.468839783162244
2020-04-17,207.9212646484375,13.991782188415527,13.725066746081984
2020-04-20,205.4585723876953,13.668088912963867,13.398441564380288
2020-04-21,197.87721252441406,12.651291847229004,12.408184009289231
2020-04-22,203.74913024902344,13.43334674835205,13.143245990167856
2020-04-23,203.3145294189453,13.369101524353027,13.085743631043472
2020-04-24,206.52088928222656,13.808932304382324,13.49705304052989
2020-04-27,208.18203735351562,13.976956367492676,13.712708446623822
2020-04-28,204.2609405517578,13.479060173034668,13.19465744145903
2020-04-29,211.50425720214844,14.39825439453125,14.12901307926833
2020-04-30,211.41737365722656,14.452615737915039,14.11586477939428
2020-05-01,205.4585723876953,13.579134941101074,13.31861434493077
2020-05-04,207.85366821289062,13.918889045715332,13.627681097692518
2020-05-05,210.21014404296875,14.22899341583252,13.935194652817922
2020-05-06,211.50425720214844,14.401962280273438,14.105253564267954
2020-05-07,214.227783203125,14.783724784851074,14.466980720839722
2020-05-08,217.16371154785156,15.17166519165039,14.861935029995378
2020-05-11,219.10487365722656,15.423701286315918,15.12600778163044
2020-05-12,214.51748657226562,14.808435440063477,14.49097403324838
2020-05-13,211.8326416015625,14.439027786254883,14.126663840532682
2020-05-14,214.23741149902344,14.754074096679688,14.445861750494373
2020-05-15,215.62811279296875,14.944336891174316,14.63183479604374
2020-05-18,219.6456756591797,15.516365051269531,15.175477718565682
2020-05-19,219.09527587890625,15.416290283203125,15.097768384629909
2020-05-20,223.4701690673828,16.043914794921875,15.699066857085944
2020-05-21,221.0364227294922,15.690566062927246,15.355407857181792
2020-05-22,221.79940795898438,15.788167953491211,15.459743162276277
2020-05-26,221.20062255859375,15.72515869140625,15.374585437072641
2020-05-27,222.4078369140625,15.874650001525879,15.540724693854921
2020-05-28,222.1181182861328,15.812875747680664,15.498542458683788
2020-05-29,225.37278747558594,16.24282455444336,15.951049374382775
2020-06-01,226.04881286621094,16.415790557861328,16.04500366354468
2020-06-02,227.5651092529297,16.61964225769043,16.25850880036054
2020-06-03,228.58880615234375,16.765430450439453,16.4030135628045
2020-06-04,226.98562622070312,16.525747299194336,16.171144345292575
2020-06-05,231.48606872558594,17.17313575744629,16.8106318489954
2020-06-08,233.28245544433594,17.4560604095459,17.069708267192215
2020-06-09,234.9725341796875,17.694507598876953,17.315179841061994
2020-06-10,237.79261779785156,18.13433837890625,17.72891750353507
2020-06-11,226.01016235351562,16.34166145324707,15.97007428964219
2020-06-12,227.8065185546875,16.57022476196289,16.222197546497164
2020-06-15,230.57830810546875,16.984113693237305,16.61518972993558
2020-06-16,234.53794860839844,17.59443473815918,17.18403214869713
2020-06-17,235.2816162109375,17.679689407348633,17.29113237078434
2020-06-18,235.91897583007812,17.789640426635742,17.382928108202915
2020-06-19,235.88037109375,17.76740074157715,17.375344239635165
2020-06-22,238.709228515625,18.208467483520508,17.79020690470467
2020-06-23,240.74087524414062,18.49880599975586,18.09109135056691
2020-06-24,235.77783203125,17.75752067565918,17.343197957809107
2020-06-25,238.02232360839844,18.098512649536133,17.671505159705678
2020-06-26,232.4014129638672,17.213909149169922,16.83495157450078
2020-06-29,234.9361572265625,17.5771427154541,17.200345610542914
2020-06-30,239.54124450683594,18.246768951416016,17.872773703763695
2020-07-01,242.337158203125,18.711307525634766,18.288045649138233
2020-07-02,243.9818572998047,18.96457862854004,18.53428745518513
2020-07-06,249.98004150390625,19.902305603027344,19.44358124453629
2020-07-07,248.25794982910156,19.62061882019043,19.173571250083405
2020-07-08,251.52792358398438,20.129636764526367,19.67657732163914
2020-07-09,253.646728515625,20.464448928833008,20.00593295200999
2020-07-10,255.37838745117188,20.769615173339844,20.276915091727176
2020-07-13,250.12518310546875,19.9047794342041,19.44050112800108
2020-07-14,251.89556884765625,20.195114135742188,19.713581577931002
2020-07-15,252.40834045410156,20.239595413208008,19.791692538223607
2020-07-16,250.68629455566406,19.956668853759766,19.519478941757775
2020-07-17,250.9765167236328,20.02091407775879,19.562546908871116
2020-07-20,258.096923828125,21.171146392822266,20.670424975923407
2020-07-21,255.40740966796875,20.725135803222656,20.237376907306498
2020-07-22,256.3072509765625,20.870920181274414,20.37776985763113
2020-07-23,249.6124725341797,19.770112991333008,19.311008495656974
2020-07-24,247.2421112060547,19.38958740234375,18.94214231312437
2020-07-27,251.65374755859375,20.088865280151367,19.616061305831604
2020-07-28,248.4514923095703,19.589731216430664,19.114700202178888
2020-07-29,251.31512451171875,20.04315185546875,19.553245519478374
2020-07-30,252.63088989257812,20.244535446166992,19.75585681134654
2020-07-31,257.1392822265625,20.963581085205078,20.458820084790055
2020-08-03,260.61236572265625,21.5183162689209,21.009249003674938
2020-08-04,261.5797424316406,21.685102462768555,21.16292877704892
2020-08-05,262.2279357910156,21.798765182495117,21.26550504993395
2020-08-06,265.701171875,22.353492736816406,21.82651448684201
2020-08-07,262.6343078613281,21.850656509399414,21.32026870704175
2020-08-10,261.5121154785156,21.65545654296875,21.135748683807442
2020-08-11,256.55859375,20.847444534301758,20.33274453152064
2020-08-12,263.0116271972656,21.896371841430664,21.35335777518007
2020-08-13,263.6114807128906,21.982851028442383,21.448431691770747
2020-08-14,263.3018798828125,21.942081451416016,21.395712967786785
2020-08-17,266.3590087890625,22.428861618041992,21.89022058737551
2020-08-18,268.9227294921875,22.8662166595459,22.30922355497766
2020-08-19,267.11358642578125,22.567235946655273,22.00662673176015
2020-08-20,270.8189392089844,23.192384719848633,22.614771884126732
2020-08-21,272.69580078125,23.50125503540039,22.925761770760023
2020-08-24,274.3984680175781,23.8051815032959,23.20955188952858
2020-08-25,276.5559997558594,24.175823211669922,23.572004468289087
2020-08-26,282.4574279785156,25.201271057128906,24.575440813432607
2020-08-27,281.5770263671875,25.033248901367188,24.41956167704467
2020-08-28,283.0089416503906,25.295167922973633,24.665263277106387
2020-08-31,285.2823486328125,25.73746681213379,25.0588459309592
2020-09-01,290.1584167480469,26.587474822998047,25.912729721878627
2020-09-02,292.9059143066406,27.08414077758789,26.40063798287768
2020-09-03,278.0555419921875,24.30678939819336,23.720727666164382
2020-09-04,274.35009765625,23.661869049072266,23.085924003687367
2020-09-08,261.1637878417969,21.4058780670166,20.8642126381539
2020-09-09,268.835693359375,22.65371322631836,22.087745724459346
2020-09-10,263.4759826660156,21.72463607788086,21.204622066231106
2020-09-11,261.6476135253906,21.450359344482422,20.908015182551047
2020-09-14,266.2042236328125,22.196590423583984,21.633964842530126
2020-09-15,269.9773254394531,22.829153060913086,22.24487363604192
2020-09-16,265.6720275878906,22.075511932373047,21.532975726376236
2020-09-17,261.5217590332031,21.418237686157227,20.857861795796147
2020-09-18,258.18408203125,20.852392196655273,20.323190242483953
2020-09-21,258.8031921386719,21.032772064208984,20.418442390818935
2020-09-22,263.6114807128906,21.786409378051758,21.174922515580587
2020-09-23,255.56228637695312,20.447154998779297,19.879490964317302
2020-09-24,256.7522277832031,20.652240753173828,20.062448444530492
2020-09-25,262.72137451171875,21.6307430267334,20.99311172504225
2020-09-28,268.1778259277344,22.498046875,21.862833702623853
2020-09-29,266.968505859375,22.295429229736328,21.663274045571303
2020-09-30,268.7969055175781,22.64630126953125,21.957645051888544
2020-10-01,273.0635070800781,23.333227157592773,22.65231690285954
2020-10-02,265.3819580078125,22.018678665161133,21.375382961733248
2020-10-05,271.0415344238281,22.972469329833984,22.284762204010704
2020-10-06,266.2042236328125,22.1199893951416,21.486895259592796
2020-10-07,270.809326171875,22.930463790893555,22.22796230361115
2020-10-08,272.25079345703125,23.138025283813477,22.46216975594359
2020-10-09,276.4107971191406,23.839778900146484,23.14616693437132
2020-10-12,284.9437561035156,25.3050479888916,24.572714491421593
2020-10-13,284.93402099609375,25.28775405883789,24.568356730430377
2020-10-14,282.55419921875,24.884984970092773,24.155279556738744
2020-10-15,280.6579284667969,24.534114837646484,23.82842572598375
2020-10-16,279.1197204589844,24.277135848999023,23.56463421381202
2020-10-19,274.56298828125,23.459247589111328,22.792662744458465
2020-10-20,275.1531677246094,23.60503578186035,22.88816478684914
2020-10-21,274.9402770996094,23.545734405517578,22.850251800637682
2020-10-22,274.9306335449219,23.553144454956055,22.84615791280503
2020-10-23,275.4723815917969,23.659395217895508,22.933703669033346
2020-10-26,271.3414001464844,22.91069793701172,22.24337639056827
2020-10-27,273.4600524902344,23.2640438079834,22.588307238516126
2020-10-28,262.7987976074219,21.46272087097168,20.824566023474148
2020-10-29,267.3941650390625,22.17682647705078,21.55058335317728
2020-10-30,260.61236572265625,21.12666130065918,20.45507836619062
2020-11-02,261.19281005859375,21.18596649169922,20.543964960322413
2020-11-03,265.7108154296875,21.895132064819336,21.252447478208737
2020-11-04,277.57177734375,23.85460090637207,23.14749021978528
2020-11-05,284.80828857421875,25.109848022460938,24.35191287695183
2020-11-06,285.0211486816406,25.151851654052734,24.38565852059169
2020-11-09,279.19708251953125,24.086872100830078,23.38641669341231
2020-11-10,274.1954040527344,23.26156997680664,22.54595499232989
2020-11-11,280.3290100097656,24.291959762573242,23.55217936832161
2020-11-12,279.0132751464844,24.062162399291992,23.32852581351046
2020-11-13,281.4609680175781,24.504459381103516,23.73528990259713
2020-11-16,283.6570129394531,24.83062744140625,24.103082528730837
2020-11-17,282.7573547363281,24.670013427734375,23.947562369250356
2020-11-18,280.66766357421875,24.321611404418945,23.590987476826403
2020-11-19,282.8637390136719,24.68978500366211,23.957589691048806
2020-11-20,280.9289245605469,24.37350082397461,23.627233727749932
2020-11-23,280.9385070800781,24.371028900146484,23.62626994482761
2020-11-24,284.8857421875,25.067838668823242,24.28760085235026
2020-11-25,286.63677978515625,25.38165283203125,24.583518552308497
2020-11-27,289.2779846191406,25.83136749267578,25.033886654791942
2020-11-30,289.86810302734375,25.898080825805664,25.133294430192635
2020-12-01,293.5831298828125,26.636899948120117,25.774784612250084
2020-12-02,293.9603271484375,26.65666389465332,25.838206044224254
2020-12-03,294.37640380859375,26.71843719482422,25.908533094563275
2020-12-04,295.57611083984375,26.970474243164062,26.116884996610132
2020-12-07,297.249755859375,27.254634857177734,26.409802012308486
2020-12-08,298.255859375,27.42266273498535,26.585701958621094
2020-12-09,291.503173828125,26.21930503845215,25.378972406589558
2020-12-10,292.67364501953125,26.38980484008789,25.580013922732764
2020-12-11,292.02545166015625,26.293434143066406,25.463919715372345
2020-12-14,294.14434814453125,26.636899948120117,25.830669250561666
2020-12-15,297.28839111328125,27.22992515563965,26.380049873401877
2020-12-16,298.9234924316406,27.531381607055664,26.6673573868218
2020-12-17,300.8777160644531,27.889673233032227,27.01312805427954
2020-12-18,299.96826171875,27.69693946838379,26.846879717224628
2020-12-21,299.4070739746094,27.62527847290039,26.743501540864862
2020-12-22,300.2212829589844,27.758708953857422,26.886038997576883
2020-12-23,298.70928955078125,27.48196792602539,26.61229777284277
2020-12-24,300.0274353027344,27.721649169921875,26.84426647273834
2020-12-28,303.05126953125,28.285022735595703,27.382441401964478
2020-12-29,303.32269287109375,28.336915969848633,27.428505751609627
2020-12-30,303.3324279785156,28.312204360961914,27.427276360564157
2020-12-31,304.0786437988281,28.443164825439453,27.559231937370843
2021-01-04,299.78515625,27.642576217651367,26.777973608545555
2021-01-05,302.256591796875,28.092288970947266,27.216570932524192
2021-01-06,298.069580078125,27.338647842407227,26.459568506786354
2021-01-07,305.28057861328125,28.672964096069336,27.73692149553829
2021-01-08,309.205810546875,29.394485473632812,28.447168580242536
2021-01-11,304.7377624511719,28.51976776123047,27.621939901211796
2021-01-12,304.25323486328125,28.45057487487793,27.53109201397871
2021-01-13,306.30792236328125,28.81875228881836,27.899937575691627
2021-01-14,304.66986083984375,28.50246238708496,27.59849177436827
2021-01-15,302.256591796875,28.060165405273438,27.158271707584255
2021-01-19,306.6663818359375,28.89040756225586,27.947765499291393
2021-01-20,313.7998046875,30.212364196777344,29.24491505320226
2021-01-21,316.3100891113281,30.72138214111328,29.709624412815636
2021-01-22,315.3990478515625,30.528650283813477,29.535245475542634
2021-01-25,318.00616455078125,31.06978988647461,30.020307750274885
2021-01-26,318.4713439941406,31.11427116394043,30.104862610863716
2021-01-27,309.593505859375,29.438961029052734,28.423149779353384
2021-01-28,311.4252624511719,29.733003616333008,28.75639102166115
2021-01-29,304.87347412109375,28.50741195678711,27.54329796857365
2021-02-01,312.4914245605469,29.9084415435791,28.916758109309704
2021-02-02,317.5893859863281,30.8894100189209,29.85709745428199
2021-02-03,316.3294677734375,30.622549057006836,29.6169487469513
2021-02-04,320.07049560546875,31.35394859313965,30.314241869263974
2021-02-05,321.1561279296875,31.573863983154297,30.516580222909063
2021-02-08,323.3077392578125,31.96921730041504,30.922150137705298
2021-02-09,323.2398986816406,31.959331512451172,30.905802305713486
2021-02-10,322.5033874511719,31.803667068481445,30.761593734706224
2021-02-11,324.27691650390625,32.157012939453125,31.096572196736773
2021-02-12,326.08935546875,32.51283264160156,31.440790400856706
2021-02-16,325.20733642578125,32.34480285644531,31.267278474700603
2021-02-17,323.6469421386719,32.03099822998047,30.9638196638399
2021-02-18,322.23193359375,31.739416122436523,30.6896920004415
2021-02-19,320.8265686035156,31.472558975219727,30.41864973558841
2021-02-22,312.5107727050781,29.84172248840332,28.83843640644054
2021-02-23,311.58038330078125,29.656402587890625,28.663580362375903
2021-02-24,314.14874267578125,30.140710830688477,29.133003909031157
2021-02-25,303.1967468261719,28.00580406188965,27.0985321060375
2021-02-26,304.4664611816406,28.30232048034668,27.3225422014745
2021-03-01,313.6253356933594,29.975156784057617,28.9633818025308
2021-03-02,308.59521484375,29.004072189331055,28.031158509989748
2021-03-03,299.6397705078125,27.333703994750977,26.401172318513797
2021-03-04,294.7355651855469,26.416982650756836,25.534078103142875
2021-03-05,299.1744689941406,27.227455139160156,26.300413291177613
2021-03-08,290.7037048339844,25.67816162109375,24.808217299437047
2021-03-09,302.1693420410156,27.709293365478516,26.762433417471613
2021-03-10,301.3067626953125,27.54373550415039,26.606722727263325
2021-03-11,308.24639892578125,28.82122230529785,27.829423570372256
2021-03-12,305.7456970214844,28.339387893676758,27.37484787897049
2021-03-15,309.0119323730469,28.952177047729492,27.956746482860076
2021-03-16,310.70806884765625,29.268465042114258,28.260602608565407
2021-03-17,311.9873352050781,29.500734329223633,28.490234459848423
2021-03-18,302.43109130859375,27.682111740112305,26.74180381882381
2021-03-19,303.4972229003906,27.931678771972656,26.92742933702955
2021-03-22,309.188720703125,28.93488311767578,27.934436656188357
2021-03-23,307.83990478515625,28.635896682739258,27.687667115017753
2021-03-24,302.6480407714844,27.687049865722656,26.75071792433714
2021-03-25,302.1240234375,27.60797882080078,26.655167191736897
2021-03-26,306.6559753417969,28.430810928344727,27.45193264427005
2021-03-29,306.568603515625,28.406097412109375,27.4332969669736
2021-03-30,305.0256042480469,28.129352569580078,27.154155789973707
2021-03-31,309.6933288574219,28.95712661743164,27.98226113123565
2021-04-01,314.9725036621094,29.972686767578125,28.933207710201085
2021-04-05,321.2608947753906,31.17357063293457,30.085350227857393
2021-04-06,321.0376892089844,31.106855392456055,30.040265196195918
2021-04-07,321.8139953613281,31.26005744934082,30.18227211451768
2021-04-08,325.17169189453125,31.917333602905273,30.808804792790628
2021-04-09,327.1417236328125,32.3077392578125,31.178752597421866
2021-04-12,326.7146911621094,32.21384048461914,31.093955764719464
2021-04-13,330.5285949707031,32.96501922607422,31.816516727009127
2021-04-14,326.5594482421875,32.17183303833008,31.048912217491164
2021-04-15,331.5086975097656,33.13797378540039,31.986665856114126
2021-04-16,331.8968505859375,33.2269287109375,32.05808329996541
2021-04-19,328.8594055175781,32.614131927490234,31.467811916613233
2021-04-20,326.46240234375,32.11748123168945,31.005653952561776
2021-04-21,329.2572326660156,32.68579864501953,31.533150071820405
2021-04-22,325.28826904296875,31.90003776550293,30.769492848048376
2021-04-23,329.3834228515625,32.70062255859375,31.540871791082143
2021-04-26,331.5280456542969,33.1231575012207,31.948160113096087
2021-04-27,330.0917663574219,32.81922912597656,31.66785930395993
2021-04-28,328.975830078125,32.559776306152344,31.45028903224084
2021-04-29,330.15985107421875,32.831581115722656,31.67324684306248
2021-04-30,327.9956970214844,32.38680648803711,31.254566229234023
2021-05-03,326.2489013671875,32.05569839477539,30.91825633953275
2021-05-04,320.37786865234375,30.896821975708008,29.802103025880964
2021-05-05,319.3006286621094,30.674436569213867,29.598440804841708
2021-05-06,321.7073059082031,31.1538028717041,30.041401231530312
2021-05-07,324.3177795410156,31.643051147460938,30.52566448458146
2021-05-10,316.1273193359375,30.034461975097656,28.980520410274156
2021-05-11,315.6905822753906,29.977624893188477,28.897286710043108
2021-05-12,307.5196228027344,28.42586898803711,27.398250592004842
2021-05-13,309.8971862792969,28.865697860717773,27.81891865513051
2021-05-14,316.73870849609375,30.125883102416992,29.044188611850355
2021-05-17,314.8172607421875,29.762653350830078,28.6886380564177
2021-05-18,312.6919860839844,29.352476119995117,28.298167004216438
2021-05-19,313.0509338378906,29.421663284301758,28.360050673153896
2021-05-20,319.1065368652344,30.560771942138672,29.45414291705454
2021-05-21,317.34039306640625,30.214839935302734,29.12489518612737
2021-05-24,322.67767333984375,31.24028778076172,30.10141101929604
2021-05-25,323.12408447265625,31.321828842163086,30.18141772041188
2021-05-26,324.24981689453125,31.529388427734375,30.38842576253317
2021-05-27,323.0367736816406,31.30205726623535,30.157742255300988
2021-05-28,324.0557556152344,31.475027084350586,30.344712897956057
2021-06-01,322.978515625,31.28228759765625,30.13965859485401
2021-06-02,323.6094665527344,31.400897979736328,30.254130987539824
2021-06-03,320.2419128417969,30.723854064941406,29.62117020532877
2021-06-04,325.6763610839844,31.806135177612305,30.623273127968204
2021-06-07,326.6468505859375,31.96921730041504,30.802444649328912
2021-06-08,326.8020324707031,31.99392318725586,30.82835379854171
2021-06-09,326.8796691894531,32.02357482910156,30.839640630231077
2021-06-10,330.28582763671875,32.695674896240234,31.478990508962717
2021-06-11,331.14959716796875,32.85381317138672,31.64020780151819
2021-06-14,334.3229675292969,33.481441497802734,32.24316795699014
2021-06-15,332.139404296875,33.03667068481445,31.818473547901874
2021-06-16,330.92633056640625,32.79945373535156,31.582583560192603
2021-06-17,335.1282958984375,33.62969207763672,32.381185799259214
2021-06-18,332.4984436035156,33.10586166381836,31.869446117699002
2021-06-21,334.5649719238281,33.50615310668945,32.26211887848728
2021-06-22,337.68365478515625,34.1337776184082,32.860071462874124
2021-06-23,337.84881591796875,34.15848159790039,32.88863307257539
2021-06-24,339.9376525878906,34.583492279052734,33.291732598508105
2021-06-25,339.5198669433594,34.50935745239258,33.20627189591033
2021-06-28,343.6490173339844,35.339599609375,34.0103437404912
2021-06-29,344.8925476074219,35.59162902832031,34.252776267898845
2021-06-30,344.3485412597656,35.48786163330078,34.14098705938796
2021-07-01,344.4845886230469,35.512569427490234,34.16424256860086
2021-07-02,348.4388427734375,36.31315612792969,34.944844207443204
2021-07-06,349.9447326660156,36.61955642700195,35.243085459807126
2021-07-07,350.6831359863281,36.748046875,35.387973396540794
2021-07-08,348.5650329589844,36.35268783569336,34.95663364930248
2021-07-09,350.7413330078125,36.79252624511719,35.389333333890576
2021-07-12,352.1112976074219,37.0742073059082,35.661930698871004
2021-07-13,352.1112976074219,37.05938720703125,35.65804314084471
2021-07-14,352.7427062988281,37.1878776550293,35.782040561920056
2021-07-15,350.26531982421875,36.664031982421875,35.275530264823466
2021-07-16,347.4283447265625,36.07594680786133,34.70025628453234
2021-07-19,344.5816955566406,35.48291778564453,34.127841453573794
2021-07-20,348.58447265625,36.3082160949707,34.91700214362134
2021-07-21,351.2757263183594,36.841949462890625,35.45235067204704
2021-07-22,353.5977478027344,37.355892181396484,35.9171839876554
2021-07-23,357.7268981933594,38.20590591430664,36.752117014277694
2021-07-26,358.0086364746094,38.289920806884766,36.80600102279943
2021-07-27,354.0640869140625,37.449790954589844,35.99092957030056
2021-07-28,355.42431640625,37.71665573120117,36.26354322474913
2021-07-29,356.0558166503906,37.864925384521484,36.38845260328906
2021-07-30,354.20013427734375,37.459686279296875,36.00518907898832
2021-08-02,354.22918701171875,37.45473861694336,36.00717064505946
2021-08-03,356.37640380859375,37.909393310546875,36.439771884265134
2021-08-04,356.891357421875,38.03293991088867,36.54110836903835
2021-08-05,359.1550598144531,38.51231384277344,37.00067328983987
2021-08-06,357.5811462402344,38.16142654418945,36.67234609170164
2021-08-09,358.2418212890625,38.299800872802734,36.803861706271
2021-08-10,356.405517578125,37.914337158203125,36.42254548741325
2021-08-11,355.79339599609375,37.79079055786133,36.29346457029229
2021-08-12,357.075927734375,38.057647705078125,36.55116294125791
2021-08-13,358.3292541503906,38.30474853515625,36.8037655448598
2021-08-16,358.4847106933594,38.33440399169922,36.83168719541225
2021-08-17,355.3271179199219,37.66230010986328,36.178832904532975
2021-08-18,351.9072570800781,36.930904388427734,35.478479590466954
2021-08-19,353.60748291015625,37.29659652709961,35.81743773945951
2021-08-20,357.27020263671875,38.07247543334961,36.55553809129678
2021-08-23,362.6138000488281,39.19924545288086,37.645056453190364
2021-08-24,363.7213439941406,39.441383361816406,37.87091392308629
2021-08-25,364.1390686035156,39.48586654663086,37.95377310199161
2021-08-26,361.8267822265625,39.026268005371094,37.46762210245389
2021-08-27,365.3438720703125,39.792259216308594,38.191935929534864
2021-08-30,369.4438781738281,40.68675231933594,39.044976879454424
2021-08-31,369.14263916015625,40.60274124145508,38.977047150176425
2021-09-01,369.7547302246094,40.74604797363281,39.102057196175714
2021-09-02,369.5798645019531,40.696632385253906,39.06081005700454
2021-09-03,370.7166442871094,40.95361328125,39.29684396531279
2021-09-07,371.2411193847656,41.05244827270508,39.403751369946605
2021-09-08,369.94903564453125,40.785579681396484,39.12517085017995
2021-09-09,368.67620849609375,40.46435546875,38.85168175907586
2021-09-10,365.8782958984375,39.8614501953125,38.257749575181144
2021-09-13,365.6255187988281,39.807090759277344,38.200716202861194
2021-09-14,364.5859680175781,39.57482147216797,37.97932643575564
2021-09-15,367.29669189453125,40.1579704284668,38.539944507104856
2021-09-16,367.5493469238281,40.23208999633789,38.588764712865256
2021-09-17,363.19671630859375,39.278297424316406,37.670598433110065
2021-09-20,355.6918640136719,37.64252471923828,36.10969216545617
2021-09-21,356.12957763671875,37.71665573120117,36.19462881132335
2021-09-22,359.45599365234375,38.43817901611328,36.86683254288727
2021-09-23,362.77264404296875,39.13993453979492,37.54314389536727
2021-09-24,363.1130676269531,39.20417022705078,37.609511767219374
2021-09-27,360.2146301269531,38.596317291259766,37.00499936256817
2021-09-28,350.0214538574219,36.39222717285156,34.906666885934605
2021-09-29,349.4476013183594,36.30327606201172,34.78840422231912
2021-09-30,348.1636962890625,35.9622802734375,34.52897981693688
2021-10-01,350.32293701171875,36.44658660888672,34.95349924123234
2021-10-04,342.9698181152344,34.934356689453125,33.482372850690545
2021-10-05,347.599609375,35.868385314941406,34.382688130591035
2021-10-06,349.82696533203125,36.31809997558594,34.819576223061155
2021-10-07,353.03662109375,36.985252380371094,35.454718392149815
2021-10-08,351.276123046875,36.60966873168945,35.09724725968893
2021-10-11,348.58197021484375,36.05123519897461,34.55505646865045
2021-10-12,347.36614990234375,35.809085845947266,34.310240160123215
2021-10-13,350.1479187011719,36.37245559692383,34.85602474336081
2021-10-14,356.5964050292969,37.7067756652832,36.13607444596242
2021-10-15,358.8432312011719,38.18119430541992,36.58750422122536
2021-10-18,362.45166015625,38.9521369934082,37.31934354808589
2021-10-19,365.194580078125,39.52045440673828,37.88011737147655
2021-10-20,364.7178955078125,39.42656326293945,37.77709898352787
2021-10-21,366.94525146484375,39.91087341308594,38.23439525893974
2021-10-22,363.86199951171875,39.2288818359375,37.58769941135916
2021-10-25,367.58709716796875,40.02947998046875,38.353222554360954
2021-10-26,368.7446594238281,40.251853942871094,38.59059657227738
2021-10-27,369.6004943847656,40.45942687988281,38.76552282763998
2021-10-28,373.705078125,41.37367248535156,39.62231491794125
2021-10-29,375.54327392578125,41.778907775878906,40.00778735444085
2021-11-01,376.8272399902344,42.06060028076172,40.27699580633707
2021-11-02,378.4028015136719,42.41641616821289,40.60941140385403
2021-11-03,382.4197998046875,43.3109130859375,41.46717652491724
2021-11-04,387.32196044921875,44.40800094604492,42.52577451803672
2021-11-05,387.6915283203125,44.49696350097656,42.602291673155946
2021-11-08,387.166259765625,44.378360748291016,42.48220707651454
2021-11-09,384.5013122558594,43.750732421875,41.89274794117705
2021-11-10,378.8502502441406,42.47571563720703,40.65677564702139
2021-11-11,379.90069580078125,42.712928771972656,40.87780328031235
2021-11-12,383.898193359375,43.60741424560547,41.733618885786214
2021-11-15,383.8106689453125,43.592586517333984,41.71003986514355
2021-11-16,386.54388427734375,44.205387115478516,42.299549020584244
2021-11-17,386.7480773925781,44.24492263793945,42.3396276461889
2021-11-18,390.7553405761719,45.15423583984375,43.212410330437834
2021-11-19,392.9339904785156,45.65336990356445,43.68955983401531
2021-11-22,388.3724060058594,44.61062240600586,42.670409908721645
2021-11-23,386.6022033691406,44.190555572509766,42.276774623717046
2021-11-24,387.84710693359375,44.50190734863281,42.5444381266007
2021-11-26,380.4940185546875,42.72281265258789,40.926623310192994
2021-11-29,388.7516174316406,44.62051010131836,42.69856631575472
2021-11-30,383.0423278808594,43.29607391357422,41.439751096292696
2021-12-01,376.5257263183594,41.82832717895508,40.0252258286004
2021-12-02,379.2393798828125,42.44607162475586,40.59779316915097
2021-12-03,372.64483642578125,40.96843719482422,39.18146822556292
2021-12-06,375.6308288574219,41.64053726196289,39.80511696947932
2021-12-07,386.94256591796875,44.146087646484375,42.198158281673905
2021-12-08,388.673828125,44.51673126220703,42.57116502385965
2021-12-09,382.9548034667969,43.202178955078125,41.31372296013253
2021-12-10,387.1176452636719,44.136199951171875,42.20740618609719
2021-12-13,381.5250549316406,42.85624313354492,40.98328573499752
2021-12-14,377.5760803222656,41.996360778808594,40.130423191792964
2021-12-15,386.1839294433594,43.87428283691406,41.95580758282064
2021-12-16,376.2533264160156,41.630653381347656,39.79347209732217
2021-12-17,374.37615966796875,41.20564651489258,39.39206666061775
2021-12-20,370.74456787109375,40.37540817260742,38.62353627872438
2021-12-21,379.0419921875,42.184146881103516,40.34814887763751
2021-12-22,383.65814208984375,43.221946716308594,41.326507562947306
2021-12-23,386.5505676269531,43.88416290283203,41.945129356807115
2021-12-27,392.9391784667969,45.2926025390625,43.327030611195056
2021-12-28,391.1180419921875,44.921966552734375,42.920696023900355
2021-12-29,391.0595397949219,44.88243103027344,42.90317729410264
2021-12-30,389.8909912109375,44.57109069824219,42.64209721687334
2021-12-31,387.45623779296875,43.99287796020508,42.10487428145057
2022-01-03,391.1861572265625,44.907135009765625,42.910945153370676
2022-01-04,386.1123046875,43.730960845947266,41.79312057779603
2022-01-05,374.2505187988281,41.01291275024414,39.22070528942059
2022-01-06,373.9875793457031,40.98326873779297,39.16131872748803
2022-01-07,369.9362487792969,40.078887939453125,38.308596665410946
2022-01-10,370.1796875,40.172786712646484,38.35483898449822
2022-01-11,375.7405700683594,41.35390853881836,39.502999624456464
2022-01-12,377.2306213378906,41.68007278442383,39.812002578129686
2022-01-13,367.7937927246094,39.56987380981445,37.815782720523075
2022-01-14,370.0823974609375,40.06901168823242,38.28227940049028
2022-01-18,360.8694763183594,38.10212707519531,36.3720894604256
2022-01-19,356.90576171875,37.222469329833984,35.569117691039295
2022-01-20,352.2701721191406,36.2390251159668,34.641277402673516
2022-01-21,342.502197265625,34.198020935058594,32.716389680304076
2022-01-24,344.0700988769531,34.61314010620117,33.01236045211869
2022-01-25,336.09405517578125,32.88346862792969,31.478212978864168
2022-01-26,335.5682373046875,32.93783187866211,31.376286404909298
2022-01-27,332.1888427734375,32.17183303833008,30.740906036669376
2022-01-28,342.6093444824219,34.232608795166016,32.66619082666208
2022-01-31,353.5653991699219,36.42681884765625,34.751846486535925
2022-02-01,355.9709167480469,36.86170196533203,35.22093346917131
2022-02-02,358.8633728027344,37.479454040527344,35.78947221844974
2022-02-03,344.31353759765625,34.40557861328125,32.883458352499204
2022-02-04,348.6571044921875,35.285240173339844,33.70953319338952
2022-02-07,345.85235595703125,34.731746673583984,33.16351034170887
2022-02-08,349.7381286621094,35.512569427490234,33.90510251580909
2022-02-09,357.1492614746094,37.01984786987305,35.33833997851055
2022-02-10,349.0660705566406,35.334659576416016,33.73489570654666
2022-02-11,337.9931335449219,33.10586166381836,31.590967950927297
2022-02-14,338.41192626953125,33.19481658935547,31.665810188065276
2022-02-15,346.8261413574219,34.82069778442383,33.23702461163468
2022-02-16,346.7386169433594,34.786102294921875,33.21662612595843
2022-02-17,336.42523193359375,32.72039031982422,31.237016090905367
2022-02-18,332.588134765625,31.964271545410156,30.521063476411335
2022-02-22,329.2477111816406,31.316884994506836,29.904646028149756
2022-02-23,320.81402587890625,29.725589752197266,28.369370122812363
2022-02-24,331.59478759765625,31.717180252075195,30.27294865965402
2022-02-25,336.7368469238281,32.695674896240234,31.208537252965748
2022-02-28,337.73992919921875,32.947715759277344,31.391065103864758
2022-03-01,332.5686340332031,31.865436553955078,30.426356346585607
2022-03-02,338.1489562988281,32.913124084472656,31.444115216294477
2022-03-03,333.31854248046875,31.974159240722656,30.542337263819164
2022-03-04,328.4881591796875,31.074731826782227,29.65378134491048
2022-03-07,316.37310791015625,28.766860961914062,27.463212176045868
2022-03-08,314.90252685546875,28.48516845703125,27.204906662435675
2022-03-09,326.23846435546875,30.570655822753906,29.16059866670885
2022-03-10,322.61566162109375,29.883729934692383,28.509776413140997
2022-03-11,315.9251403808594,28.618606567382812,27.32417624161532
2022-03-14,309.85784912109375,27.53632354736328,26.27168481719027
2022-03-15,319.5771789550781,29.236339569091797,27.91695194632433
2022-03-16,331.42926025390625,31.425607681274414,29.984607126523525
2022-03-17,335.4415588378906,32.157012939453125,30.707328657104483
2022-03-18,342.3073425292969,33.496273040771484,31.961010163613643
2022-03-21,341.355712890625,33.30847930908203,31.77981998834848
2022-03-22,348.06427001953125,34.60325241088867,33.02547336257392
2022-03-23,343.0621032714844,33.60993576049805,32.07262941120706
2022-03-24,350.68719482421875,35.10733413696289,33.49486178338145
2022-03-25,350.3947448730469,35.05791091918945,33.43534545707775
2022-03-28,355.81622314453125,36.14019012451172,34.46635654420389
2022-03-29,361.939697265625,37.355892181396484,35.6489074653873
2022-03-30,357.9418029785156,36.56025695800781,34.857483709177934
2022-03-31,353.5052185058594,35.54221725463867,33.98958711373779
2022-04-01,352.8324279785156,35.51750564575195,33.85650401213451
2022-04-04,360.09674072265625,36.94572830200195,35.24692681174646
2022-04-05,352.10113525390625,35.32971954345703,33.67783555435441
2022-04-06,344.4564514160156,33.753257751464844,32.211763972624865
2022-04-07,345.27557373046875,33.936092376708984,32.36145258304975
2022-04-08,340.4488525390625,32.9724235534668,31.45314196399224
2022-04-11,332.3948059082031,31.420669555664062,29.961530360632576
2022-04-12,330.99066162109375,31.17357063293457,29.705129619990558
2022-04-13,337.7187194824219,32.40904998779297,30.9095256783693
2022-04-14,329.9960632324219,30.921531677246094,29.49253219799949
2022-04-18,330.2496032714844,31.020374298095703,29.53463612625694
2022-04-19,337.6309509277344,32.33491897583008,30.851662866363707
2022-04-20,332.7067565917969,31.39101219177246,29.948384653252468
2022-04-21,325.82269287109375,30.135770797729492,28.705790802902865
2022-04-22,317.2907409667969,28.524709701538086,27.199289115224158
2022-04-25,321.3666076660156,29.275875091552734,27.895119618141845
2022-04-26,309.23663330078125,27.017423629760742,25.786277582000565
2022-04-27,308.8660888671875,26.98777198791504,25.721669495675332
2022-04-28,319.8357849121094,28.885469436645508,27.545928505236883
2022-04-29,305.44354248046875,26.290964126586914,25.063855487850592
2022-05-02,310.54327392578125,27.175569534301758,25.89806306272098
2022-05-03,310.8747863769531,27.259578704833984,25.950533494480446
2022-05-04,321.3861083984375,29.08808135986328,27.702587430956964
2022-05-05,305.19976806640625,26.197071075439453,24.909132622293665
2022-05-06,301.5432434082031,25.539793014526367,24.309556646713155
2022-05-09,289.7447204589844,23.513608932495117,22.404580057126026
2022-05-10,293.2648620605469,24.091815948486328,22.94652929040383
2022-05-11,284.5670471191406,22.643835067749023,21.58290560053173
2022-05-12,283.894287109375,22.544994354248047,21.47850223940716
2022-05-13,294.4154357910156,24.190650939941406,23.068151418050316
2022-05-16,291.0025939941406,23.64704132080078,22.53082814071386
2022-05-17,298.5400695800781,24.867691040039062,23.695547646434676
2022-05-18,283.88458251953125,22.396739959716797,21.366511080738032
2022-05-19,282.3634033203125,22.174348831176758,21.135199446663044
2022-05-20,281.48583984375,22.021154403686523,21.001522359204536
2022-05-23,286.16632080078125,22.757495880126953,21.697649793857156
2022-05-24,280.0817565917969,21.7839412689209,20.77259910017783
2022-05-25,284.0016174316406,22.406618118286133,21.35177700219463
2022-05-26,291.8704833984375,23.637157440185547,22.532641770224313
2022-05-27,301.39697265625,25.203737258911133,24.001091092580747
2022-05-31,300.5974426269531,25.040658950805664,23.871137036358203
2022-06-01,298.374267578125,24.674957275390625,23.515439881160848
2022-06-02,306.54541015625,26.033985137939453,24.800842805483832
2022-06-03,298.5693054199219,24.64035987854004,23.507536838406686
2022-06-06,299.5638427734375,24.828157424926758,23.661581930597897
2022-06-07,302.14776611328125,25.267988204956055,24.0671940920996
2022-06-08,299.973388671875,24.887460708618164,23.718175981445903
2022-06-09,291.93878173828125,23.528438568115234,22.445036250790334
2022-06-10,281.6418762207031,21.853130340576172,20.859282079310734
2022-06-13,268.54656982421875,19.841768264770508,18.9172491226997
2022-06-14,269.03411865234375,19.935667037963867,18.983875814432494
2022-06-15,275.75244140625,20.909225463867188,19.929937435775823
2022-06-16,264.62677001953125,19.233919143676758,18.319554715922735
2022-06-17,267.844482421875,19.678686141967773,18.76306859909643
2022-06-21,274.60211181640625,20.672012329101562,19.70779547705555
2022-06-22,274.2015380859375,20.60282325744629,19.6481499102524
2022-06-23,278.2852783203125,21.215621948242188,20.23125596032019
2022-06-24,287.82025146484375,22.708080291748047,21.615429876694
2022-06-27,285.7101135253906,22.32261085510254,21.296128937898377
2022-06-28,277.00543212890625,20.953699111938477,19.996156345611894
2022-06-29,277.25946044921875,21.013002395629883,20.030651556954506
2022-06-30,273.8205261230469,20.464448928833008,19.53157532838656
2022-07-01,275.6278991699219,20.73131561279297,19.787285437307762
2022-07-05,280.3465881347656,21.442947387695312,20.462636339590755
2022-07-06,282.1441955566406,21.70486831665039,20.72282219072234
2022-07-07,288.1817626953125,22.62900733947754,21.607453148403742
2022-07-08,288.54327392578125,22.70313262939453,21.65930887093202
2022-07-11,282.3786926269531,21.70486831665039,20.731467371708774
2022-07-12,279.6432189941406,21.294694900512695,20.327545495867238
2022-07-13,279.0667724609375,21.215621948242188,20.241524610106335
2022-07-14,280.0633239746094,21.358936309814453,20.383883611652717
2022-07-15,285.1434326171875,22.1199893951416,21.121153888995636
2022-07-18,282.7303161621094,21.749345779418945,20.761362556098128
2022-07-19,291.4252624511719,23.07377815246582,22.036068385215454
2022-07-20,296.0462341308594,23.8051815032959,22.732494073477845
2022-07-21,300.2959899902344,24.487167358398438,23.382667745417034
2022-07-22,295.0302429199219,23.62727165222168,22.560079750684025
2022-07-25,293.349853515625,23.37523078918457,22.30063174632948
2022-07-26,287.5858459472656,22.43132972717285,21.42183410011668
2022-07-27,299.7391052246094,24.32902717590332,23.230054628956395
2022-07-28,302.66998291015625,24.788619995117188,23.68181368665438
2022-07-29,308.1897277832031,25.70781707763672,24.5429951211475
2022-08-01,308.004150390625,25.67816162109375,24.51076237416427
2022-08-02,307.0857849121094,25.505197525024414,24.36192461123121
2022-08-03,315.44854736328125,26.893875122070312,25.686148851982512
2022-08-04,316.92364501953125,27.126142501831055,25.923575444055004
2022-08-05,314.3348388671875,26.69620132446289,25.497233513527995
2022-08-08,313.3187255859375,26.52322769165039,25.329610204880865
2022-08-09,309.7724609375,25.91537857055664,24.753467993425627
2022-08-10,318.4184875488281,27.358415603637695,26.13255247144496
2022-08-11,316.6110534667969,27.047073364257812,25.833032093766942
2022-08-12,322.7757263183594,28.114524841308594,26.83619598437051
2022-08-15,325.3841857910156,28.539531707763672,27.267015228182295
2022-08-16,324.6220703125,28.406097412109375,27.136313098731616
2022-08-17,320.91943359375,27.748825073242188,26.51432179328822
2022-08-18,321.6912536621094,27.892139434814453,26.63896677616685
2022-08-19,315.4192199707031,26.79503631591797,25.597299754323675
2022-08-22,307.11517333984375,25.376705169677734,24.2467083514314
2022-08-23,306.8611145019531,25.33222770690918,24.203949349820917
2022-08-24,307.75006103515625,25.475549697875977,24.34154377447148
2022-08-25,313.1917419433594,26.360151290893555,25.19971163445748
2022-08-26,300.3546447753906,24.195592880249023,23.1311939745508
2022-08-29,297.3943786621094,23.721166610717773,22.67271482207847
2022-08-30,294.08251953125,23.187442779541016,22.165265046509298
2022-08-31,292.37286376953125,22.915639877319336,21.905132182214956
2022-09-01,292.4999084472656,22.930463790893555,21.921781131229817
2022-09-02,288.3673400878906,22.273189544677734,21.299950124902633
2022-09-06,286.2962341308594,21.951963424682617,20.99166806274427
2022-09-07,292.0797424316406,22.83162498474121,21.83749068752981
2022-09-08,293.5940856933594,23.063894271850586,22.061551441778978
2022-09-09,300.0127258300781,24.062162399291992,23.023778715734124
2022-09-12,303.5786437988281,24.63047981262207,23.56858501874705
2022-09-13,286.9312744140625,21.917367935180664,20.981150542163604
2022-09-14,289.20751953125,22.27813148498535,21.311753116518243
2022-09-15,284.3912048339844,21.50719451904297,20.59959973304224
2022-09-16,282.6522521972656,21.245271682739258,20.345435462585783
2022-09-19,284.8533020019531,21.58626365661621,20.660082675274047
2022-09-20,282.58270263671875,21.225507736206055,20.32846256441329
2022-09-21,277.5228271484375,20.45950698852539,19.598250877524308
2022-09-22,274.10711669921875,19.965320587158203,19.113689621723605
2022-09-23,269.6441650390625,19.312986373901367,18.489196247679182
2022-09-26,268.5284729003906,19.1202449798584,18.334177211000025
2022-09-27,268.6361389160156,19.169673919677734,18.346880687905816
2022-09-28,273.9798889160156,19.91590118408203,19.074798422936066
2022-09-29,266.08160400390625,18.794086456298828,17.972943494057567
2022-09-30,261.5697937011719,18.117042541503906,17.361468131416107
2022-10-03,267.70635986328125,18.97199249267578,18.174194043400373
2022-10-04,276.1231689453125,20.162994384765625,19.315022616382556
2022-10-05,275.9764404296875,20.128398895263672,19.292389518890058
2022-10-06,273.8036804199219,19.807178497314453,18.98650881290718
2022-10-07,263.37066650390625,18.290006637573242,17.53751541401522
2022-10-10,260.7379455566406,17.899599075317383,17.184984591487048
2022-10-11,257.1559143066406,17.45482635498047,16.71093483483294
2022-10-12,257.0677795410156,17.425172805786133,16.697658511060745
2022-10-13,263.0966491699219,18.21588134765625,17.47904032784527
2022-10-14,255.18861389160156,17.108888626098633,16.426381374163466
2022-10-17,263.61541748046875,18.270238876342773,17.50945015975585
2022-10-18,265.7000732421875,18.55687141418457,17.784468906037947
2022-10-19,264.7310485839844,18.398733139038086,17.652808071826374
2022-10-20,263.3804626464844,18.191171646118164,17.47076404562189
2022-10-21,269.5561218261719,19.060951232910156,18.288157086255065
2022-10-24,272.5216369628906,19.4760684967041,18.6885569013999
2022-10-25,278.1589050292969,20.27171516418457,19.45968690506372
2022-10-26,272.01263427734375,19.362407684326172,18.597593076864694
2022-10-27,267.0604553222656,18.645828247070312,17.91840152585721
2022-10-28,275.2326965332031,19.797292709350586,19.013080056260776
2022-10-31,272.03216552734375,19.312986373901367,18.568821924348377
2022-11-01,269.2527160644531,18.92257308959961,18.187349184482876
2022-11-02,260.0234680175781,17.627792358398438,16.938541198383444
2022-11-03,254.9439239501953,16.940868377685547,16.274907772719953
2022-11-04,259.0447998046875,17.479534149169922,16.79671053456492
2022-11-07,261.89276123046875,17.860065460205078,17.164208541672302
2022-11-08,263.8013000488281,18.107154846191406,17.4125051729377
2022-11-09,257.7137451171875,17.257150650024414,16.60697502180404
2022-11-10,276.73004150390625,19.807178497314453,19.055970382207647
2022-11-11,281.82904052734375,20.5385799407959,19.756139728600655
2022-11-14,279.36279296875,20.167936325073242,19.40821950621026
2022-11-15,283.22869873046875,20.736257553100586,19.943257264178683
2022-11-16,279.36279296875,20.158050537109375,19.396655671945002
2022-11-17,278.7462158203125,20.05427360534668,19.308921118312586
2022-11-18,278.7559814453125,20.059213638305664,19.30816916688062
2022-11-21,275.8883972167969,19.639148712158203,18.908815112201452
2022-11-22,279.8619384765625,20.20252799987793,19.451430289779836
2022-11-23,282.67083740234375,20.60282325744629,19.83976739890428
2022-11-25,280.811279296875,20.321134567260742,19.57657169462559
2022-11-28,276.69085693359375,19.718225479125977,18.999932611745386
2022-11-29,274.59649658203125,19.42664909362793,18.710228438673155
2022-11-30,287.1141052246094,21.200796127319336,20.414017690664874
2022-12-01,287.46649169921875,21.24032974243164,20.46190218885511
2022-12-02,286.3214111328125,21.07230567932129,20.29665764098844
2022-12-05,281.51593017578125,20.340898513793945,19.613146378981387
2022-12-06,275.68280029296875,19.500778198242188,18.79822284171525
2022-12-07,274.5573425292969,19.33275604248047,18.642688486085806
2022-12-08,277.806640625,19.802234649658203,19.081916698666934
2022-12-09,276.0351867675781,19.54525375366211,18.83648214611474
2022-12-12,279.49981689453125,20.019678115844727,19.30727748268517
2022-12-13,282.50445556640625,20.45456886291504,19.720281395448843
2022-12-14,280.40997314453125,20.13828468322754,19.425720110312923
2022-12-15,270.9947814941406,18.784198760986328,18.11910624499931
2022-12-16,268.4110412597656,18.413557052612305,17.771625776170943
2022-12-19,264.6388854980469,17.914424896240234,17.27017592529184
2022-12-20,264.432861328125,17.865005493164062,17.241403249685103
2022-12-21,268.268798828125,18.38884735107422,17.73974103450314
2022-12-22,261.7055358886719,17.476367950439453,16.86979283979007
2022-12-23,262.29412841796875,17.56062889099121,16.943836330951072
2022-12-27,258.58575439453125,17.030290603637695,16.462877638257993
2022-12-28,255.1717529296875,16.579256057739258,16.026377778405106
2022-12-29,261.3916320800781,17.3821964263916,16.805925137298157
2022-12-30,261.2346496582031,17.367326736450195,16.78390702985302
2023-01-03,259.4687194824219,17.124460220336914,16.555161032252595
2023-01-04,260.704833984375,17.28802490234375,16.711094609501913
2023-01-05,256.62371826171875,16.722993850708008,16.186076542553973
2023-01-06,263.70684814453125,17.644887924194336,17.0778232691242
2023-01-09,265.4139099121094,17.877843856811523,17.29706240357573
2023-01-10,267.6605529785156,18.18018341064453,17.588004924892225
2023-01-11,272.2911071777344,18.794782638549805,18.194636101817565
2023-01-12,273.7627258300781,18.973209381103516,18.389321355214943
2023-01-13,275.6462707519531,19.235902786254883,18.64036147798724
2023-01-17,276.2054748535156,19.300331115722656,18.71396093746538
2023-01-18,272.61480712890625,18.804691314697266,18.225358384763155
2023-01-19,269.9365539550781,18.42800521850586,17.865268364436346
2023-01-20,277.3238830566406,19.458938598632812,18.841155192348864
2023-01-23,283.4848937988281,20.311445236206055,19.676249237071982
2023-01-24,282.90606689453125,20.217275619506836,19.593753335713235
2023-01-25,282.2781677246094,20.108234405517578,19.50464222390652
2023-01-26,287.7818908691406,20.88639259338379,20.263100149961737
2023-01-27,290.6466064453125,21.297779083251953,20.664307997821577
2023-01-30,284.77001953125,20.42049217224121,19.826431613315528
2023-01-31,289.03765869140625,21.049959182739258,20.418518647534867
2023-02-01,295.21826171875,21.961938858032227,21.289526814612145
2023-02-02,305.8136291503906,23.508344650268555,22.815365942635363
2023-02-03,300.378662109375,22.660797119140625,22.00192239362608
2023-02-06,297.837646484375,22.28410530090332,21.627278925675444
2023-02-07,304.008544921875,23.210960388183594,22.52111252407003
2023-02-08,298.60284423828125,22.363407135009766,21.717743179281864
2023-02-09,295.9638366699219,21.952024459838867,21.331499322650227
2023-02-10,294.0214538574219,21.674467086791992,21.04918069952603
2023-02-13,298.7303771972656,22.373321533203125,21.721115661987472
2023-02-14,300.93780517578125,22.675662994384766,22.0397583426737
2023-02-15,303.2432861328125,23.04244041442871,22.37504841176821
2023-02-16,297.55322265625,22.14036750793457,21.532917506311858
2023-02-17,295.4537353515625,21.823156356811523,21.226704621471182
2023-02-21,288.4588623046875,20.787261962890625,20.21930536187544
2023-02-22,288.6746826171875,20.81700325012207,20.247356749020835
2023-02-23,291.1959228515625,21.178823471069336,20.598824148959313
2023-02-24,286.32012939453125,20.450225830078125,19.906763955944466
2023-02-27,288.3705749511719,20.752567291259766,20.189713458454978
2023-02-28,287.9977111816406,20.68317985534668,20.135301863663425
2023-03-01,285.6824951171875,20.351099014282227,19.809371157692965
2023-03-02,288.04681396484375,20.698049545288086,20.135097879893927
2023-03-03,294.0018310546875,21.540639877319336,20.96544017962562
2023-03-06,294.3353576660156,21.57038116455078,21.01072265715694
2023-03-07,290.72509765625,21.040040969848633,20.493005407342718
2023-03-08,292.17706298828125,21.258129119873047,20.695467443145102
2023-03-09,287.1147766113281,20.47996711730957,19.976068296887135
2023-03-10,283.0826721191406,19.909976959228516,19.41282171602774
2023-03-13,285.1821594238281,20.212318420410156,19.69865652118706
2023-03-14,291.73553466796875,21.14412498474121,20.60184409226135
2023-03-15,293.2659606933594,21.352298736572266,20.815750178501258
2023-03-16,300.9966735839844,22.467493057250977,21.910918911625178
2023-03-17,299.5740966796875,22.244457244873047,21.701418665625724
2023-03-20,300.63726806640625,22.408016204833984,21.853087157725664
2023-03-21,304.9311218261719,23.03252601623535,22.474938643773843
2023-03-22,300.78466796875,22.403060913085938,21.8612601190139
2023-03-23,304.3514404296875,22.94826889038086,22.377348502211504
2023-03-24,305.4715881347656,23.101917266845703,22.539626164521728
2023-03-27,303.37872314453125,22.76983642578125,22.228319451069872
2023-03-28,301.76727294921875,22.541841506958008,21.989756943870862
2023-03-29,307.2695617675781,23.369565963745117,22.789262497616377
2023-03-30,310.1781005859375,23.780948638916016,23.218213421855918
2023-03-31,315.3365783691406,24.569019317626953,23.987952482346014
2023-04-03,314.5701599121094,24.445106506347656,23.868733164055136
2023-04-04,313.50897216796875,24.281545639038086,23.70509108601064
2023-04-05,310.41387939453125,23.775989532470703,23.234453649869568
2023-04-06,312.5068054199219,24.11798667907715,23.545231514753024
2023-04-10,312.3299255371094,24.06346321105957,23.516011457995667
2023-04-11,310.3254089355469,23.75616455078125,23.21159895984144
2023-04-12,307.5841064453125,23.324954986572266,22.798982880287305
2023-04-13,313.6072082519531,24.2369384765625,23.689395389077337
2023-04-14,313.0177001953125,24.132854461669922,23.597751950945252
2023-04-17,313.2829895019531,24.157638549804688,23.635178741979665
2023-04-18,313.3026428222656,24.172502517700195,23.635567669609145
2023-04-19,313.15521240234375,24.142763137817383,23.610746805508583
2023-04-20,310.7675476074219,23.77103614807129,23.248130744321113
2023-04-21,311.09185791015625,23.800777435302734,23.294118926931002
2023-04-24,310.443359375,23.69668960571289,23.1944622930234
2023-04-25,304.58721923828125,22.809486389160156,22.31686263106967
2023-04-26,306.43450927734375,23.067222595214844,22.58512877370774
2023-04-27,314.7666931152344,24.321197509765625,23.81087987343296
2023-04-28,316.93817138671875,24.653278350830078,24.136812038703976
2023-05-01,316.5746154785156,24.588848114013672,24.07880676532713
2023-05-02,313.8136291503906,24.147724151611328,23.656178191581503
2023-05-03,311.760009765625,23.8503360748291,23.34398387067042
2023-05-04,310.6595153808594,23.66695213317871,23.176633346459695
2023-05-05,317.26239013671875,24.65823745727539,24.15931667837459
2023-05-08,318.04852294921875,24.772233963012695,24.276410001920127
2023-05-09,316.0342102050781,24.459976196289062,23.966261573156423
2023-05-10,319.47320556640625,24.990314483642578,24.485237208116136
2023-05-11,320.5147399902344,25.139009475708008,24.64221972014836
2023-05-12,319.3651123046875,24.955623626708984,24.462759176355966
2023-05-15,321.0944519042969,25.223268508911133,24.725020693511194
2023-05-16,321.4579772949219,25.26787567138672,24.778309987284683
2023-05-17,325.34893798828125,25.887428283691406,25.37544733565104
2023-05-18,331.3917541503906,26.819238662719727,26.31529469995429
2023-05-19,330.6450500488281,26.700284957885742,26.193836850296883
2023-05-22,331.7552795410156,26.858888626098633,26.366887096668243
2023-05-23,327.5499267578125,26.184816360473633,25.695555849309343
2023-05-24,325.8697509765625,25.907257080078125,25.429142709654855
2023-05-25,333.7991027832031,27.151321411132812,26.66389955137821
2023-05-26,342.3277893066406,28.544076919555664,28.023537231585294
2023-05-30,343.8802490234375,28.786943435668945,28.274656351089426
2023-05-31,341.9248962402344,28.410253524780273,27.950026527561626
2023-06-01,345.8748779296875,29.11406707763672,28.592747741832955
2023-06-02,348.4688415527344,29.54031753540039,29.018505825140636
2023-06-05,348.7144775390625,29.57501220703125,29.05625281581643
2023-06-06,348.655517578125,29.56510353088379,29.043259803531402
2023-06-07,342.7405090332031,28.54903221130371,28.054644674022352
2023-06-08,346.9949951171875,29.237974166870117,28.74807888756314
2023-06-09,348.32147216796875,29.45110511779785,28.964738775863207
2023-06-12,354.2070617675781,30.45725440979004,29.94041595062132
2023-06-13,356.9288024902344,30.903337478637695,30.397278724733766
2023-06-14,359.52276611328125,31.3543701171875,30.83578671849139
2023-06-15,363.8067932128906,32.07801055908203,31.56729581255884
2023-06-16,361.5174560546875,31.661672592163086,31.166565810298746
2023-06-20,360.99981689453125,31.587324142456055,31.073916536546314
2023-06-21,356.080322265625,30.724903106689453,30.223614758638924
2023-06-22,360.2816162109375,31.433673858642578,30.933520301903812
2023-06-23,356.7099609375,30.799251556396484,30.316828691568425
2023-06-26,351.9281311035156,29.97152328491211,29.5007070588538
2023-06-27,357.9792175292969,30.992551803588867,30.51196718252688
2023-06-28,358.67779541015625,31.09663963317871,30.627726073047242
2023-06-29,357.95953369140625,30.957857131958008,30.50172164688339
2023-06-30,363.4793395996094,31.909482955932617,31.43908161833901
2023-07-03,364.33538818359375,32.063140869140625,31.5837419428675
2023-07-05,364.32550048828125,32.038352966308594,31.578584652163325
2023-07-06,361.5509033203125,31.54271697998047,31.09415557250739
2023-07-07,360.3504333496094,31.314722061157227,30.884279953524057
2023-07-10,360.468505859375,31.3543701171875,30.90115231524612
2023-07-11,362.24945068359375,31.641843795776367,31.203126624320106
2023-07-12,366.8246765136719,32.44478225708008,31.987918735701623
2023-07-13,373.0528564453125,33.51041793823242,33.070653668642755
2023-07-14,372.97418212890625,33.49554443359375,33.05309983645399
2023-07-17,376.4572448730469,34.10519027709961,33.666837098832204
2023-07-18,379.536865234375,34.6751823425293,34.21399227360554
2023-07-19,379.4483337402344,34.58596420288086,34.19430091503583
2023-07-20,370.7012939453125,33.01973342895508,32.61407987178517
2023-07-21,369.5894775390625,32.816524505615234,32.414890668965135
2023-07-24,370.1798400878906,32.920597076416016,32.51491271559328
2023-07-25,372.6888427734375,33.376590728759766,32.95212697674759
2023-07-26,371.4490661621094,33.143646240234375,32.72929951189393
2023-07-27,370.5635681152344,32.96025848388672,32.56968478105521
2023-07-28,377.313232421875,34.15475845336914,33.75262137105494
2023-07-31,377.510009765625,34.214229583740234,33.78414745315002
2023-08-01,376.63433837890625,34.02092361450195,33.62373332699694
2023-08-02,368.3694152832031,32.51417541503906,32.14437898204271
2023-08-03,367.7790832519531,32.395225524902344,32.03784864471822
2023-08-04,366.0571594238281,32.08296585083008,31.734356846431435
2023-08-07,369.156494140625,32.628170013427734,32.26827468366581
2023-08-08,366.017822265625,32.05818557739258,31.716049260326372
2023-08-09,361.9936218261719,31.34446144104004,31.015184609771655
2023-08-10,362.6627197265625,31.448543548583984,31.126458630825812
2023-08-11,360.3504333496094,31.03716278076172,30.726149666331573
2023-08-14,364.3944091796875,31.740970611572266,31.41243888928162
2023-08-15,360.5275573730469,31.05202865600586,30.742334499159647
2023-08-16,356.7099609375,30.377954483032227,30.08792716728727
2023-08-17,352.8136901855469,29.69892692565918,29.427358554164535
2023-08-18,352.37091064453125,29.61962127685547,29.35028823939094
2023-08-21,358.048095703125,30.58116912841797,30.29283658550224
2023-08-22,357.53643798828125,30.486995697021484,30.202956211014108
2023-08-23,363.17431640625,31.438631057739258,31.15218537154151
2023-08-24,355.4112243652344,30.055788040161133,29.81699215313405
2023-08-25,358.1661376953125,30.54647445678711,30.27598506325928
2023-08-28,360.86212158203125,31.007423400878906,30.72847070336377
2023-08-29,368.7432556152344,32.33574676513672,32.067324420851634
2023-08-30,370.7996520996094,32.69260787963867,32.421492929225685
2023-08-31,371.9114990234375,32.85121536254883,32.61239103774646
2023-09-01,371.5179443359375,32.80659866333008,32.539815411415525
2023-09-05,371.9902038574219,32.86608123779297,32.61899495827623
2023-09-06,368.71380615234375,32.28618240356445,32.040839036230906
2023-09-07,366.0768737792969,31.800453186035156,31.57905296075133
2023-09-08,366.5885009765625,31.87479591369629,31.663879934184425
2023-09-11,370.90789794921875,32.628170013427734,32.406599280032125
2023-09-12,366.7951354980469,31.90453338623047,31.68439413592847
2023-09-13,368.1922912597656,32.13748550415039,31.922317606221245
2023-09-14,371.203125,32.64800262451172,32.440917030881735
2023-09-15,364.8470153808594,31.503063201904297,31.326409215993653
2023-09-18,365.22735595703125,31.582368850708008,31.388307706787153
2023-09-19,364.4488830566406,31.44359016418457,31.251079249603926
2023-09-20,359.1969909667969,30.616544723510742,30.346984919262326
2023-09-21,352.6148986816406,29.458480834960938,29.23149229330431
2023-09-22,352.66412353515625,29.48333740234375,29.236467128311055
2023-09-25,354.33929443359375,29.746753692626953,29.511029161496893
2023-09-26,349.0184020996094,28.842178344726562,28.621514659124045
2023-09-27,349.8363342285156,28.99625015258789,28.75254485679262
2023-09-28,352.7627868652344,29.453510284423828,29.23045236223173
2023-09-29,353.0189208984375,29.49824333190918,29.269713207343877
2023-10-02,355.965087890625,29.970415115356445,29.755071148485037
2023-10-03,349.718017578125,28.911758422851562,28.707444065027314
2023-10-04,354.4772644042969,29.692087173461914,29.485663055900364
2023-10-05,353.4327697753906,29.49824333190918,29.308685216046342
2023-10-06,359.3547058105469,30.472408294677734,30.287652467020923
2023-10-09,361.18743896484375,30.790502548217773,30.593288893584557
2023-10-10,363.1876525878906,31.108596801757812,30.928797958140972
2023-10-11,365.7791748046875,31.560884475708008,31.36681068299324
2023-10-12,364.50799560546875,31.307405471801758,31.145375446031192
2023-10-13,359.92620849609375,30.53205108642578,30.358998902417
2023-10-16,363.9956359863281,31.232851028442383,31.04218427708198
2023-10-17,362.80340576171875,31.01913070678711,30.835449367916894
2023-10-18,358.044189453125,30.144372940063477,30.02309569188592
2023-10-19,354.6940612792969,29.602619171142578,29.45798593126439
2023-10-20,349.4026794433594,28.72289276123047,28.575856932349367
2023-10-23,350.4570617675781,28.876968383789062,28.74520690543096
2023-10-24,353.8663024902344,29.453510284423828,29.30133918048373
2023-10-25,345.2051696777344,27.992265701293945,27.863802207221198
2023-10-26,338.6230773925781,26.91373062133789,26.798195956954515
2023-10-27,340.2489013671875,27.172183990478516,27.05260589478466
2023-10-30,344.08184814453125,27.758665084838867,27.659158884725528
2023-10-31,345.72735595703125,28.04197120666504,27.920693345779032
2023-11-01,351.72808837890625,29.016132354736328,28.886879365621855
2023-11-02,358.1131286621094,30.04496955871582,29.932517167129834
2023-11-03,362.320556640625,30.740798950195312,30.63260125239051
2023-11-06,363.798583984375,30.979366302490234,30.879183303926492
2023-11-07,367.2374572753906,31.5559139251709,31.459599484155383
2023-11-08,367.4739074707031,31.605615615844727,31.496681301253005
2023-11-09,364.6459655761719,31.103628158569336,31.00847442030897
2023-11-10,372.843994140625,32.46546173095703,32.39936904463249
2023-11-13,371.6812744140625,32.27163314819336,32.193761282387634
2023-11-14,379.68231201171875,33.648372650146484,33.576296839841596
2023-11-15,379.96807861328125,33.6931037902832,33.62317881111818
2023-11-16,380.2931823730469,33.75275802612305,33.67705002755715
2023-11-17,380.3819580078125,33.747779846191406,33.689101984311684
2023-11-20,385.0130310058594,34.57283401489258,34.50574542088949
2023-11-21,382.7762756347656,34.13048553466797,34.101057670829704
2023-11-22,384.34295654296875,34.42373275756836,34.37648753486385
2023-11-24,383.8010559082031,34.304447174072266,34.27580251251407
2023-11-27,383.4660339355469,34.244808197021484,34.21222699952236
2023-11-28,384.47113037109375,34.413787841796875,34.38784367264714
2023-11-29,384.0966796875,34.33427047729492,34.317111813716515
2023-11-30,383.1310119628906,34.150367736816406,34.140815720943465
2023-12-01,384.2247314453125,34.34918212890625,34.33201673219335
2023-12-04,380.6578063964844,33.68814468383789,33.69083610690314
2023-12-05,381.6136169433594,33.85215377807617,33.85635504606933
2023-12-06,379.40643310546875,33.45950698852539,33.46102630169116
2023-12-07,384.70751953125,34.39888381958008,34.392417068664926
2023-12-08,386.42205810546875,34.667266845703125,34.695223520264975
2023-12-11,389.7229309082031,35.263702392578125,35.28418452401275
2023-12-12,392.82684326171875,35.82533645629883,35.84237341401437
2023-12-13,397.8224182128906,36.719970703125,36.75008037848257
2023-12-14,397.47760009765625,36.640445709228516,36.68236691288192
2023-12-15,399.3990173339844,36.90884017944336,37.033015180227025
2023-12-18,401.9146728515625,37.445621490478516,37.495490617929875
2023-12-19,403.9683532714844,37.813411712646484,37.8745877726663
2023-12-20,397.9654541015625,36.67307662963867,36.74483949196162
2023-12-21,402.5959777832031,37.52384948730469,37.59592242393013
2023-12-22,403.1982421875,37.62834167480469,37.704307456680304
2023-12-26,405.66644287109375,38.06616973876953,38.16181532746541
2023-12-27,406.4923095703125,38.210453033447266,38.31303696181267
2023-12-28,406.29473876953125,38.14079666137695,38.27161720191523
2023-12-29,404.53643798828125,37.81242752075195,37.93619295137735
2024-01-02,397.6907043457031,36.53874969482422,36.64811344216826
2024-01-03,393.4825134277344,35.75761413574219,35.8685294277253
2024-01-04,391.45751953125,35.364566802978516,35.49543621699242
2024-01-05,391.9218444824219,35.45412826538086,35.57577219947257
2024-01-08,400.0220031738281,36.90692138671875,37.04243926838607
2024-01-09,400.8122863769531,37.05120086669922,37.18476325585747
2024-01-10,403.52880859375,37.5338134765625,37.68475230186821
2024-01-11,404.36846923828125,37.6532096862793,37.83747270604523
2024-01-12,404.575927734375,37.70296096801758,37.87217250572712
2024-01-16,404.53643798828125,37.688045501708984,37.86065077097563
2024-01-17,402.2545166015625,37.245235443115234,37.42939251713698
2024-01-18,407.96417236328125,38.309959411621094,38.48786814422913
2024-01-19,416.0545349121094,39.797576904296875,40.01018307893477
2024-01-22,416.59783935546875,39.89708709716797,40.110316035484495
2024-01-23,418.3265686035156,40.21550750732422,40.4388299477361
2024-01-24,420.64794921875,40.64337921142578,40.88322850873953
2024-01-25,421.16162109375,40.72298812866211,40.97862041823107
2024-01-26,418.65252685546875,40.22545623779297,40.48588837085596
2024-01-29,422.939697265625,41.061302185058594,41.31065853660723
2024-01-30,420.1244201660156,40.48914337158203,40.756190507011816
2024-01-31,411.8957214355469,38.9069938659668,39.15521860272357
2024-02-01,416.7460021972656,39.83240509033203,40.07309530188373
2024-02-02,423.78924560546875,41.165794372558594,41.42324287830101
2024-02-05,423.2361145019531,41.01652908325195,41.31059576838607
2024-02-06,422.3865051269531,40.867271423339844,41.140237646554375
2024-02-07,426.73297119140625,41.68819808959961,41.982440200038596
2024-02-08,427.5233154296875,41.822532653808594,42.133373435267856
2024-02-09,431.7314147949219,42.62853240966797,42.95821551632648
2024-02-12,430.0422058105469,42.28026580810547,42.6173726382162
2024-02-13,423.3348388671875,40.95185089111328,41.28332080116981
2024-02-14,427.947998046875,41.852386474609375,42.17856463489158
2024-02-15,429.22235107421875,42.06135177612305,42.425167217280816
2024-02-16,425.33026123046875,41.30012130737305,41.65113901569228
2024-02-20,422.1197814941406,40.66825866699219,41.01781594647758
2024-02-21,420.4306335449219,40.32993698120117,40.6850720276821
2024-02-22,432.73895263671875,42.68326187133789,43.06278894459157
2024-02-23,431.4646911621094,42.40961837768555,42.804485578752754
2024-02-26,431.23748779296875,42.35986328125,42.75473889443403
2024-02-27,432.27471923828125,42.56385803222656,42.955749310578604
2024-02-28,429.97308349609375,42.08124923706055,42.49363305480417
2024-02-29,433.65765380859375,42.807655334472656,43.21728253162314
2024-03-01,440.18719482421875,44.0863037109375,44.51400817345161
2024-03-04,438.6165466308594,43.72807693481445,44.191491483382755
2024-03-05,430.74359130859375,42.170806884765625,42.60024221782353
2024-03-06,433.4501953125,42.6882438659668,43.130960819416444
2024-03-07,440.0292053222656,43.97187042236328,44.43556298576144
2024-03-08,433.67742919921875,42.668338775634766,43.14787347868457
2024-03-11,432.0672912597656,42.34493637084961,42.822774922076796
2024-03-12,438.26092529296875,43.57384490966797,44.045825679711456
2024-03-13,434.8924560546875,42.86735534667969,43.36395259991349
2024-03-14,433.7959899902344,42.643455505371094,43.14056400679491
2024-03-15,428.6395263671875,41.61356735229492,42.11025120917678
2024-03-18,432.7276611328125,42.3996696472168,42.90891086066751
2024-03-19,433.8057556152344,42.59868240356445,43.118039182911964
2024-03-20,438.94927978515625,43.61180877685547,44.13581800410589
2024-03-21,441.0264587402344,43.990177154541016,44.54872234762052
2024-03-22,441.53094482421875,44.06486129760742,44.64578377003275
2024-03-25,439.9285583496094,43.756187438964844,44.3168634778444
2024-03-26,438.504150390625,43.472408294677734,44.02505268682609
2024-03-27,439.9977111816406,43.76116943359375,44.32015525524999
2024-03-28,439.1866760253906,43.55207061767578,44.1519357107679
2024-04-01,440.116455078125,43.756187438964844,44.33406613503877
2024-04-02,436.3181457519531,42.97953796386719,43.56400621703197
2024-04-03,437.2974548339844,43.1488037109375,43.7548146693224
2024-04-04,430.61083984375,41.80460739135742,42.41195524206939
2024-04-05,435.68511962890625,42.80031204223633,43.406889260681396
2024-04-08,435.8136901855469,42.825199127197266,43.42777613535469
2024-04-09,437.426025390625,43.1239128112793,43.744372588765906
2024-04-10,433.6079406738281,42.33730697631836,42.97595610898805
2024-04-11,440.5318908691406,43.70640182495117,44.34377091760575
2024-04-12,433.509033203125,42.292503356933594,42.92510062969428
2024-04-15,426.3773193359375,40.883583068847656,41.50808840132985
2024-04-16,426.4169006347656,40.883583068847656,41.51127007177748
2024-04-17,421.2140197753906,39.88290023803711,40.49375409774764
2024-04-18,418.8104248046875,39.39500045776367,40.02719668126192
2024-04-19,410.1455993652344,37.77699279785156,38.36657710366848
2024-04-22,414.27032470703125,38.51878356933594,39.13407965675159
2024-04-23,420.4524230957031,39.67380142211914,40.29779844121852
2024-04-24,421.8768310546875,39.932682037353516,40.56644713806457
2024-04-25,419.83917236328125,39.50950622558594,40.1701542836474
2024-04-26,426.3179931640625,40.73920440673828,41.40556064448197
2024-04-29,428.0489807128906,41.052852630615234,41.737286631674095
2024-04-30,419.9776306152344,39.48959732055664,40.15872882539554
2024-05-01,416.9409484863281,38.9071159362793,39.57360920991922
2024-05-02,422.2625427246094,39.887882232666016,40.579484765979124
2024-05-03,430.7493591308594,41.48100280761719,42.206229438755585
2024-05-06,435.4674987792969,42.407005310058594,43.12622595061174
2024-05-07,435.5367736816406,42.38709259033203,43.13524588425465
2024-05-08,435.2795715332031,42.34229278564453,43.079597421333794
2024-05-09,436.2290954589844,42.496620178222656,43.26284992373432
2024-05-10,437.25787353515625,42.70073699951172,43.462191105296675
2024-05-13,438.26678466796875,42.88992691040039,43.65801903365508
2024-05-14,441.0857849121094,43.42262649536133,44.214890171936496
2024-05-15,447.9801025390625,44.75687026977539,45.592257142874494
2024-05-16,447.070068359375,44.572662353515625,45.40205333733662
2024-05-17,446.8524475097656,44.527854919433594,45.35290316741235
2024-05-20,449.9682312011719,45.13523864746094,45.98042673129937
2024-05-21,450.84857177734375,45.289573669433594,46.155331198086635
2024-05-22,450.75958251953125,45.27463912963867,46.132079303949205
2024-05-23,448.7318115234375,44.83652877807617,45.711994123779014
2024-05-24,452.9752502441406,45.68287658691406,46.57156323156815
2024-05-28,454.6864318847656,46.006473541259766,46.91834846613787
2024-05-29,451.4816589355469,45.35926818847656,46.25184328276076
2024-05-30,446.6447448730469,44.36854934692383,45.25577016491879
2024-05-31,445.81390380859375,44.36854934692383,45.08246871924446
2024-06-03,448.20758056640625,44.652320861816406,45.56167037474898
2024-06-04,449.4341125488281,44.87635040283203,45.80606508102435
2024-06-05,458.49462890625,46.68852996826172,47.647956880904594
2024-06-06,458.3363342285156,46.648704528808594,47.60986191804043
2024-06-07,457.9308166503906,46.5391845703125,47.52042531208298
2024-06-10,459.78045654296875,46.907588958740234,47.899126935569974
2024-06-11,462.9358215332031,47.52989959716797,48.551346238139885
2024-06-12,468.999267578125,48.77951431274414,49.81788633147899
2024-06-13,471.5413513183594,49.28234100341797,50.352504382597864
2024-06-14,473.9844970703125,49.770233154296875,50.86878725775815
2024-06-17,479.79071044921875,50.980018615722656,52.10950650818984
2024-06-18,479.9390869140625,50.99494934082031,52.136055964172144
2024-06-20,476.23974609375,50.18345260620117,51.32664954378306
2024-06-21,474.9637756347656,49.88473892211914,51.04601939733514
2024-06-24,469.55645751953125,48.76457595825195,49.87816798961079
2024-06-25,474.92608642578125,49.874786376953125,51.01349768620981
2024-06-26,475.90692138671875,50.07712936401367,51.21864656528673
2024-06-27,477.1353759765625,50.3063850402832,51.47748368275724
2024-06-28,474.6585998535156,49.74320983886719,50.93744006616639
2024-07-01,477.4425354003906,50.351234436035156,51.529396966236526
2024-07-02,482.4555358886719,51.392852783203125,52.60586546556557
2024-07-03,486.477783203125,52.22514724731445,53.47728440850281
2024-07-05,491.5502014160156,53.286685943603516,54.58665123561789
2024-07-08,492.7192077636719,53.55082702636719,54.84033698308549
2024-07-09,493.14520263671875,53.60565185546875,54.92918640998983
2024-07-10,498.2870178222656,54.736968994140625,56.068645007523074
2024-07-11,487.3594970703125,52.29990005493164,53.603342658938686
2024-07-12,490.2226257324219,52.892967224121094,54.22731471665815
2024-07-15,491.5403137207031,53.18701934814453,54.51292263138097
2024-07-16,491.7285461425781,53.216915130615234,54.548730894843864
2024-07-17,477.29388427734375,50.08210754394531,51.34023503761771
2024-07-18,475.0350646972656,49.58871841430664,50.8486973885335
2024-07-19,470.82452392578125,48.6866569519043,49.94174499533017
2024-07-22,477.8387756347656,50.11201477050781,51.424345480519136
2024-07-23,476.1545715332031,49.768131256103516,51.056236225870265
2024-07-24,459.0747375488281,46.16983413696289,47.387859775334725
2024-07-25,454.01220703125,45.15812301635742,46.337537399046575
2024-07-26,458.6685485839844,46.070159912109375,47.28296008496928
2024-07-29,459.5898742675781,46.20970153808594,47.46775988847952
2024-07-30,453.2791442871094,44.93386459350586,46.15900478882881
2024-07-31,466.69329833984375,47.60018539428711,48.88599362367962
2024-08-01,455.3892822265625,45.29766845703125,46.51247938335707
2024-08-02,444.5806884765625,43.10979080200195,44.29947607090564
2024-08-05,431.3249816894531,40.61290740966797,41.65296283223894
2024-08-06,435.4463195800781,41.31562423706055,42.44441565111014
2024-08-07,430.73052978515625,40.39860916137695,41.52046097669922
2024-08-08,443.9070129394531,42.88053894042969,44.0562406791425
2024-08-09,446.2252502441406,43.31413269042969,44.51159216627372
2024-08-12,447.186279296875,43.47360610961914,44.69846787547531
2024-08-13,458.2821960449219,45.616634368896484,46.91177812887236
2024-08-14,458.4307861328125,45.65152359008789,46.937084876758504
2024-08-15,470.0121765136719,47.93409729003906,49.303522289719545
2024-08-16,470.6164855957031,48.01881790161133,49.424929746188646
2024-08-19,476.7985534667969,49.27972412109375,50.71804406084041
2024-08-20,475.7978820800781,49.0604362487793,50.49962826196509
2024-08-21,478.0170593261719,49.53389358520508,50.96519562894764
2024-08-22,470.4382019042969,47.92413330078125,49.34355546150495
2024-08-23,475.54034423828125,48.955772399902344,50.408488521652544
2024-08-26,470.9236145019531,47.98891830444336,49.42422318242435
2024-08-27,472.3304443359375,48.27299118041992,49.71413367849542
2024-08-28,466.9706726074219,47.1566276550293,48.58045158249422
2024-08-29,466.287109375,47.0120964050293,48.432929222358645
2024-08-30,471.8449401855469,48.118499755859375,49.58222579470501
2024-09-03,457.51934814453125,45.16311264038086,46.56610822523016
2024-09-04,456.3304748535156,44.92388153076172,46.31902603683639
2024-09-05,456.7564697265625,45.01359558105469,46.40045646137509
2024-09-06,444.52117919921875,42.58150863647461,43.90950874045191
2024-09-09,450.23760986328125,43.648040771484375,45.03405259957058
2024-09-10,454.39862060546875,44.44046401977539,45.86153574786259
2024-09-11,464.2660827636719,46.33430099487305,47.84834240017177
2024-09-12,468.8233337402344,47.28122329711914,48.782488156154805
2024-09-13,470.9236145019531,47.65999221801758,49.21425145934822
2024-09-16,468.8431396484375,47.226402282714844,48.774043144486285
2024-09-17,469.0908203125,47.2762336730957,48.82025896311454
2024-09-18,467.0599060058594,46.832679748535156,48.392205371876415
2024-09-19,478.8691101074219,49.22489929199219,50.83403984090058
2024-09-20,477.9576721191406,49.00062942504883,50.634992132403426
2024-09-23,479.2245788574219,49.25978088378906,50.89790536811442
2024-09-24,481.53619384765625,49.7282600402832,51.38338498886566
2024-09-25,481.9826354980469,49.84843444824219,51.4730607008028
2024-09-26,485.60382080078125,50.55649185180664,52.240894387650776
2024-09-27,482.9052734375,49.963111877441406,51.65458413525401
2024-09-30,484.2148132324219,50.212432861328125,51.929106414647514
2024-10-01,477.4685363769531,48.79132843017578,50.47645087116087
2024-10-02,478.1431884765625,48.955875396728516,50.613592497714336
2024-10-03,477.7860107421875,48.876094818115234,50.53245732007942
2024-10-04,483.47076416015625,50.03791046142578,51.72943079086049
2024-10-07,478.2919921875,48.9109992980957,50.6155760716335
2024-10-08,485.4351501464844,50.37199783325195,52.12191751476619
2024-10-09,489.2546691894531,51.154850006103516,52.93645087999653
2024-10-10,488.69915771484375,51.0451545715332,52.810469572322084
2024-10-11,489.4630432128906,51.14986801147461,52.96980868396384
2024-10-14,493.5704040527344,52.00751876831055,53.85303353248548
2024-10-15,486.9728698730469,50.6113395690918,52.40746061021991
2024-10-16,487.03240966796875,50.62629699707031,52.414562806657415
2024-10-17,487.3697509765625,50.706077575683594,52.48145855037315
2024-10-18,490.5643005371094,51.32439041137695,53.16373511613298
2024-10-21,491.5068054199219,51.518856048583984,53.36222309531454
2024-10-22,492.04254150390625,51.61857604980469,53.47273427413742
2024-10-23,484.50250244140625,50.02294921875,51.828077305264976
2024-10-24,488.4312744140625,50.825748443603516,52.66296262615343
2024-10-25,491.4075927734375,51.409156799316406,53.29903874045093
2024-10-28,491.4869689941406,51.429100036621094,53.31044713963021
2024-10-29,496.2093505859375,52.40143966674805,54.329087162773725
2024-10-30,492.459228515625,51.60860824584961,53.501976160535115
2024-10-31,480.0281677246094,49.00574493408203,50.79506208077714
2024-11-01,483.57989501953125,49.68886947631836,51.54118993052326
2024-11-04,482.171142578125,49.37971496582031,51.235274429178176
2024-11-05,488.3221435546875,50.641258239746094,52.53689402793418
2024-11-06,501.5865173339844,53.39371871948242,55.38530329443852
2024-11-07,509.4836120605469,55.07411193847656,57.123263842998455
2024-11-08,510.0790100097656,55.14891052246094,57.2505486999624
2024-11-11,509.78131103515625,55.0791015625,57.17748110972946
2024-11-12,508.858642578125,54.8846321105957,56.96427364104755
2024-11-13,508.203857421875,54.73006057739258,56.81146379646714
2024-11-14,504.6719970703125,53.942222595214844,56.015626331219174
2024-11-15,492.6477355957031,51.33435821533203,53.34027524430686
2024-11-18,496.0704650878906,52.067352294921875,54.0756365209754
2024-11-19,499.48333740234375,52.76044845581055,54.81380225381128
2024-11-20,499.1955871582031,52.69563293457031,54.744670922288904
2024-11-21,500.99127197265625,53.0795783996582,55.1325534610033
2024-11-22,501.7948913574219,53.214210510253906,55.30341508142213
2024-11-25,502.5885314941406,53.37876510620117,55.47232243430632
2024-11-26,505.2870788574219,53.93722915649414,56.061970125384754
2024-11-27,501.3087158203125,53.0795783996582,55.17305416566524
2024-11-29,505.71368408203125,53.957176208496094,56.13664400912549
2024-12-02,511.2198486328125,55.13395309448242,57.352945811630235
2024-12-03,512.787353515625,55.48299026489258,57.698405469496045
2024-12-04,519.1268920898438,56.83429718017578,59.1187548731391
2024-12-05,517.6882934570312,56.5201530456543,58.7846517896042
2024-12-06,522.3213500976562,57.507450103759766,59.83043126728196
2024-12-09,518.2538452148438,56.58498001098633,58.89206673885146
2024-12-10,516.4878540039062,56.17110824584961,58.484288024520545
2024-12-11,525.7343139648438,58.195560455322266,60.571950689336724
2024-12-12,522.34130859375,57.432655334472656,59.783504245825725
2024-12-13,526.3394165039062,58.280330657958984,60.69217765880096
2024-12-16,533.9191284179688,59.960723876953125,62.43359409017551
2024-12-17,531.5678100585938,59.427188873291016,61.876887396901864
2024-12-18,512.3905029296875,55.13894271850586,57.40549225119777
2024-12-19,510.1087341308594,54.60540008544922,56.88796004475969
2024-12-20,514.563232421875,55.57274627685547,57.8753009787684
2024-12-23,519.576416015625,56.615970611572266,58.99670368939465
2024-12-24,526.621826171875,58.14262771606445,60.59025252188637
2024-12-26,526.2640991210938,58.03784942626953,60.50133122140011
2024-12-27,519.2684326171875,56.456321716308594,58.88623879382636
2024-12-30,512.3621215820312,54.94462585449219,57.313436296793014
2024-12-31,508.009765625,54.001686096191406,56.33346904956686
2025-01-02,507.0160827636719,53.76221466064453,56.10694803146614
2025-01-03,515.3134765625,55.518367767333984,57.93722887488392
2025-01-06,521.2359619140625,56.780601501464844,59.26265540162694
2025-01-07,511.93487548828125,54.735084533691406,57.141194903070925
2025-01-08,512.0242919921875,54.74506759643555,57.1549268591835
2025-01-10,503.9952087402344,52.9988899230957,55.35619673174995
2025-01-13,502.37548828125,52.66960906982422,54.99435903256553
2025-01-14,501.89849853515625,52.54487991333008,54.88393318593429
2025-01-15,513.4453125,54.919681549072266,57.40329972984772
2025-01-16,509.8481140136719,54.18628692626953,56.59270693811338
2025-01-17,518.4535522460938,55.972373962402344,58.49693033291489
2025-01-21,521.494384765625,56.5760498046875,59.176745607299026
2025-01-22,528.1620483398438,58.05281448364258,60.683525268568864
2025-01-23,529.2849731445312,58.3072624206543,60.934948435973375
2025-01-24,526.2938232421875,57.61876678466797,60.23958208280523
2025-01-27,510.9710693359375,54.21123504638672,56.72533097538318
2025-01-28,518.5231323242188,55.84265899658203,58.39592819652198
2025-01-29,517.54931640625,55.6181526184082,58.170220627598745
2025-01-30,519.7553100585938,56.08213424682617,58.659766982687856
2025-01-31,519.0001220703125,55.882572174072266,58.48291083406554
2025-02-03,514.846435546875,54.9945182800293,57.54042908735296
2025-02-04,521.1663818359375,56.33657455444336,58.94682016855216
2025-02-05,523.5313720703125,56.83049774169922,59.47538142379409
2025-02-06,526.2640991210938,57.40423583984375,60.089796663799376
2025-02-07,519.6260375976562,55.952415466308594,58.56735419560923
2025-02-10,525.9161987304688,57.269527435302734,59.978905154983146
2025-02-11,524.6641845703125,57.000125885009766,59.68679108681848
2025-02-12,524.9722290039062,57.06497573852539,59.750371980523575
2025-02-13,532.5244140625,58.6914176940918,61.46298131620759
2025-02-14,534.7601318359375,59.14043426513672,61.97236595582139
2025-02-18,535.9725341796875,59.399864196777344,62.246616405245305
2025-02-19,536.12158203125,59.4297981262207,62.274450961437836
2025-02-20,533.8460083007812,58.90095520019531,61.73901320182641
2025-02-21,522.7661743164062,56.44633483886719,59.16952886863108
2025-02-24,516.5953369140625,55.084320068359375,57.766180598439774
2025-02-25,510.0865783691406,53.6873779296875,56.304252315586176
2025-02-26,511.31878662109375,53.931846618652344,56.570141130201016
2025-02-27,497.1188049316406,50.95835876464844,53.42192288530078
2025-02-28,504.96905517578125,52.5299186706543,55.10332358248788
2025-03-03,493.9190673828125,50.28483963012695,52.68571920066462
2025-03-04,492.42852783203125,49.91564178466797,52.361987935988296
2025-03-05,498.8478698730469,51.222782135009766,53.72147093503415
2025-03-06,485.1248474121094,48.40394973754883,50.7599201822599
2025-03-07,488.6922302246094,49.07249069213867,51.50091652615725
2025-03-10,469.7523193359375,45.35563659667969,47.503330665657074
2025-03-11,468.62939453125,45.02635955810547,47.27104249945288
2025-03-12,473.9159240722656,46.064083099365234,48.33240280769531
2025-03-13,465.3899230957031,44.377777099609375,46.58808246337869
2025-03-14,476.63861083984375,46.49314498901367,48.83511444179747
2025-03-17,479.72900390625,47.09183120727539,49.46305763582177
2025-03-18,471.5509033203125,45.50031280517578,47.77123906332916
2025-03-19,477.8608703613281,46.65778350830078,49.04451461021218
2025-03-20,476.2411804199219,46.34845733642578,48.706699431376784
2025-03-21,477.8111877441406,46.677738189697266,49.022529124270896
2025-03-24,488.29644775390625,48.64342498779297,51.16872101785193
2025-03-25,491.08294677734375,49.222164154052734,51.747139062914925
2025-03-26,482.04669189453125,47.41364669799805,49.837134051256704
2025-03-27,479.2999572753906,46.8497314453125,49.263750520073565
2025-03-28,466.68109130859375,44.384483337402344,46.66437762008889
2025-03-31,466.66119384765625,44.35454177856445,46.65531149560787
2025-04-01,470.4229431152344,45.04820251464844,47.402401142464505
2025-04-02,473.8562927246094,45.706932067871094,48.08916009090367
2025-04-03,448.4891052246094,40.82135009765625,42.935155383795006
2025-04-04,420.6339416503906,35.83595657348633,37.597164687311285
2025-04-07,421.6490173339844,35.94075012207031,37.774525454024875
2025-04-08,414.0557556152344,34.603328704833984,36.40988334172924
2025-04-09,463.7552185058594,42.732666015625,45.146532493342455
2025-04-10,444.03070068359375,39.2393913269043,41.301250620170286
2025-04-11,452.21112060546875,40.62672424316406,42.818542065502484
2025-04-14,455.27630615234375,41.19063949584961,43.39434117815878
2025-04-15,455.7837829589844,41.28545379638672,43.486350289413764
2025-04-16,442.0403137207031,38.805233001708984,40.8590798007367
2025-04-17,441.9607238769531,38.74534606933594,40.83991224971501
2025-04-21,431.02362060546875,36.848995208740234,38.81414786813112
2025-04-22,442.33892822265625,38.73038101196289,40.84782830502247
2025-04-23,452.3703308105469,40.45206069946289,42.69607698210814
2025-04-24,465.0987243652344,42.75262451171875,45.09411101245125
2025-04-25,470.2835998535156,43.6958122253418,46.0946047944294
2025-04-28,470.13433837890625,43.67584228515625,46.06032038259454
2025-04-29,473.23931884765625,44.21480941772461,46.66370578763438
2025-04-30,473.1795959472656,44.204830169677734,46.64684097164737
2025-05-01,479.35968017578125,45.287742614746094,47.86024214260714
2025-05-02,486.4752502441406,46.680057525634766,49.27589070733996
2025-05-05,483.5892028808594,46.1311149597168,48.68585395549631
2025-05-06,479.09100341796875,45.28274917602539,47.77482467362743
2025-05-07,480.9718933105469,45.62209701538086,48.144740329677084
2025-05-08,485.9378662109375,46.53034591674805,49.13366849869569
2025-05-09,485.619384765625,46.45050048828125,49.06390840601311
2025-05-12,505.40362548828125,50.233219146728516,53.05630875480749
2025-05-13,513.1063232421875,51.74530029296875,54.66775405174528
2025-05-14,516.1814575195312,52.36410903930664,55.31706111084833
2025-05-15,516.7487182617188,52.47888946533203,55.43261295832425
2025-05-16,518.9978637695312,52.92802047729492,55.9091103602644
2025-05-19,519.4954833984375,53.00287628173828,56.010227902874405
2025-05-20,517.763916015625,52.62360763549805,55.63073879100124
2025-05-21,510.5686340332031,51.16142272949219,54.07849152050095
2025-05-22,511.5240783691406,51.35106658935547,54.274994163630424
2025-05-23,506.78692626953125,50.372947692871094,53.26381148890055
2025-05-27,518.709228515625,52.713436126708984,55.764096842665765
2025-05-28,516.4103393554688,52.26430130004883,55.26373144493494
2025-05-29,517.4254760742188,52.453941345214844,55.474977089018616
2025-05-30,516.609375,52.26430130004883,55.29393563798549
2025-06-02,520.689697265625,53.067752838134766,56.16136124782664
2025-06-03,524.7599487304688,53.91112518310547,57.033270075569796
2025-06-04,526.222900390625,54.19058609008789,57.34505312237301
2025-06-05,522.2620849609375,53.34222412109375,56.475543449702045
2025-06-06,527.3673095703125,54.3702392578125,57.573508224640534
2025-06-09,528.1435546875,54.519954681396484,57.736719824250784
2025-06-10,531.6366577148438,55.24855041503906,58.49415878648656
2025-06-11,529.8452758789062,54.86429214477539,58.09358305097145
2025-06-12,531.0892944335938,55.11381530761719,58.36004490037265
2025-06-13,524.421630859375,53.701534271240234,56.888297978275524
2025-06-16,531.7162475585938,55.17868423461914,58.46470982085618
2025-06-17,526.5313110351562,54.08080291748047,57.31812003731998
2025-06-18,526.4417114257812,54.05584716796875,57.29236410690463
2025-06-20,524.292236328125,53.571781158447266,56.818266181161874
2025-06-23,529.6832275390625,54.68962478637695,57.9805305111567
2025-06-24,537.7831420898438,56.346431732177734,59.74748621704742
2025-06-25,539.157958984375,56.61821365356445,60.046456242877994
2025-06-26,544.19921875,57.68732833862305,61.16280881564583
2025-06-27,546.0624389648438,58.0670166015625,61.5749577812679
2025-06-30,549.5992431640625,58.806400299072266,62.3658778890867
2025-07-01,544.9664916992188,57.78225326538086,61.307674601231014
2025-07-02,548.7622680664062,58.59657669067383,62.15502634019408
2025-07-03,554.1622924804688,59.69566345214844,63.37150779325386
2025-07-07,549.9878540039062,58.80140686035156,62.40985954977051
2025-07-08,550.2966918945312,58.846370697021484,62.473146907392085
2025-07-09,554.1921997070312,59.67568588256836,63.350821791496145
2025-07-10,553.3952026367188,59.485843658447266,63.161703160884116
2025-07-11,552.1497802734375,59.201072692871094,62.87052551287235
2025-07-14,554.1524047851562,59.60573959350586,63.319729520231746
2025-07-15,554.660400390625,59.70066452026367,63.42891827418749
2025-07-16,555.2283325195312,59.83055877685547,63.551897045591524
2025-07-17,559.7216796875,60.789764404296875,64.57359367561597
2025-07-18,559.1836547851562,60.634891510009766,64.442413426927
2025-07-21,562.0828857421875,61.259376525878906,65.10362488075269
2025-07-22,559.1736450195312,60.614906311035156,64.4225983500321
2025-07-23,561.7242431640625,61.15945816040039,65.00328622423564
2025-07-24,562.9197998046875,61.429237365722656,65.27290212219565
2025-07-25,564.2747802734375,61.67403030395508,65.58001792016118
2025-07-28,566.0381469726562,62.063716888427734,65.98274592274042
2025-07-29,565.1614379882812,61.87886428833008,65.77115811066051
2025-07-30,565.918701171875,62.023746490478516,65.94024263726587
2025-07-31,562.9197998046875,61.334312438964844,65.2341968284658
2025-08-01,551.8309936523438,58.8863410949707,62.657023662492364
2025-08-04,562.0130615234375,61.04954528808594,64.962416003584
2025-08-05,558.1973266601562,60.20524978637695,64.07322192119457
2025-08-06,565.2212524414062,61.718994140625,65.6787334840124
2025-08-07,567.1341552734375,62.1336555480957,66.11613253169688
2025-08-08,572.4244384765625,63.25772476196289,67.34240069701444
2025-08-11,570.730712890625,62.84806442260742,66.93654570790906
2025-08-12,577.9041137695312,64.44673919677734,68.61187313375454
2025-08-13,578.1930541992188,64.4967041015625,68.67300276766547
2025-08-14,577.7447509765625,64.38179016113281,68.55902510600986
2025-08-15,575.2042236328125,63.77729415893555,67.9485997300491
2025-08-18,574.9749755859375,63.737327575683594,67.8870306319079
2025-08-19,567.1740112304688,61.988773345947266,66.03751763037843
2025-08-20,563.8064575195312,61.234397888183594,65.24613304020355
2025-08-21,561.1962280273438,60.67485427856445,64.63488626909567
2025-08-22,569.85400390625,62.51833724975586,66.62213156257165
2025-08-25,568.2100830078125,62.14364242553711,66.23048451972066
2025-08-26,570.4916381835938,62.64323043823242,66.75514011795426
2025-08-27,571.368408203125,62.818084716796875,66.95305064640424
2025-08-28,574.9451293945312,63.582454681396484,67.78399363625566
2025-08-29,568.2899169921875,62.0587158203125,66.20735248266365
2025-09-02,563.5274658203125,61.02956771850586,65.09045756741865
2025-09-03,567.9611206054688,61.95879364013672,66.10758397999734
2025-09-04,573.1019287109375,63.08786392211914,67.29710167918435
2025-09-05,573.9288940429688,63.22774887084961,67.48398008796954
2025-09-08,576.7284545898438,63.84723663330078,68.13498208135576
2025-09-09,578.3624877929688,64.19195556640625,68.51364555538328
2025-09-10,578.5517578125,64.23191833496094,68.55101917813244
2025-09-11,581.9192504882812,64.96131896972656,69.34155637116207
2025-09-12,584.4896240234375,65.52084350585938,69.94656928655749
2025-09-15,589.4911499023438,66.63494110107422,71.13602142605436
2025-09-16,588.992919921875,66.48505401611328,71.00802037224585
2025-09-17,587.8173217773438,66.2002944946289,70.7168233182471
2025-09-18,593.11767578125,67.42427825927734,71.98442282240052
2025-09-19,597.1326904296875,68.30355072021484,72.95114962750854
2025-09-22,600.667724609375,69.097900390625,73.80694084412805
2025-09-23,596.6779174804688,68.16366577148438,72.81840134784498
2025-09-24,594.583251953125,67.68942260742188,72.29919855347467
2025-09-25,592.0198364257812,67.0797348022461,71.6679127802196
2025-09-26,594.4535522460938,67.61946105957031,72.24933491872272
2025-09-29,597.20654296875,68.2241439819336,72.91065080775664
2025-09-30,598.8424072265625,68.56395721435547,73.3021354694916
2025-10-01,601.7150268554688,69.22361755371094,73.99739867913243
2025-10-02,604.188720703125,69.7833251953125,74.59774939652118
2025-10-03,601.645263671875,69.15365600585938,73.96154816612933
2025-10-06,606.1636962890625,70.1980972290039,75.06440682012722
2025-10-07,602.9718627929688,69.4435043334961,74.26570121832586
2025-10-08,609.88427734375,71.02266693115234,75.96035588587802
2025-10-09,609.1461181640625,70.8377685546875,75.76820165642766
2025-10-10,588.0000610351562,65.87037658691406,70.49946785168186
2025-10-13,600.4782104492188,68.67890167236328,73.48396900582162
2025-10-14,596.4783935546875,67.76438903808594,72.49699726008437
2025-10-15,600.6876220703125,68.68389892578125,73.51228782780844
2025-10-16,598.4633178710938,68.17416381835938,72.95985244053455
2025-10-17,602.393310546875,69.04370880126953,73.91012541754814
2025-10-20,609.98388671875,70.76780700683594,75.76470670538295
2025-10-21,609.8244018554688,70.72782135009766,75.71682898452764
2025-10-22,603.9493408203125,69.32356262207031,74.24965995837984
2025-10-23,609.0264282226562,70.512939453125,75.48992229935732
2025-10-24,615.52978515625,71.95217895507812,77.09389863681835
2025-10-27,626.4918823242188,74.53082275390625,79.83145687155059
2025-10-28,631.3095703125,75.65523529052734,81.05055332251814
2025-10-29,634.15234375,76.3448715209961,81.77165568791808
2025-10-30,624.45703125,73.9861068725586,79.26239054160175
2025-10-31,627.4693603515625,74.70073699951172,80.01846047553937
2025-11-03,630.4716796875,75.37039184570312,80.77548321322041
2025-11-04,617.6743774414062,72.2820053100586,77.48751929718074
2025-11-05,621.6941528320312,73.23150634765625,78.48763741414888
2025-11-06,610.1136474609375,70.4929428100586,75.555050303708
2025-11-07,608.1885375976562,70.01819610595703,75.07001171387294
2025-11-10,621.6442260742188,73.08658599853516,78.38355702781018
2025-11-11,619.9884643554688,72.69678497314453,77.95746000843063
2025-11-12,619.4996948242188,72.57185363769531,77.82604581836884
2025-11-13,606.8519897460938,69.58842468261719,74.63976896076429
2025-11-14,607.310791015625,69.65838623046875,74.74449291000715
2025-11-17,602.1240234375,68.46401977539062,73.45962689539792
2025-11-18,594.792724609375,66.79988861083984,71.66276996323373
2025-11-19,598.3436889648438,67.55948638916016,72.51062385521841
2025-11-20,584.1798095703125,64.37616729736328,69.06980363779014
2025-11-21,588.568603515625,65.3256607055664,70.10008188409697
2025-11-24,603.6201782226562,68.69389343261719,73.67780511920601
2025-11-25,607.3406982421875,69.4734878540039,74.57802583336662
2025-11-26,612.70703125,70.70283508300781,75.88780706908419
2025-11-28,617.6743774414062,71.77227783203125,77.11001160892974
2025-12-01,615.599609375,71.31251525878906,76.5835807201865
2025-12-02,620.4173583984375,72.43193054199219,77.7739349810331
2025-12-03,621.9335327148438,72.75176239013672,78.1455842106824
2025-12-04,621.35498046875,72.58185577392578,77.99167594698021
2025-12-05,623.8884887695312,73.18153381347656,78.6191793531374
2025-12-08,622.6915893554688,72.8517074584961,78.3089548979922
2025-12-09,623.4595947265625,73.06159210205078,78.49358521400528
2025-12-10,626.0130615234375,73.62130737304688,79.12799163772429
2025-12-11,623.98828125,73.14155578613281,78.60750171300893
2025-12-12,612.0587158203125,70.30304718017578,75.5932564868754
2025-12-15,608.9865112304688,69.59342193603516,74.82614121755874
2025-12-16,610.1934204101562,69.86328125,75.1145700502669
2025-12-17,598.8822631835938,67.2446517944336,72.32158369231135
2025-12-18,607.5601806640625,69.20362091064453,74.40960671810711
2025-12-19,615.4799194335938,71.0126724243164,76.34140065183138
2025-12-22,618.4302368164062,71.6323471069336,77.0649671442012
2025-12-23,621.3265380859375,72.32199096679688,77.77840463326133
2025-12-24,623.144287109375,72.71491241455078,78.2250219239085
2025-12-26,623.1043090820312,72.6649169921875,78.20645739830205
2025-12-29,620.088134765625,71.94506072998047,77.44080577073382
2025-12-30,618.64990234375,71.59513854980469,77.07313142750033
2025-12-31,613.536376953125,70.39539337158203,75.79061504624406
2026-01-02,612.347900390625,70.08544921875,75.48872617653763
2026-01-05,617.2117309570312,71.18521881103516,76.67969891320206
2026-01-06,622.6348876953125,72.44496154785156,78.0188387251682
2026-01-07,623.2341918945312,72.5749282836914,78.16052458559732
2026-01-08,619.6885986328125,71.735107421875,77.26269024891192
2026-01-09,625.86083984375,73.12481689453125,78.79337612312604
2026-01-12,626.3801879882812,73.25479125976562,78.91555445232528
2026-01-13,625.4513549804688,72.9948501586914,78.6729105984566
2026-01-14,618.769775390625,71.47515869140625,76.9834384373069
2026-01-15,620.9970092773438,71.9250717163086,77.52924318877261
2026-01-16,620.4776611328125,71.735107421875,77.39111411917158
2026-01-20,607.2942504882812,68.71573638916016,74.0939892214173
2026-01-21,615.50390625,70.52536010742188,76.08917873416125
2026-01-22,619.978271484375,71.59513854980469,77.18713472210533
2026-01-23,621.935791015625,72.03504943847656,77.6661417946716
2026-01-26,624.67236328125,72.6449203491211,78.34115102829224
2026-01-27,630.335205078125,73.94464874267578,79.7529828753325
2026-01-28,632.4225463867188,74.34456634521484,80.27248942168278
2026-01-29,628.6373291015625,73.5047378540039,79.30283436893592
2026-01-30,621.0868530273438,71.69511413574219,77.38919868773425
2026-02-02,625.3515014648438,72.71491241455078,78.44353717176874
2026-02-03,615.7435913085938,70.44537353515625,76.02457048902788
2026-02-04,604.9871826171875,67.96589660644531,73.36014047515587
2026-02-05,596.2781982421875,66.02629852294922,71.24005791744462
2026-02-06,608.8822631835938,68.77572631835938,74.24402142517158
2026-02-09,613.54638671875,69.81550598144531,75.37336721282024
2026-02-10,610.699951171875,69.16564178466797,74.66578892273259
2026-02-11,612.337890625,69.50556945800781,75.05816710524101
2026-02-12,599.8836059570312,66.67616271972656,71.99678243810403
2026-02-13,601.1619873046875,66.90611267089844,72.29579130577837
2026-02-17,600.542724609375,66.75614166259766,72.13896507030216
2026-02-18,605.027099609375,67.7359390258789,73.20845382719264
2026-02-19,602.7100219726562,67.22604370117188,72.63973914226976
2026-02-20,608.0433349609375,68.38580322265625,73.91738229379627
2026-02-23,600.652587890625,66.73614501953125,72.112397672229
2026-02-24,607.1044921875,68.11585998535156,73.65372592105278
2026-02-25,615.9033813476562,70.06546020507812,75.78065375049367
2026-02-26,608.4727783203125,68.42579650878906,73.94387237183294
2026-02-27,606.5252075195312,67.97588348388672,73.46245956757389
2026-03-02,607.32421875,68.11585998535156,73.64800413346224
2026-03-03,600.8224487304688,66.6661605834961,72.06308354634524
2026-03-04,609.9808959960938,68.63575744628906,74.25216956161435
2026-03-05,608.1431274414062,68.24583435058594,73.79665694428144
2026-03-06,598.9946899414062,66.17626190185547,71.56833196181792
2026-03-09,606.99462890625,67.9259033203125,73.47220753481025
2026-03-10,607.004638671875,67.89591217041016,73.46662144057095
2026-03-11,606.9247436523438,67.88591003417969,73.43927312699356
2026-03-12,596.5078735351562,65.56639099121094,70.91033749698956
2026-03-13,592.9722900390625,64.7465591430664,70.06201698282797
2026-03-16,599.6239013671875,66.17626190185547,71.62620769705885
2026-03-17,602.5502319335938,66.83612060546875,72.31751104969005
2026-03-18,594.15087890625,64.93651580810547,70.29346274331475
2026-03-19,592.273193359375,64.51660919189453,69.84150533400751
2026-03-20,581.3269653320312,62.11710739135742,67.25230935371148
2026-03-23,588.0,63.56680679321289,68.78895253692262
2026-03-24,583.97998046875,62.62699890136719,67.84086554833368
2026-03-25,587.8200073242188,63.43000030517578,68.72566079063368
2026-03-26,573.7899780273438,60.43000030517578,65.43749447608639
2026-03-27,562.5800170898438,58.04999923706055,62.87349603837439
2026-03-30,558.280029296875,57.15999984741211,61.90551566536237
2026-03-31,577.1799926757812,61.0,66.09025510369896
2026-04-01,584.3099975585938,62.4900016784668,67.71589935345723
2026-04-02,584.97998046875,62.599998474121094,67.86380667556874
2026-04-06,588.5,63.349998474121094,68.67312703604004
2026-04-07,588.5900268554688,63.38999938964844,68.68665167279121
2026-04-08,606.0900268554688,67.08000183105469,72.76355674200266
2026-04-09,610.1900024414062,68.01000213623047,73.74006195429473
2026-04-10,611.0700073242188,68.19000244140625,73.94471658729299
2026-04-13,617.3900146484375,69.58999633789062,75.46620604812925
2026-04-14,628.5999755859375,72.0999984741211,78.1984617282235
2026-04-15,637.4000244140625,74.11000061035156,80.37940684333458
2026-04-16,640.469970703125,74.80000305175781,81.14491646234858
2026-04-17,648.8499755859375,76.7300033569336,83.25949518445564
2026-04-20,646.7899780273438,76.2699966430664,82.72174710306483
2026-04-21,644.3300170898438,75.66999816894531,82.08349194961586
2026-04-22,655.1099853515625,78.18000030517578,84.8211408861953
2026-04-23,651.4199829101562,77.30000305175781,83.85635954361295
2026-04-24,663.8800048828125,80.23999786376953,87.05513973621615
2026-04-27,664.22998046875,80.29000091552734,87.13743491303462
2026-04-28,657.5499877929688,78.66999816894531,85.37529771165981
2026-04-29,661.5700073242188,79.63999938964844,86.40989736228126
2026-04-30,667.739990234375,81.05000305175781,88.01224238924449
2026-05-01,674.1500244140625,82.5999984741211,89.69241199956227
2026-05-04,672.8800048828125,82.27999877929688,89.34469454481705
2026-05-05,681.6099853515625,84.38999938964844,91.65328045639846
2026-05-06,695.77001953125,87.8499984741211,95.45137186394392
2026-05-07,694.9400024414062,87.66000366210938,95.21322962688528
2026-05-08,711.22998046875,91.72000122070312,99.66660662983102
2026-05-11,713.2899780273438,92.26000213623047,100.23308803921236
2026-05-12,707.239990234375,90.69000244140625,98.52184610966304
2026-05-13,714.7100219726562,92.55000305175781,100.59232698223282
2026-05-14,719.7899780273438,93.9000015258789,102.01132470807515
2026-05-15,708.9299926757812,91.02999877929688,98.9219689173568
2026-05-18,705.8800048828125,90.19999694824219,98.06001295985816
2026-05-19,701.530029296875,89.12999725341797,96.84073640084749
2026-05-20,713.1500244140625,92.05000305175781,100.03827862925247
2026-05-21,714.510009765625,92.37999725341797,100.4089216242051
2026-05-22,717.5399780273438,93.0999984741211,101.24956886034498
