signal,entry,exit,CAGR,Sharpe,MaxDD,Finalx,TimeInMkt,Trades
QQQ,-0.005,0.005,20.44972948385586,0.6067649945281269,-97.3050585064033,155.25888589060463,39.82145470510757,1076
QQQ,-0.005,0.0075,26.597865548797994,0.6875133523591214,-95.83029532583592,598.824440896516,45.470510756622275,994
QQQ,-0.005,0.01,27.679416047638416,0.6997521878179894,-97.35167909590209,754.1822260236492,52.641592272793794,876
QQQ,-0.005,0.0125,24.784524307950505,0.6634663004953478,-98.08907833391987,404.95406750219576,60.63222596224206,743
QQQ,-0.005,0.015,22.132301062474923,0.6320434513691257,-99.14761706850214,226.1606130267455,69.07654031903996,604
QQQ,-0.005,0.0175,20.032868074803112,0.6081422586248015,-99.2991839876617,141.32882997213062,75.03292843553344,495
QQQ,-0.005,0.02,19.130276109797563,0.599668896882492,-99.53815233538323,115.17191449411159,80.9161422508415,405
QQQ,-0.005,0.0225,15.875543861974716,0.5637033308685051,-99.81512839838814,54.34284147757193,85.27733060149275,321
QQQ,-0.005,0.025,20.38337523266407,0.6181861576200827,-99.71930829778275,152.95633382158888,88.36528611151763,274
QQQ,-0.005,0.0275,22.57189497794103,0.6437314266149035,-99.46043956259989,249.302296727225,90.67759402897703,233
QQQ,-0.005,0.03,22.276908757425474,0.6411964738577098,-99.4779561197353,233.53486101172786,92.58012585979803,195
QQQ,-0.005,0.0325,21.874368546042145,0.6376662747052693,-99.44384762041354,213.56051665941996,94.0582467437436,157
QQQ,-0.005,0.035,21.279698274424042,0.6327427012955125,-99.63897639420924,187.03427203821195,95.12659154105079,131
QQQ,-0.005,0.0375,16.72939056955962,0.5839262607136948,-99.73254656120531,66.31273591914619,95.66808136982291,113
QQQ,-0.005,0.04,15.248182897130146,0.5678934536363944,-99.81852114180076,46.90435316122659,96.07785745646129,101
QQQ,-0.005,0.0425,15.425499402169596,0.5712360822447164,-99.8188237876583,48.900942326080646,96.76569588760428,86
QQQ,-0.005,0.045,17.69167885265448,0.5975256374705278,-99.79355096000145,82.84701090438126,97.45353431874726,73
QQQ,-0.005,0.0475,17.992067280904458,0.6009461183997032,-99.7516529836971,88.77581187022841,97.54134348016976,71
QQQ,-0.005,0.05,17.568859633972032,0.5970810652408168,-99.77579559717682,80.5344040469417,97.73159666325186,65
QQQ,-0.005,0.0525,18.668380595896682,0.6095895840501422,-99.70348854910509,103.65729072748059,98.03892872823064,57
QQQ,-0.005,0.055,16.28901613910734,0.5847290130539612,-99.78196258858846,59.853141326303444,98.24381677154983,50
QQQ,-0.005,0.0575,15.788139781952504,0.5797649938148632,-99.79298657466856,53.24226142274118,98.43406995463194,44
QQQ,-0.005,0.06,15.789085676991355,0.5799920106834112,-99.78078069406442,53.254056276783764,98.62432313771403,40
QQQ,-0.005,0.0625,15.971245806452018,0.5827089010744186,-99.8045423716539,55.57303338570095,98.97555978340407,32
QQQ,-0.005,0.065,14.8251666623886,0.5706741062562671,-99.85068658395852,42.45318806341574,99.16581296648617,26
QQQ,-0.005,0.0675,14.36709738385149,0.5657244398639321,-99.86602386448826,38.092451620755874,99.18044782672325,25
QQQ,-0.005,0.07,13.43624858933623,0.5559548271415063,-99.89265311811813,30.521151316275937,99.2389872676716,24
QQQ,-0.005,0.0725,13.871102226988441,0.5609522484357048,-99.90089398100491,33.85767978200413,99.35606614956826,22
QQQ,-0.005,0.075,14.039050609076442,0.5632799746221852,-99.8995955070603,35.23811793409934,99.4292404507537,20
QQQ,-0.005,0.0775,13.564623695540146,0.5581840803625997,-99.89905365148185,31.471694276064312,99.5170496121762,17
QQQ,-0.005,0.08,13.076156080590295,0.5530056441079478,-99.91018882376275,28.000120089574846,99.57558905312455,16
QQQ,-0.0075,0.005,14.323078976306602,0.5174666062960401,-96.95729948882575,37.69690110269249,34.055319771696176,937
QQQ,-0.0075,0.0075,20.759800920713033,0.6109326759541732,-95.29223080587465,166.46849877426453,38.987267671593735,877
QQQ,-0.0075,0.01,21.99936603272907,0.6278757176828138,-97.00993606436413,219.57984262268954,46.085174886579836,788
QQQ,-0.0075,0.0125,20.382631287258988,0.6076514469565722,-97.90002105780594,152.93070563652267,54.98316991072735,680
QQQ,-0.0075,0.015,15.608800956427181,0.5479691780056122,-98.86590461912759,51.050872471987546,63.03234304112396,562
QQQ,-0.0075,0.0175,12.552540016842094,0.5114446842341809,-99.01933564064814,24.688974124472516,68.57895507097908,467
QQQ,-0.0075,0.02,10.790088929998266,0.49324006350366384,-99.41630074112275,16.09332318655287,75.57441826430558,389
QQQ,-0.0075,0.0225,11.147796620572947,0.5028008483368468,-99.73858314930783,17.563270901965016,81.66252012293282,312
QQQ,-0.0075,0.025,15.969267194342951,0.5652845154038078,-99.64535943815432,55.54733010407074,85.37977462315234,267
QQQ,-0.0075,0.0275,20.314220984557195,0.6176020979584994,-99.27243391181003,150.59163114729787,88.74579247768185,229
QQQ,-0.0075,0.03,21.080563061366185,0.6272333862557935,-99.31452406528092,178.88330653539344,91.42397190106834,192
QQQ,-0.0075,0.0325,19.08463805585503,0.60619705445751,-99.44389959161663,113.98151833956341,93.26796429094102,154
QQQ,-0.0075,0.035,20.10886041835338,0.6197454999022027,-99.63652199654454,143.7751071108971,94.78998975559783,129
QQQ,-0.0075,0.0375,16.096008364129545,0.5766270123295152,-99.71622238079904,57.217108705632164,95.5949070686375,111
QQQ,-0.0075,0.04,14.643777809748215,0.5608292691198801,-99.80744447128002,40.67178311084497,96.00468315527587,100
QQQ,-0.0075,0.0425,14.56956061811574,0.5614051414303303,-99.8188237876583,39.96385138705095,96.70715644665594,85
QQQ,-0.0075,0.045,16.818935195385087,0.5877860462276266,-99.79355096000145,67.7059679048001,97.39499487779891,72
QQQ,-0.0075,0.0475,17.11709609066052,0.5912229568033281,-99.7516529836971,72.551226695982,97.48280403922142,70
QQQ,-0.0075,0.05,16.69702674367568,0.5873846501991671,-99.77579559717682,65.81601093523714,97.67305722230353,64
QQQ,-0.0075,0.0525,17.7883941984458,0.5999454211634135,-99.70348854910509,84.71298025698911,97.9803892872823,56
QQQ,-0.0075,0.055,16.128198972015827,0.5827883571531974,-99.78196258858846,57.6488482825159,98.21454705107567,50
QQQ,-0.0075,0.0575,15.628015281455788,0.5778219250197567,-99.79298657466856,51.28143624483042,98.40480023415776,44
QQQ,-0.0075,0.06,15.628959868407556,0.5780506370342242,-99.78078069406442,51.29279671374068,98.59505341723987,40
QQQ,-0.0075,0.0625,15.810868086922959,0.5807748917020056,-99.8045423716539,53.52636969855327,98.9462900629299,32
QQQ,-0.0075,0.065,14.666373866417493,0.5687302776001312,-99.85068658395852,40.88970676467116,99.136543246012,26
QQQ,-0.0075,0.0675,14.208938056166165,0.5637759461786297,-99.86602386448826,36.68956909416172,99.15117810624908,25
QQQ,-0.0075,0.07,13.279376541147215,0.5539982831388026,-99.89265311811813,29.39710736396133,99.20971754719743,24
QQQ,-0.0075,0.0725,13.7136288156404,0.5590020301204655,-99.90089398100491,32.61075695776379,99.3267964290941,22
QQQ,-0.0075,0.075,13.88134494034141,0.5613345606795153,-99.8995955070603,33.94035583645392,99.39997073027953,20
QQQ,-0.0075,0.0775,13.564623695540146,0.5581840803625997,-99.89905365148185,31.471694276064312,99.5170496121762,17
QQQ,-0.0075,0.08,13.076156080590295,0.5530056441079478,-99.91018882376275,28.000120089574846,99.57558905312455,16
QQQ,-0.01,0.005,14.269400673379206,0.5139599498661477,-96.2905389216962,37.21989814540703,28.99165812966486,806
QQQ,-0.01,0.0075,18.83739355263745,0.583398757913286,-94.14823543477138,107.73572550895878,33.00160983462608,765
QQQ,-0.01,0.01,19.878810446096097,0.5986209860694928,-96.59234637734762,136.4919687208742,38.72384018732621,709
QQQ,-0.01,0.0125,18.63966631827063,0.5826807198081739,-97.72663956340793,102.97933387795231,47.02180594175326,628
QQQ,-0.01,0.015,16.7287464046288,0.5592860018342666,-98.65048984628368,66.30281405235674,56.78325771988878,531
QQQ,-0.01,0.0175,17.44003875706912,0.5711589347918244,-97.58662332180333,78.17563571109649,64.2324015805649,450
QQQ,-0.01,0.02,16.296839188814083,0.5598820225773224,-98.58511659268711,59.962415305835684,72.0913215278794,381
QQQ,-0.01,0.0225,15.97524210208039,0.5595296678019656,-99.41890843803671,55.62498244568035,79.04288014049466,306
QQQ,-0.01,0.025,21.37060518408289,0.6259014680884909,-99.30610056809999,190.87308867552784,83.2284501683009,263
QQQ,-0.01,0.0275,27.035220968523845,0.6903763034836573,-98.46854955638244,657.5238392184223,87.17986243231377,227
QQQ,-0.01,0.03,27.151456282254927,0.6920605471991133,-98.83969179338882,674.0333339195985,90.04829503878238,191
QQQ,-0.01,0.0325,24.184324445201955,0.660763292542967,-99.01502452873162,355.326977322913,92.4337772574272,154
QQQ,-0.01,0.035,25.633269265004465,0.6777464223993339,-99.30465168938318,486.66571902471526,94.29240450753696,129
QQQ,-0.01,0.0375,20.826045661672012,0.6272809959877664,-99.41231565031059,168.96243832362435,95.1119566808137,111
QQQ,-0.01,0.04,19.09986893930555,0.6089782377366312,-99.60123045998647,114.3774681488711,95.62417678911166,100
QQQ,-0.01,0.0425,18.281097016321034,0.601147041519233,-99.67160078520567,94.86485214777028,96.37055466120299,85
QQQ,-0.01,0.045,19.812560529971044,0.6191367050678428,-99.66593539891468,134.46134172858567,97.20474169471682,72
QQQ,-0.01,0.0475,20.118362155821433,0.6225424946282752,-99.598138373845,144.08383171352546,97.29255085613933,70
QQQ,-0.01,0.05,19.687528027961633,0.618566881830972,-99.62348019371505,130.70796284928042,97.48280403922142,64
QQQ,-0.01,0.0525,20.806863082817138,0.6310422399359591,-99.50205066159974,168.2365874039052,97.79013610420022,56
QQQ,-0.01,0.055,19.104123362364156,0.6136651676947403,-99.63383678967136,114.48830478391629,98.02429386799356,50
QQQ,-0.01,0.0575,18.233415412946098,0.6048768360813458,-99.67969126418491,93.83335651341721,98.25845163178691,44
QQQ,-0.01,0.06,18.23438128390047,0.6050740767883761,-99.66080529010104,93.85414358584697,98.44870481486902,40
QQQ,-0.01,0.0625,16.793872062148687,0.590851218341514,-99.75454023590865,67.31319296051831,98.84384604127031,32
QQQ,-0.01,0.065,14.672262335658125,0.5687725561787907,-99.85068658395852,40.946681517439586,99.10727352553783,26
QQQ,-0.01,0.0675,14.214803034677924,0.5638177003509371,-99.86602386448826,36.74069147418633,99.12190838577492,25
QQQ,-0.01,0.07,13.285193783830218,0.5540389252104836,-99.89265311811813,29.438068599849064,99.18044782672325,24
QQQ,-0.01,0.0725,13.719468358506749,0.5590430842934934,-99.90089398100491,32.65619601718159,99.29752670861993,22
QQQ,-0.01,0.075,13.88134494034141,0.5613345606795153,-99.8995955070603,33.94035583645392,99.39997073027953,20
QQQ,-0.01,0.0775,13.564623695540146,0.5581840803625997,-99.89905365148185,31.471694276064312,99.5170496121762,17
QQQ,-0.01,0.08,13.076156080590295,0.5530056441079478,-99.91018882376275,28.000120089574846,99.57558905312455,16
QQQ,-0.0125,0.005,16.22686184354474,0.5434445483947179,-94.65073972043714,58.99174637298598,24.51339089711693,699
QQQ,-0.0125,0.0075,19.98555694908768,0.600718165320634,-92.00456905343985,139.82613371229155,27.542806966193474,669
QQQ,-0.0125,0.01,19.843508101758232,0.5980418394361249,-95.50672985940733,135.40626820634904,31.596663251865948,629
QQQ,-0.0125,0.0125,19.685597149631295,0.5957677171852283,-96.75783729610586,130.65079821168453,38.91409337040832,571
QQQ,-0.0125,0.015,20.003305506793833,0.6009162151877881,-98.08178413842438,140.38805100081166,50.212205473437734,494
QQQ,-0.0125,0.0175,19.28953715206594,0.5929505350373306,-96.79893065137881,119.42050267409397,58.12966486170057,423
QQQ,-0.0125,0.02,18.5479485510492,0.5859730861007002,-97.79891905388733,100.84232276823033,67.74476803746524,360
QQQ,-0.0125,0.0225,18.140257845035592,0.5842828936538806,-98.99995164492407,91.8491611765053,76.95009512659155,292
QQQ,-0.0125,0.025,22.605336695461787,0.6390544078561397,-98.7375467403416,251.15319606383926,81.2966486170057,251
QQQ,-0.0125,0.0275,28.127599876042364,0.7017641216420097,-98.1397308424831,829.3543111799627,85.37977462315234,217
QQQ,-0.0125,0.03,28.43565431998116,0.7054087695385421,-98.59056126891458,885.1538037925886,88.86287135957852,184
QQQ,-0.0125,0.0325,24.08506337575367,0.6588634700280342,-98.76188736408496,347.70574490605577,91.48251134201668,148
QQQ,-0.0125,0.035,26.202175017190154,0.6831758241349385,-99.22306341930171,550.0920665671326,93.6777403775794,125
QQQ,-0.0125,0.0375,22.414159918856825,0.6433905588539022,-99.29760645667065,240.74780572739425,94.5265622713303,110
QQQ,-0.0125,0.04,20.48188970283462,0.6228562420186345,-99.54265288133114,156.38685023956134,95.05341723986535,99
QQQ,-0.0125,0.0425,20.55571988756202,0.624866063117062,-99.55991532019912,159.00625277287384,95.96077857456461,85
QQQ,-0.0125,0.045,22.506121400563515,0.6469978993021782,-99.57204105515773,245.70018065052327,96.91204448997513,72
QQQ,-0.0125,0.0475,22.818797892370423,0.6503782292347801,-99.4851885625021,263.28328295497266,96.99985365139763,70
QQQ,-0.0125,0.05,21.68625767633432,0.638994585491227,-99.56334657659069,204.80048872426602,97.23401141519098,64
QQQ,-0.0125,0.0525,22.850697052266455,0.6519058538582214,-99.3589613067159,265.14375062622383,97.65842236206645,56
QQQ,-0.0125,0.055,20.54049801490514,0.6286291655265857,-99.52861713476342,158.4627653580872,97.93648470657105,50
QQQ,-0.0125,0.0575,18.800838673020735,0.6108521287299813,-99.66078006320424,106.84073283023787,98.1852773306015,44
QQQ,-0.0125,0.06,18.801809179362138,0.6110424841522527,-99.64077905099722,106.864401450164,98.3755305136836,40
QQQ,-0.0125,0.0625,17.354386696787127,0.5967749099258511,-99.74004815869576,76.64428868657826,98.77067174008488,32
QQQ,-0.0125,0.065,14.979093308831759,0.5720108288739988,-99.85068658395852,44.023618014955524,99.0487340845895,26
QQQ,-0.0125,0.0675,14.5204099744223,0.5670522598888602,-99.86602386448826,39.50156904353832,99.06336894482658,25
QQQ,-0.0125,0.07,13.58831334863928,0.5572632692717965,-99.89265311811813,31.65019090950879,99.12190838577492,24
QQQ,-0.0125,0.0725,13.719468358506749,0.5590430842934934,-99.90089398100491,32.65619601718159,99.29752670861993,22
QQQ,-0.0125,0.075,13.88134494034141,0.5613345606795153,-99.8995955070603,33.94035583645392,99.39997073027953,20
QQQ,-0.0125,0.0775,13.564623695540146,0.5581840803625997,-99.89905365148185,31.471694276064312,99.5170496121762,17
QQQ,-0.0125,0.08,13.076156080590295,0.5530056441079478,-99.91018882376275,28.000120089574846,99.57558905312455,16
QQQ,-0.015,0.005,12.818212272200235,0.4868623638563305,-93.0675086530502,26.318827227859813,20.971754719742428,602
QQQ,-0.015,0.0075,15.782775417322714,0.5362959030189779,-89.63814565839512,53.175417968390164,23.445046099809748,577
QQQ,-0.015,0.01,16.77158962220613,0.5523727072690027,-93.83962027361797,66.96583901466302,27.00131713742134,548
QQQ,-0.015,0.0125,17.305825100923865,0.5612996280462554,-95.5549181852514,75.78894729405862,32.56256402751354,509
QQQ,-0.015,0.015,17.349649016594327,0.5635016413907127,-97.78072547126652,76.56043383913783,43.48016976437875,456
QQQ,-0.015,0.0175,15.367147466690923,0.5385383049586508,-96.29653168216993,48.23502935840048,51.44153373335285,395
QQQ,-0.015,0.02,13.442161489794513,0.5166126528801278,-97.14599477398718,30.564318739542305,61.01273232840626,342
QQQ,-0.015,0.0225,13.372696457915412,0.5211988882959697,-98.69648650800234,30.06087747857413,70.40831260061466,280
QQQ,-0.015,0.025,18.585831629574614,0.5898575939622311,-98.20179310049328,101.71976426572643,74.9890238548222,244
QQQ,-0.015,0.0275,25.38812965637911,0.6710270269588038,-97.45225156012837,461.56274033136395,81.35518805795404,212
QQQ,-0.015,0.03,27.409143453281693,0.694066958327289,-98.17246816326,712.0697080549347,86.1993267964291,179
QQQ,-0.015,0.0325,23.30271078685,0.6497786152415231,-98.26078718636519,292.90712469203686,90.07756475925655,145
QQQ,-0.015,0.035,25.185673110871075,0.6719745247702429,-98.91319189412111,441.775374076418,92.34596809600468,122
QQQ,-0.015,0.0375,22.346774085639765,0.6422556938412769,-99.09318203441912,237.18007808023356,93.35577345236354,109
QQQ,-0.015,0.04,19.761739095431174,0.6145204341107255,-99.44805160449647,132.9233664465996,93.92653300160984,98
QQQ,-0.015,0.0425,20.241972413072396,0.6212239581677007,-99.52803187835754,148.15874117014758,95.66808136982291,84
QQQ,-0.015,0.045,22.53871032264243,0.6472253335074684,-99.53845917917127,247.47861502661152,96.69252158641885,71
QQQ,-0.015,0.0475,23.103406629592406,0.6532967231147924,-99.4447913840839,280.3368230384571,96.80960046831552,70
QQQ,-0.015,0.05,21.968241971318882,0.6418869843829842,-99.52908244613911,218.06594676769956,97.04375823210889,64
QQQ,-0.015,0.0525,23.135379709603065,0.6547906067191855,-99.30865909394566,282.3177980189835,97.46816917898434,56
QQQ,-0.015,0.055,20.8198272341521,0.6314696643082394,-99.49162779007675,168.72680905445745,97.74623152348894,50
QQQ,-0.015,0.0575,19.076136569237523,0.6136621344550347,-99.63416152423714,113.76108378993445,97.99502414751939,44
QQQ,-0.015,0.06,18.745819463805734,0.6103277343888406,-99.64077905099722,105.50715446444791,98.19991219083857,40
QQQ,-0.015,0.0625,17.29907913223201,0.5960495905442067,-99.74004815869576,75.67085667011094,98.59505341723987,32
QQQ,-0.015,0.065,14.924905188518078,0.5712661770724075,-99.85068658395852,43.46448960511777,98.87311576174447,26
QQQ,-0.015,0.0675,14.466438025475048,0.5663036499003826,-99.86602386448826,38.99987357911952,98.88775062198157,25
QQQ,-0.015,0.07,13.53478068445806,0.5565071082547607,-99.89265311811813,31.248213023268715,98.9462900629299,24
QQQ,-0.015,0.0725,13.665873882710455,0.5582887845008113,-99.90089398100491,32.24144121569673,99.12190838577492,22
QQQ,-0.015,0.075,13.88134494034141,0.5613345606795153,-99.8995955070603,33.94035583645392,99.39997073027953,20
QQQ,-0.015,0.0775,13.564623695540146,0.5581840803625997,-99.89905365148185,31.471694276064312,99.5170496121762,17
QQQ,-0.015,0.08,13.076156080590295,0.5530056441079478,-99.91018882376275,28.000120089574846,99.57558905312455,16
QQQ,-0.0175,0.005,13.734171501695824,0.5019041482006749,-90.6965489157499,32.77087536447103,17.561832284501683,511
QQQ,-0.0175,0.0075,16.247545791883965,0.5442015244257729,-86.09432018235972,59.27707055813463,19.303380652714765,491
QQQ,-0.0175,0.01,14.499749563226283,0.5157959603520834,-93.20876705256438,39.30879055449452,21.805941753256256,468
QQQ,-0.0175,0.0125,14.515779951835771,0.5174756396242891,-95.09971991741219,39.458288152827336,25.098785306600323,442
QQQ,-0.0175,0.015,12.914248729100187,0.49516064997081183,-97.40725760674039,26.933111188212294,32.284501683008926,404
QQQ,-0.0175,0.0175,11.427584055312145,0.47703041466878154,-95.55669244727586,18.802308727985945,40.231230791745936,362
QQQ,-0.0175,0.02,10.490141107509366,0.470189307189371,-96.57585217748343,14.95274427273701,51.99765842236207,316
QQQ,-0.0175,0.0225,11.072740141824,0.48513498864846777,-98.50852312788861,17.244499790029675,60.93955802722084,263
QQQ,-0.0175,0.025,19.157047086636013,0.5943804056899902,-98.07828914016078,115.87575524957957,68.02283038196985,232
QQQ,-0.0175,0.0275,26.998688149248483,0.6888354531947118,-96.943289664226,652.4158323348172,76.59885848090151,201
QQQ,-0.0175,0.03,26.826782682959237,0.6872898777573975,-97.80738342652046,628.8887008543152,82.23327967217912,170
QQQ,-0.0175,0.0325,20.342828913279366,0.6154467112745464,-98.24160465759527,151.56556654027202,87.92624030440508,139
QQQ,-0.0175,0.035,22.275951875111023,0.6395776536343868,-98.81255789055042,233.4853123077298,90.31172252304991,119
QQQ,-0.0175,0.0375,21.203382528707838,0.6292102655182263,-98.94866132780436,183.86912511791454,92.87282306453973,106
QQQ,-0.0175,0.04,18.695031083040536,0.6019548101500459,-99.45613421704441,104.29036541016461,93.39967803307478,96
QQQ,-0.0175,0.0425,20.08438600684379,0.6190592899476485,-99.46979232206346,142.98283076316696,95.39001902531831,82
QQQ,-0.0175,0.045,22.822842884562867,0.6499543395323214,-99.48150632285731,263.51850270688095,96.50226840333674,70
QQQ,-0.0175,0.0475,23.388848562306585,0.6560364284454121,-99.37628018182498,298.50635721698274,96.61934728523343,69
QQQ,-0.0175,0.05,21.763126286830992,0.6394321028761722,-99.4709725269935,208.33749441972503,96.86813990926386,63
QQQ,-0.0175,0.0525,22.133397528272415,0.6440723723597492,-99.30865909394566,226.21567392774625,97.32182057661349,55
QQQ,-0.0175,0.055,19.83668725987693,0.620758699629947,-99.49162779007675,135.1974586361926,97.59988292111811,49
QQQ,-0.0175,0.0575,18.227779862544423,0.6043421756072964,-99.63416152423714,93.71215892980973,97.90721498609688,43
QQQ,-0.0175,0.06,18.148214025688425,0.6036833315771832,-99.64077905099722,92.01703181621372,98.09746816917898,40
QQQ,-0.0175,0.0625,17.577633657501913,0.599032804993611,-99.74004815869576,80.69752963215778,98.58041855700279,32
QQQ,-0.0175,0.065,15.197821673824707,0.5742346515090037,-99.85068658395852,46.35175405964459,98.85848090150739,26
QQQ,-0.0175,0.0675,14.738265771604041,0.569270521298381,-99.86602386448826,41.59056197185225,98.87311576174447,25
QQQ,-0.0175,0.07,13.804395988935658,0.5594683137485622,-99.89265311811813,33.32397315640827,98.93165520269281,24
QQQ,-0.0175,0.0725,13.935800499125683,0.5612460204425929,-99.90089398100491,34.383179633207945,99.10727352553783,22
QQQ,-0.0175,0.075,13.88134494034141,0.5613345606795153,-99.8995955070603,33.94035583645392,99.39997073027953,20
QQQ,-0.0175,0.0775,13.564623695540146,0.5581840803625997,-99.89905365148185,31.471694276064312,99.5170496121762,17
QQQ,-0.0175,0.08,13.076156080590295,0.5530056441079478,-99.91018882376275,28.000120089574846,99.57558905312455,16
QQQ,-0.02,0.005,11.65419107989325,0.4632925286369714,-81.98232133929214,19.867134159854473,14.883652861115177,434
QQQ,-0.02,0.0075,12.460919699721163,0.4784833007410523,-73.06934080224407,24.149784940032124,16.464217766720328,418
QQQ,-0.02,0.01,11.334509235427692,0.45979597980817266,-87.05907390992904,18.38106635888425,18.776525684179717,401
QQQ,-0.02,0.0125,13.036633812758037,0.49116098324803464,-90.66234911094294,27.735963886892467,21.93765549539002,383
QQQ,-0.02,0.015,10.619025037259755,0.4538519779361728,-95.05944090837943,15.43295968331203,27.045221718132588,358
QQQ,-0.02,0.0175,10.625418603317094,0.45890112080409545,-92.29116854071124,15.457164468291532,33.90897116932533,327
QQQ,-0.02,0.02,11.693917570067502,0.48128411991288644,-94.2703484587808,20.059696017809383,45.016830089272645,292
QQQ,-0.02,0.0225,14.854131374862067,0.5322143138210924,-97.16528988289451,42.7445175600452,55.744182643055765,247
QQQ,-0.02,0.025,22.3285700012918,0.6318206364266107,-95.34376442084479,236.22503740315614,62.959168739938534,219
QQQ,-0.02,0.0275,27.362202159257887,0.6927280442828999,-94.99693267957943,704.9902506208887,72.92550856139324,192
QQQ,-0.02,0.03,28.547747713252992,0.7060897965323899,-95.94596671983203,906.3413783770169,79.84779745353433,165
QQQ,-0.02,0.0325,24.391343150163625,0.6600567340175484,-96.82800755988963,371.7428611041779,86.4773891409337,137
QQQ,-0.02,0.035,26.239828409045884,0.6818982369264297,-97.82797411748359,554.5596882274576,88.99458510171227,117
QQQ,-0.02,0.0375,24.534695266479446,0.6644174601316609,-98.07692957060628,383.5356504786487,91.71666910581004,104
QQQ,-0.02,0.04,21.207768527794467,0.6287762472359651,-99.15833724989844,184.04962574305338,92.28742865505635,95
QQQ,-0.02,0.0425,23.44978057520524,0.6547708624972869,-99.1088260679144,302.5292364450312,95.05341723986535,82
QQQ,-0.02,0.045,26.05821539604758,0.6832923067116381,-99.1710495058943,533.3285551325367,96.23884091906922,70
QQQ,-0.02,0.0475,26.715700390789987,0.6901650305320134,-99.00281744165336,614.1228077084618,96.41445924191424,69
QQQ,-0.02,0.05,24.84577396418819,0.671255666852061,-99.15420842244227,410.3783908838808,96.69252158641885,63
QQQ,-0.02,0.0525,23.721689475450923,0.66021246556611,-99.0505644199818,321.1266427630702,97.2193765549539,55
QQQ,-0.02,0.055,21.395111484564055,0.6367300502427492,-99.30183985966009,191.92085697742593,97.49743889945852,49
QQQ,-0.02,0.0575,19.765280943237727,0.6201954315933998,-99.49758496512054,133.02999947218754,97.8047709644373,43
QQQ,-0.02,0.06,19.684680387127983,0.6195141175831387,-99.5066729784331,130.62366542117223,97.99502414751939,40
QQQ,-0.02,0.0625,18.961319277209654,0.6132614910917104,-99.64300170138335,110.82391506328945,98.53651397629153,32
QQQ,-0.02,0.065,16.310735999741844,0.5858387050111062,-99.80621558395976,60.1570028402129,98.84384604127031,26
QQQ,-0.02,0.0675,15.846740375140067,0.5808626179884953,-99.8261208679583,53.97775349444801,98.85848090150739,25
QQQ,-0.02,0.07,14.90384857239726,0.5710265167094097,-99.86068128791963,43.24907198199377,98.91702034245573,24
QQQ,-0.02,0.0725,15.036522568066712,0.5727897703048026,-99.87137658138033,44.62374891333935,99.09263866530075,22
QQQ,-0.02,0.075,14.98154091972086,0.5728435967567039,-99.86969137437234,44.049035983063234,99.38533587004244,20
QQQ,-0.02,0.0775,14.661759863496604,0.5696692029533659,-99.86898813437134,40.84511665977753,99.50241475193911,17
QQQ,-0.02,0.08,14.168573213077828,0.5644739331508652,-99.88343976849215,36.33958062487541,99.56095419288746,16
QQQ,-0.0225,0.005,15.036562761123085,0.5279204908529143,-80.93530081502507,44.62417167364351,12.015220254646568,370
QQQ,-0.0225,0.0075,15.692447440559176,0.5381112604117855,-74.82057367167478,52.061938034960924,13.171374213376264,360
QQQ,-0.0225,0.01,14.292246799565046,0.5121427268881668,-83.8733827631486,37.42220140401047,15.088540904434364,347
QQQ,-0.0225,0.0125,14.67611544638241,0.5187704003094782,-88.36368272787635,40.984004234837286,17.04961217620372,333
QQQ,-0.0225,0.015,11.202640509853978,0.4602066479851689,-93.84321455419314,17.799778106123856,20.898580418557003,315
QQQ,-0.0225,0.0175,13.75832781455495,0.5054299498909892,-90.39347157830288,32.96012868642888,28.113566515439775,294
QQQ,-0.0225,0.02,14.013573893414865,0.512688259013317,-92.85986979118347,35.02528096131176,39.38240889799503,265
QQQ,-0.0225,0.0225,11.066665907869622,0.4743496864862183,-96.6070954705808,17.218947170896094,49.50973218205766,229
QQQ,-0.0225,0.025,18.142071795076696,0.5768416804419689,-95.83668079898783,91.88740845649502,56.97351090297088,207
QQQ,-0.0225,0.0275,21.97891831785743,0.6282434415388595,-94.4392557501144,218.58411537427858,67.89111663983608,183
QQQ,-0.0225,0.03,26.265737159112888,0.6804515495051386,-95.45535327873856,557.6540674013078,75.80857602809893,158
QQQ,-0.0225,0.0325,25.029886509821743,0.6668711884928463,-95.53801483755886,427.1081797418875,84.31142982584517,133
QQQ,-0.0225,0.035,24.950107163903645,0.6674534585816745,-97.8886554848643,419.7797451920087,87.10668813112835,114
QQQ,-0.0225,0.0375,22.755991562055435,0.6443824718261042,-98.13065569982251,259.6568841118458,90.00439045807113,102
QQQ,-0.0225,0.04,19.47658264080909,0.6085451488839173,-99.18185135576645,124.60315561995765,90.57515000731743,93
QQQ,-0.0225,0.0425,20.884017951234092,0.626284208000155,-99.26997225591239,171.17443362056014,93.35577345236354,80
QQQ,-0.0225,0.045,25.507009433485738,0.677456600765734,-99.22220283267737,473.5765026398626,95.93150885409044,69
QQQ,-0.0225,0.0475,26.16161948946869,0.6843678691819335,-99.0643521239199,545.3188820794984,96.10712717693546,68
QQQ,-0.0225,0.05,24.817812185354192,0.6709012467998132,-99.20640098793902,407.89344610238663,96.53153812381092,62
QQQ,-0.0225,0.0525,23.693979458457704,0.6597985820405589,-99.10915270580763,319.1821398534178,97.05839309234597,54
QQQ,-0.0225,0.055,21.367922552563613,0.6362147233845437,-99.34492230434124,190.75872772647267,97.33645543685057,48
QQQ,-0.0225,0.0575,19.738457045308433,0.6196100135866339,-99.52858826464525,132.2244692339654,97.64378750182937,42
QQQ,-0.0225,0.06,19.280462620663542,0.6149037531759336,-99.57511479785876,119.17442041661023,97.84867554514854,39
QQQ,-0.0225,0.0625,18.062590989578588,0.603373340384206,-99.72562838130085,90.22585538921315,98.40480023415776,31
QQQ,-0.0225,0.065,16.558165351019483,0.5884239210053405,-99.80621558395976,63.72512135631035,98.74140201961072,26
QQQ,-0.0225,0.0675,16.093182662451476,0.5834446812601624,-99.8261208679583,57.17935950218841,98.7560368798478,25
QQQ,-0.0225,0.07,15.148285033633613,0.5736000121903556,-99.86068128791963,45.8143230293718,98.81457632079614,24
QQQ,-0.0225,0.0725,15.281241268430868,0.5753601234653861,-99.87137658138033,47.27053677240689,98.99019464364115,22
QQQ,-0.0225,0.075,14.98154091972086,0.5728435967567039,-99.86969137437234,44.049035983063234,99.38533587004244,20
QQQ,-0.0225,0.0775,14.661759863496604,0.5696692029533659,-99.86898813437134,40.84511665977753,99.50241475193911,17
QQQ,-0.0225,0.08,14.168573213077828,0.5644739331508652,-99.88343976849215,36.33958062487541,99.56095419288746,16
QQQ,-0.025,0.005,11.243935389425364,0.4557407812651185,-84.44070972503118,17.979878167118876,9.863895799795113,307
QQQ,-0.025,0.0075,10.992116058394942,0.45055677017423884,-78.42618979661418,16.908291796473456,10.50782965022684,300
QQQ,-0.025,0.01,7.764477914820445,0.3883714864743855,-87.3220159969005,7.595900447636192,11.751792770379042,288
QQQ,-0.025,0.0125,5.49603287424576,0.34748084264993306,-89.88571886279115,4.266281115595674,12.878677008634568,276
QQQ,-0.025,0.015,0.9334938556706307,0.2639322701871982,-95.4604151103114,1.2865233240607388,15.688570174154837,261
QQQ,-0.025,0.0175,6.1543718943533054,0.37258864017926074,-94.52882958844239,5.050191074590729,22.610859066295916,246
QQQ,-0.025,0.02,5.885958794044366,0.37669376086062634,-96.68310981747402,4.715138657857405,31.538123810917607,226
QQQ,-0.025,0.0225,2.367866973924726,0.327179545768658,-99.18450204936549,1.8862023691489533,38.56285672471828,200
QQQ,-0.025,0.025,9.33927946141444,0.4462446349453922,-98.60261178727396,11.25692950446079,45.016830089272645,184
QQQ,-0.025,0.0275,12.85546191692697,0.5034185613615909,-97.36072378407648,26.555470319216123,54.61729840480023,169
QQQ,-0.025,0.03,15.058328894006824,0.5380454453788291,-97.15078815684231,44.85368070487814,61.83228450168301,150
QQQ,-0.025,0.0325,16.99779315287604,0.5683933490658983,-97.00483025352521,70.57370761367984,74.6963266500805,127
QQQ,-0.025,0.035,17.49638879237898,0.578227157637421,-98.3304592703319,79.19912589646196,79.90633689448265,109
QQQ,-0.025,0.0375,20.48200289960651,0.6172360683377187,-98.24526397742775,156.39083432562933,88.57017415483682,98
QQQ,-0.025,0.04,18.043643952333245,0.5902786751598581,-99.0807042923612,89.83405840714681,89.18483828479438,90
QQQ,-0.025,0.0425,18.65400943498323,0.5998995480655046,-99.3203370890388,103.31744566299278,92.38987267671594,77
QQQ,-0.025,0.045,24.945014137926826,0.6707611766207661,-99.09979085178159,419.3160415680552,95.55100248792624,67
QQQ,-0.025,0.0475,24.276604729965847,0.6637793147095061,-99.09979085178159,362.55635492505127,95.74125567100835,66
QQQ,-0.025,0.05,22.952875612961133,0.6503063844627868,-99.23645945345658,271.1887775694892,96.1656666178838,60
QQQ,-0.025,0.0525,21.845834373729268,0.6392502365579465,-99.14289456065741,212.208887286543,96.69252158641885,52
QQQ,-0.025,0.055,19.554531710978228,0.6156015067621757,-99.36973411739422,126.82632358321189,96.97058393092345,46
QQQ,-0.025,0.0575,18.74607599930256,0.6078179354769437,-99.54644352048149,105.51333511485332,97.35109029708767,41
QQQ,-0.025,0.06,17.90438768521423,0.5989444865722235,-99.6260058899876,87.00430407831841,97.62915264159227,38
QQQ,-0.025,0.0625,16.444285072521183,0.5854608685663673,-99.7992098125242,62.05827018978988,98.30235621249817,30
QQQ,-0.025,0.065,14.960480876302507,0.5705946641917935,-99.85818500684914,43.830793090822425,98.63895799795111,25
QQQ,-0.025,0.0675,14.501871792023003,0.5656097871634873,-99.8727520591003,39.3285508456393,98.6535928581882,24
QQQ,-0.025,0.07,14.501871792023003,0.5656097871634873,-99.8727520591003,39.3285508456393,98.6535928581882,24
QQQ,-0.025,0.0725,14.634081644269248,0.5673845980933404,-99.882520697138,40.57861354324509,98.82921118103322,22
QQQ,-0.025,0.075,14.336063737237525,0.5648779865430262,-99.8809814988598,37.81316926260506,99.22435240743451,20
QQQ,-0.025,0.0775,14.39979801849287,0.5666810912544736,-99.86898813437134,38.3888850517333,99.4292404507537,17
QQQ,-0.025,0.08,13.907738126332681,0.561485116586757,-99.88343976849215,34.154290586475284,99.48777989170203,16
QQQ,-0.0275,0.005,12.34880860837395,0.4785823267299911,-83.92809408615754,23.505425320031414,8.28333089418996,259
QQQ,-0.0275,0.0075,12.758503835207268,0.48574583511500025,-78.77326219590687,25.943737145499426,8.707741841065419,253
QQQ,-0.0275,0.01,12.222446057832116,0.4748767173571382,-83.20436039923085,22.79900370367899,9.263866530074639,250
QQQ,-0.0275,0.0125,9.206463986752045,0.4161621535572615,-86.6007228941221,10.89198204753661,10.141958144299721,240
QQQ,-0.0275,0.015,4.683271306593317,0.33016143967921074,-91.14840273512876,3.4591881069956294,12.89331186887165,228
QQQ,-0.0275,0.0175,8.302731238672067,0.40505731961877833,-87.52728369725686,8.694614385403359,16.90326357383287,217
QQQ,-0.0275,0.02,9.826700963274204,0.43723355490458043,-90.52960583383248,12.69986122842156,24.586565198302356,205
QQQ,-0.0275,0.0225,4.93523590799112,0.3606337332594059,-98.13831021736515,3.69218863773387,31.947899897555978,186
QQQ,-0.0275,0.025,10.720810000265836,0.4623897144511195,-96.85438252911094,15.822668904690001,40.231230791745936,173
QQQ,-0.0275,0.0275,14.901348958372672,0.5293150722803134,-94.49219370589303,43.223568311262994,51.983023562124984,162
QQQ,-0.0275,0.03,18.61892659615203,0.5834042723768966,-94.18580714706164,102.49231817633077,59.900482950387826,144
QQQ,-0.0275,0.0325,16.893049300127096,0.5634899438667118,-95.64435268014797,68.88039869136705,66.41299575589053,126
QQQ,-0.0275,0.035,17.31863336806334,0.5728995670472674,-97.11535807629097,76.01364925220561,72.0913215278794,108
QQQ,-0.0275,0.0375,24.184405315438507,0.6582803164137101,-96.96815716693506,355.3332516143661,87.60427337918922,97
QQQ,-0.0275,0.04,21.076918437932022,0.6239736679869332,-98.6090872288985,178.73736186552534,88.23357236938388,89
QQQ,-0.0275,0.0425,20.89842628403087,0.6242398236742643,-99.07505144992552,171.7285113377018,91.59959022391337,77
QQQ,-0.0275,0.045,28.71755837238721,0.7099582623986376,-98.34881906367083,939.3716757541802,95.14122640128787,67
QQQ,-0.0275,0.0475,28.02896725429025,0.7028887907665027,-98.34881906367083,812.2159348058142,95.33147958436997,66
QQQ,-0.0275,0.05,25.95156635466207,0.6817133787159237,-98.79844548159718,521.2281106415691,95.81442997219376,60
QQQ,-0.0275,0.0525,24.81752554914751,0.6703515589146112,-98.65120599285535,407.86804812884617,96.34128494072881,52
QQQ,-0.0275,0.055,22.470340435116086,0.6464124359090615,-99.00817471649876,243.76172794966018,96.61934728523343,46
QQQ,-0.0275,0.0575,21.114897876793947,0.63284874491277,-99.28625553707207,180.26384939132737,97.01448851163471,41
QQQ,-0.0275,0.06,18.895794140237076,0.6094086904449394,-99.56770570144158,109.18057985121003,97.46816917898434,38
QQQ,-0.0275,0.0625,17.714004661219107,0.5990900488024004,-99.76790957149196,83.27420503557339,98.25845163178691,30
QQQ,-0.0275,0.065,16.21402092254749,0.5841096300275219,-99.83607813238774,58.815278601133784,98.59505341723987,25
QQQ,-0.0275,0.0675,15.750411121079445,0.5791153695737473,-99.85291597412481,52.773849429830136,98.60968827747695,24
QQQ,-0.0275,0.07,15.750411121079445,0.5791153695737473,-99.85291597412481,52.773849429830136,98.60968827747695,24
QQQ,-0.0275,0.0725,15.88406260216233,0.5808721958815559,-99.86420739935136,54.45127255279872,98.78530660032196,22
QQQ,-0.0275,0.075,15.582795079452971,0.5783172539793466,-99.86242826266924,50.740402537631006,99.18044782672325,20
QQQ,-0.0275,0.0775,15.647224325388919,0.5800565329168714,-99.8485653088149,51.51293897023644,99.38533587004244,17
QQQ,-0.0275,0.08,15.149798965241201,0.5748458098387542,-99.86526974043035,45.83065864460128,99.44387531099078,16
QQQ,-0.03,0.005,9.786725220425453,0.42556657315376645,-83.60921865187689,12.575112614671271,7.010098053563589,217
QQQ,-0.03,0.0075,10.326482900852628,0.4368053932100032,-80.82092746674516,14.363670909082241,7.288160398068198,213
QQQ,-0.03,0.01,9.608214623169165,0.42179095412595374,-83.14823588943543,12.032307414413815,7.7125713449436555,210
QQQ,-0.03,0.0125,7.605056297330792,0.3812292941147162,-84.63194447443718,7.2970213812325255,8.3418703351383,204
QQQ,-0.03,0.015,3.338819808307436,0.29500130981307177,-89.84782259657962,2.436440792887249,9.600468315527587,195
QQQ,-0.03,0.0175,6.354094849365022,0.3625321940539815,-85.69464642155481,5.314258603481387,12.483535782233279,189
QQQ,-0.03,0.02,6.93345452267784,0.378872760896542,-88.16092724404928,6.157685383227122,17.474023123079174,180
QQQ,-0.03,0.0225,2.33271888196096,0.30394172228743527,-97.76781695245931,1.868720356963994,25.479291672764525,166
QQQ,-0.03,0.025,7.569940414435639,0.4046647072742718,-95.87238214000946,7.232726276511912,31.86009073613347,158
QQQ,-0.03,0.0275,10.400308587384345,0.45573729946779196,-93.86639085603183,14.626578658650331,38.21162007902824,149
QQQ,-0.03,0.03,12.118332691780932,0.4872828650827581,-94.59810241393707,22.232371229793706,44.694863164056784,134
QQQ,-0.03,0.0325,11.292468971644908,0.48132007519394204,-97.07055233399065,18.193792401347206,52.24645104639251,121
QQQ,-0.03,0.035,13.127858868829833,0.5160512383718365,-96.93564552373134,28.34934788506945,67.21791306893019,105
QQQ,-0.03,0.0375,24.32199833406219,0.6593229477752804,-96.77927403034484,366.1643374001492,86.40421483974828,94
QQQ,-0.03,0.04,22.22569505017016,0.6361815565511106,-97.83967567944572,230.89712659003354,86.9603395287575,88
QQQ,-0.03,0.0425,21.683368992062046,0.6321409608472431,-98.6746136755923,204.6687037797759,90.42880140494658,76
QQQ,-0.03,0.045,28.821919383989968,0.7109237134714446,-98.18912825320594,960.2431655758049,94.89243377725742,66
QQQ,-0.03,0.0475,28.132769973251538,0.7038270688348103,-98.18912825320594,830.2622066424086,95.08268696033953,65
QQQ,-0.03,0.05,25.170762659190714,0.6732823165225826,-98.68223943134562,440.35083859761806,95.63881164934875,59
QQQ,-0.03,0.0525,23.15804886617938,0.6524744317790819,-98.78198125235753,283.73048516880493,96.1510317576467,51
QQQ,-0.03,0.055,20.842070098774435,0.628533504145063,-99.10433929622229,169.57109941324708,96.42909410215132,45
QQQ,-0.03,0.0575,19.718755449732583,0.6175566821090804,-99.4787954605741,131.635818527717,96.92667935021221,40
QQQ,-0.03,0.06,17.525232256370373,0.5941006544801563,-99.68432154296191,79.72799340840105,97.38036001756183,37
QQQ,-0.03,0.0625,16.357065762306668,0.5839190534069556,-99.83051835610821,60.810130145983706,98.17064247036441,29
QQQ,-0.03,0.065,14.874372967806071,0.5689981080484717,-99.88029774527399,42.94925114901299,98.50724425581735,24
QQQ,-0.03,0.0675,14.416107391737043,0.5639959350444654,-99.89259340570055,38.53755974928415,98.52187911605445,23
QQQ,-0.03,0.07,14.416107391737043,0.5639959350444654,-99.89259340570055,38.53755974928415,98.52187911605445,23
QQQ,-0.03,0.0725,14.886150587338044,0.5694661190337665,-99.89259340570055,43.06881017250946,98.6682277184253,22
QQQ,-0.03,0.075,14.587477368572088,0.5669367218193903,-99.89118617871684,40.133658269435855,99.06336894482658,20
QQQ,-0.03,0.0775,14.651351795172364,0.5687269676955483,-99.88022112868235,40.74470413498418,99.26825698814577,17
QQQ,-0.03,0.08,14.158209912253717,0.5635093999146484,-99.89343367561756,36.250244387427934,99.3267964290941,16
QQQ,-0.0325,0.005,8.66300856725637,0.40080187646307874,-82.0837939590819,9.513905719185706,5.634421191277624,178
QQQ,-0.0325,0.0075,9.500557317417634,0.4194650107580798,-80.17621591008951,11.715933686251597,5.883213815308064,175
QQQ,-0.0325,0.01,8.502737309053732,0.3971197119411403,-82.58175765889129,9.140653577108518,6.1759110200497584,173
QQQ,-0.0325,0.0125,7.769363006452412,0.3821216585426703,-79.6738045548741,7.605242543417942,6.834479730718572,170
QQQ,-0.0325,0.015,2.6362205459731447,0.27199870693684014,-86.17451141902785,2.0249674972333116,7.75647592565491,163
QQQ,-0.0325,0.0175,6.09445951841765,0.35115876373377164,-80.51861244279189,4.973472569662354,8.722376701302501,160
QQQ,-0.0325,0.02,6.577295484771328,0.36400714983865534,-82.21155947201433,5.625102104342725,11.03468461876189,156
QQQ,-0.0325,0.0225,2.7137677294247764,0.2957485805076236,-91.85571297520262,2.066864685915787,16.52275720766867,149
QQQ,-0.0325,0.025,6.5693256236338815,0.3767308189722482,-84.94007710636467,5.613707392596203,22.508415044636322,143
QQQ,-0.0325,0.0275,8.247360425446892,0.4102166941319845,-83.62716513766703,8.574883506217553,24.849992682569884,137
QQQ,-0.0325,0.03,10.044042124521745,0.4464180039017494,-85.69778733419705,13.39923120277052,30.352700131713746,125
QQQ,-0.0325,0.0325,10.84599070600869,0.4651684702475839,-92.24391376454396,16.314961742920932,38.50431728376994,115
QQQ,-0.0325,0.035,12.60735407750333,0.5013611886007221,-93.41897893210857,25.017080609827048,54.207522318161864,101
QQQ,-0.0325,0.0375,22.651464384029097,0.637558457967494,-93.08315482939337,253.72795700677767,76.96472998682863,91
QQQ,-0.0325,0.04,21.72757582943774,0.6278342119353428,-95.44728506705484,206.69443626363798,80.68198448704815,86
QQQ,-0.0325,0.0425,21.61599644320418,0.6283957670678577,-97.39771034346775,201.6181582562648,84.13581150300014,75
QQQ,-0.0325,0.045,26.654883297472143,0.6866273820594432,-97.74485560834879,606.1805853350701,89.00921996194936,65
QQQ,-0.0325,0.0475,25.97732672473225,0.6793657533978654,-97.74485560834879,524.1264384342599,89.19947314503146,64
QQQ,-0.0325,0.05,22.697757943778484,0.6442056219606273,-98.35894487768051,256.3375268389419,89.79950241475194,58
QQQ,-0.0325,0.0525,20.22668490237518,0.6186220785340822,-98.61947201427184,147.6488258910764,91.99473145031465,50
QQQ,-0.0325,0.055,17.258664051867555,0.5865723360258007,-99.13755875809404,74.96707856601628,92.30206351529343,44
QQQ,-0.0325,0.0575,16.16865975991142,0.5756857917402441,-99.49812659149435,58.19595900372213,92.79964876335431,39
QQQ,-0.0325,0.06,13.154896746172607,0.5419763410530714,-99.75393005422237,28.533642615500543,93.32650373188936,36
QQQ,-0.0325,0.0625,16.15346036387997,0.5810656965627351,-99.85484509521991,57.98984890281675,97.9803892872823,28
QQQ,-0.0325,0.065,14.673362033713676,0.5660991563830328,-99.89747934355765,40.9573302777231,98.31699107273526,23
QQQ,-0.0325,0.0675,14.673362033713676,0.5660991563830328,-99.89747934355765,40.9573302777231,98.31699107273526,23
QQQ,-0.0325,0.07,14.673362033713676,0.5660991563830328,-99.89747934355765,40.9573302777231,98.31699107273526,23
QQQ,-0.0325,0.0725,15.144462080458743,0.5715849042163996,-99.89747934355765,45.77309758012866,98.4633396751061,22
QQQ,-0.0325,0.075,14.845117321000556,0.5690318845047513,-99.89613613148511,42.65364770599137,98.85848090150739,20
QQQ,-0.0325,0.0775,14.454661442220896,0.5659131869602758,-99.88566988278976,38.89122303628507,99.09263866530075,17
QQQ,-0.0325,0.08,13.96236556983319,0.5606792283363399,-99.89828138950318,34.60121675986856,99.15117810624908,16
QQQ,-0.035,0.005,4.727205291872139,0.30569101529728226,-80.19687696423766,3.498769417547753,4.7855992975267085,150
QQQ,-0.035,0.0075,4.96002725515039,0.31257339335880957,-78.08839469303356,3.7159140561572483,4.946582760134641,148
QQQ,-0.035,0.01,4.500962868450564,0.3016926140708039,-78.08839469303356,3.2995007860816985,5.2100102444021665,147
QQQ,-0.035,0.0125,4.09154607321931,0.29568424668889676,-74.43028043451207,2.966344298759246,5.751500073174301,144
QQQ,-0.035,0.015,0.8435142767777792,0.22205638304587977,-85.70640305303567,1.2557842967131019,6.424703644080198,139
QQQ,-0.035,0.0175,3.295568732463239,0.2848950780909136,-79.30516928669104,2.4089410554937545,7.317430118542367,136
QQQ,-0.035,0.02,3.7194411018169893,0.29946860158171396,-78.2971951397142,2.691842904170275,9.67364261671301,134
QQQ,-0.035,0.0225,0.043787039918408155,0.23191516997737588,-94.451039625105,1.0119410234971502,14.649495097321822,128
QQQ,-0.035,0.025,3.126546464387414,0.30568083199406487,-89.73919814818464,2.3043129949779044,20.415630030733205,122
QQQ,-0.035,0.0275,4.932775562059932,0.3444282425784061,-85.25462307171651,3.689842050852201,21.454705107566223,116
QQQ,-0.035,0.03,6.071440846916909,0.37303209997756026,-89.57231197467877,4.944296399272571,25.83052831845456,109
QQQ,-0.035,0.0325,8.608515074412693,0.4234684141238724,-93.44088318321673,9.385379595088326,32.650373188936044,102
QQQ,-0.035,0.035,7.563313703380903,0.42029834124206655,-95.53954330158103,7.220654513197201,47.504756329577056,91
QQQ,-0.035,0.0375,12.548976174132553,0.5027375830157026,-95.31192985786255,24.66778575179422,64.87633543099663,83
QQQ,-0.035,0.04,10.102798984171212,0.4705997264370778,-96.91428007764245,13.59458130987188,65.4763647007171,79
QQQ,-0.035,0.0425,11.671090659259464,0.49900988741411934,-98.59500267422719,19.948831049807076,71.65227572076687,69
QQQ,-0.035,0.045,15.986473325895378,0.5600561832228766,-98.71543997040571,55.77123108354509,78.67700863456754,61
QQQ,-0.035,0.0475,15.365988783137485,0.5526587502373473,-98.71543997040571,48.221895293387874,78.86726181764963,60
QQQ,-0.035,0.05,12.676853388542654,0.5212930357767762,-98.88667411997254,25.43913183162263,79.56973510902971,55
QQQ,-0.035,0.0525,11.741199300442684,0.5139795537032991,-98.89849411829657,20.291222930545704,83.36016391043466,49
QQQ,-0.035,0.055,8.72509904344918,0.478099131701841,-99.35463108240275,9.662416070839079,83.62359139470217,44
QQQ,-0.035,0.0575,7.714420424867119,0.46759989289273357,-99.62444572142405,7.500806757999493,84.12117664276306,39
QQQ,-0.035,0.06,4.209567709299078,0.42441042308580634,-99.84684521198673,3.0589039573878436,84.67730133177228,36
QQQ,-0.035,0.0625,10.331222599281787,0.5105756779929587,-99.86482586478935,14.38041227557889,92.00936631055173,28
QQQ,-0.035,0.065,8.92531477851759,0.49581666881216624,-99.90452860620303,10.15666200627224,92.34596809600468,23
QQQ,-0.035,0.0675,8.92531477851759,0.49581666881216624,-99.90452860620303,10.15666200627224,92.34596809600468,23
QQQ,-0.035,0.07,8.92531477851759,0.49581666881216624,-99.90452860620303,10.15666200627224,92.34596809600468,23
QQQ,-0.035,0.0725,9.37280075061977,0.5014668194092716,-99.90452860620303,11.350883418159443,92.49231669837553,22
QQQ,-0.035,0.075,14.793885151355912,0.5678198803109002,-99.90327775263673,42.14070411135839,98.7560368798478,20
QQQ,-0.035,0.0775,14.154356985654747,0.5621358088088798,-99.89353115731198,36.21708442562568,99.03409922435242,17
QQQ,-0.035,0.08,13.663352791933203,0.5568944477211696,-99.90527550392069,32.22205656665401,99.09263866530075,16
QQQ,-0.0375,0.005,2.9379121867304514,0.2549752569448928,-78.2558361969248,2.192712857810908,4.039221425435388,122
QQQ,-0.0375,0.0075,3.1667563227339546,0.2628701205048408,-76.70671490616347,2.328799516936185,4.200204888043319,120
QQQ,-0.0375,0.01,2.593669717988978,0.24844262571484654,-76.70671490616347,2.002326940833163,4.44899751207376,120
QQQ,-0.0375,0.0125,2.8577000067256497,0.2595974766332638,-72.81793098842478,2.1468516915670364,4.844138738475047,119
QQQ,-0.0375,0.015,0.9469430838309201,0.21359814139532468,-74.06472159509565,1.2911796825782713,5.195375384165081,117
QQQ,-0.0375,0.0175,3.2314146123186394,0.27555789422771076,-62.449885911605804,2.3687006863635003,5.9710229767305725,114
QQQ,-0.0375,0.02,4.677460126961508,0.31365722492671616,-65.22381471067835,3.453985065286145,8.195521732767453,113
QQQ,-0.0375,0.0225,-0.43640588130223756,0.2074637342212743,-90.07168667468565,0.888171203164767,11.224937801843993,107
QQQ,-0.0375,0.025,4.502346732334805,0.32282680492674565,-79.61089280301745,3.300685755923931,16.230060002926972,104
QQQ,-0.0375,0.0275,7.184746171219336,0.37928707203318934,-79.29711047195181,6.562332746127856,17.15205619786331,100
QQQ,-0.0375,0.03,8.866434570645353,0.41580962933634014,-84.39340320809055,10.008839672831694,21.35226108590663,94
QQQ,-0.0375,0.0325,8.788526946690878,0.41857833609397854,-84.70905501226788,9.816429626000025,26.693985072442562,88
QQQ,-0.0375,0.035,7.5379719266433165,0.4095936632195622,-90.43082469189697,7.174668593548103,41.372749890238545,80
QQQ,-0.0375,0.0375,6.992100864700923,0.40437466453662235,-90.43082469189697,6.249914688891986,44.343626518366754,76
QQQ,-0.0375,0.04,5.423290459504382,0.3809818871443133,-90.17346892076611,4.187230233215935,44.548514561685934,74
QQQ,-0.0375,0.0425,14.043197984136402,0.5217981962766116,-94.6097303163054,35.27288352005213,64.45192448412118,65
QQQ,-0.0375,0.045,17.192237376108466,0.5690048647855278,-96.36913029272685,73.82401627098419,71.82789404361188,58
QQQ,-0.0375,0.0475,16.565302443629104,0.5611916388083938,-96.36913029272685,63.83100952933948,72.01814722669398,57
QQQ,-0.0375,0.05,15.10170589474673,0.5442806133176616,-96.05688461727073,45.31445666036952,73.11576174447534,54
QQQ,-0.0375,0.0525,13.49082714526617,0.5279426562470768,-96.66245837069684,30.921845320631295,76.95009512659155,48
QQQ,-0.0375,0.055,9.598631574650396,0.47995622452333137,-98.40586790856986,12.003815301116031,77.2720620518074,43
QQQ,-0.0375,0.0575,8.042529894477868,0.4620747954862629,-99.07233969404548,8.145620557188764,77.78428216010536,38
QQQ,-0.0375,0.06,3.3891688654719587,0.4032272489617779,-99.7188379070869,2.4688344529075406,78.63310405385629,35
QQQ,-0.0375,0.0625,10.45410671944782,0.5072372812891304,-99.8036776269827,14.821077228914374,88.71652275720767,27
QQQ,-0.0375,0.065,7.4285260701494105,0.4732192055990196,-99.90755127732818,6.979284313728425,89.21410800526854,22
QQQ,-0.0375,0.0675,7.4285260701494105,0.4732192055990196,-99.90755127732818,6.979284313728425,89.21410800526854,22
QQQ,-0.0375,0.07,7.4285260701494105,0.4732192055990196,-99.90755127732818,6.979284313728425,89.21410800526854,22
QQQ,-0.0375,0.0725,9.332445644775333,0.49747144173763985,-99.90755127732818,11.237867720217173,89.88731157617444,21
QQQ,-0.0375,0.075,14.56441736362748,0.5637097537459861,-99.90755127732818,39.91523390883541,98.39016537392068,20
QQQ,-0.0375,0.0775,13.926167585822835,0.5579850072623341,-99.89823532042337,34.30444333641884,98.6682277184253,17
QQQ,-0.0375,0.08,13.436144887291125,0.5527061783237159,-99.90946076102455,30.520394758545383,98.72676715937362,16
QQQ,-0.04,0.005,2.7590701011418917,0.24543402857813837,-76.50281280819495,2.091725673443866,3.2782086931069805,101
QQQ,-0.04,0.0075,3.889971026885375,0.27770576729796986,-74.82880072470056,2.8144605226724932,3.395287575003659,100
QQQ,-0.04,0.01,3.3128669975932334,0.2624679092326785,-74.82880072470056,2.4199035114335024,3.644080199034099,100
QQQ,-0.04,0.0125,4.1833177963316315,0.2883181931289519,-70.62650145529086,3.0380797152418952,3.834333382116201,99
QQQ,-0.04,0.015,2.7432930780911136,0.251816386798188,-72.73315118417115,2.083035066989092,4.112395726620811,97
QQQ,-0.04,0.0175,4.0323910339644,0.28876158023132725,-63.970065083928354,2.920972145845537,4.72705985657837,94
QQQ,-0.04,0.02,5.489656470045001,0.32760925435468136,-67.10109315367549,4.2592946529501114,6.9515586126152495,93
QQQ,-0.04,0.0225,1.6392569874190688,0.24322843550224463,-81.84190246364281,1.5540773585480225,9.702912337187179,88
QQQ,-0.04,0.025,4.845398141407142,0.3222021688180821,-80.66604810144756,3.6074297793472194,14.327528172105957,86
QQQ,-0.04,0.0275,7.478820029211186,0.37944183403918397,-79.29711047195184,7.0684248265138585,14.605590516610567,85
QQQ,-0.04,0.03,10.195786004798691,0.4365760063711661,-84.39340320809056,13.909354264500323,18.308210156593006,80
QQQ,-0.04,0.0325,9.427585012352434,0.42260438998888666,-84.39340320809055,11.506061409713155,19.288745792477684,79
QQQ,-0.04,0.035,6.644602980283265,0.376930060675392,-90.43082469189697,5.722225871991735,22.318161861554223,74
QQQ,-0.04,0.0375,6.485075416920938,0.3777703037339344,-90.43082469189697,5.494604369545271,25.318308210156594,71
QQQ,-0.04,0.04,4.917928749830502,0.35106872571104064,-90.17346892076611,3.675712167926812,25.46465681252744,69
QQQ,-0.04,0.0425,13.49651550762918,0.5050296598009539,-94.85111177252998,30.963897357261466,45.36806673496268,60
QQQ,-0.04,0.045,17.750236680447394,0.5727869502939412,-93.17499440913592,83.97200706670108,65.85687106688131,54
QQQ,-0.04,0.0475,17.750236680447394,0.5727869502939412,-93.17499440913592,83.97200706670108,65.85687106688131,54
QQQ,-0.04,0.05,16.27176207074157,0.5545626246163985,-93.80664997277167,59.61281049705566,66.95448558466268,51
QQQ,-0.04,0.0525,14.089830369617884,0.5306038555771726,-94.79497503435013,35.6660628146867,71.54983169910727,45
QQQ,-0.04,0.055,10.177091837467223,0.48089018003760253,-97.48143191822875,13.845513620102409,71.87179862432313,40
QQQ,-0.04,0.0575,8.6127770712922,0.46227869595054555,-98.53439018644485,9.395371183215296,72.3840187326211,35
QQQ,-0.04,0.06,3.9348556585921957,0.401432615574863,-99.55579222272623,2.847618043600833,73.23284062637202,32
QQQ,-0.04,0.0625,11.108111516079,0.5091613775383362,-99.75787572595878,17.39402446716359,86.72618176496415,25
QQQ,-0.04,0.065,7.077900699447004,0.46609216390095864,-99.91108971685557,6.3872474022713295,88.52626957412556,20
QQQ,-0.04,0.0675,7.077900699447004,0.46609216390095864,-99.91108971685557,6.3872474022713295,88.52626957412556,20
QQQ,-0.04,0.07,7.077900699447004,0.46609216390095864,-99.91108971685557,6.3872474022713295,88.52626957412556,20
QQQ,-0.04,0.0725,8.975606258754443,0.49061041204326117,-99.91108971685557,10.284584805040078,89.19947314503146,19
QQQ,-0.04,0.075,13.513622671212499,0.5503036197610405,-99.91108971685557,31.090696690658547,97.96575442704523,18
QQQ,-0.04,0.0775,13.762313274756055,0.554796561917321,-99.90213032464085,32.99145387849173,98.27308649202399,16
QQQ,-0.04,0.08,13.27299535137283,0.5494821988749544,-99.91292611579325,29.352238313715397,98.33162593297234,15
QQQ,-0.0425,0.005,0.9395069691032987,0.19106141575435953,-72.46141168108177,1.2886031668552147,2.7367188643348457,83
QQQ,-0.0425,0.0075,2.116590272512253,0.22655180239680325,-70.49947771715928,1.7646030817269152,2.8098931655202692,82
QQQ,-0.0425,0.01,1.5493372920624582,0.2112666898799926,-70.49947771715928,1.5172247609650495,3.05868578955071,82
QQQ,-0.0425,0.0125,2.994986486320461,0.2531223212428261,-65.57440355281314,2.2259179961884743,3.190399531684472,82
QQQ,-0.0425,0.015,2.334054356040305,0.2357319550985652,-65.57440355281314,1.869381735588077,3.2782086931069805,82
QQQ,-0.0425,0.0175,2.7594439127716974,0.2520353036583209,-58.86233895197714,2.0919320065324696,3.7611590809307773,80
QQQ,-0.0425,0.02,2.8217366580626457,0.25753579949560806,-58.86233895197711,2.1265909768426767,4.229474608517489,79
QQQ,-0.0425,0.0225,0.10267372164980415,0.19131075677649817,-75.6292175589939,1.0282165315685863,4.9319478998975566,77
QQQ,-0.0425,0.025,1.4592044399376558,0.23155036736261234,-76.71205143866918,1.4811301989588532,5.6197863310405385,76
QQQ,-0.0425,0.0275,4.007574653868828,0.29485094495276076,-76.71205143866916,2.902137563302655,5.8978486755451485,75
QQQ,-0.0425,0.03,4.9553546774928625,0.32027709837764234,-80.5289769420042,3.711431180395518,7.258890677594029,71
QQQ,-0.0425,0.0325,3.8223243350395286,0.2978177785256314,-81.06454692727621,2.765189573428611,8.151617152056199,70
QQQ,-0.0425,0.035,-0.6205201320782505,0.21173786728980457,-87.59164297856717,0.8446957948696276,10.068783843114298,66
QQQ,-0.0425,0.0375,-1.060380279430162,0.20288012320595633,-87.59164297856717,0.7489685875347614,10.112688423825553,65
QQQ,-0.0425,0.04,-2.5164800631905404,0.17385148443047158,-89.18302504838525,0.5010357007422384,10.259037026196399,63
QQQ,-0.0425,0.0425,5.505530404074399,0.35997415404391375,-92.25978853982586,4.276707782506772,29.811210302941603,55
QQQ,-0.0425,0.045,4.3703535369025825,0.3577189216490912,-95.83289419883421,3.189488352456518,38.50431728376994,51
QQQ,-0.0425,0.0475,4.3703535369025825,0.3577189216490912,-95.83289419883421,3.189488352456518,38.50431728376994,51
QQQ,-0.0425,0.05,3.021258272311522,0.3405418259736507,-95.75292566857406,2.241364874869993,39.6897409629738,48
QQQ,-0.0425,0.0525,10.72394575039719,0.47393888430549647,-96.93405635528988,15.83482414160848,53.65139762915264,43
QQQ,-0.0425,0.055,5.8365706516472216,0.40601203249538165,-98.89083743558714,4.655867021788702,54.01726913507976,38
QQQ,-0.0425,0.0575,9.31288631833711,0.47071611617702114,-97.84876697577708,11.1834819271459,72.22303527001317,34
QQQ,-0.0425,0.06,4.604811399518516,0.4095018699514967,-99.34798850877642,3.3895717694387186,73.0718571637641,31
QQQ,-0.0425,0.0625,11.824305488755439,0.5171622879318464,-99.64460818325172,20.704425027547256,86.56519830235622,24
QQQ,-0.0425,0.065,6.87731474921387,0.4629881206890155,-99.89579758356409,6.0706268887291355,88.46773013317723,19
QQQ,-0.0425,0.0675,6.87731474921387,0.4629881206890155,-99.89579758356409,6.0706268887291355,88.46773013317723,19
QQQ,-0.0425,0.07,6.87731474921387,0.4629881206890155,-99.89579758356409,6.0706268887291355,88.46773013317723,19
QQQ,-0.0425,0.0725,6.87731474921387,0.4629881206890155,-99.89579758356409,6.0706268887291355,88.46773013317723,19
QQQ,-0.0425,0.075,11.32795306270722,0.5236535360993542,-99.89579758356409,18.35173931641258,97.23401141519098,18
QQQ,-0.0425,0.0775,14.430128976844925,0.5621223013223995,-99.88529721976415,38.66582238061324,98.25845163178691,16
QQQ,-0.0425,0.08,13.937938624243774,0.5567986225611736,-99.89794983412588,34.40067956057704,98.31699107273526,15
QQQ,-0.045,0.005,2.2877841434131962,0.22156432470362758,-72.3719107594675,1.8465978246467847,2.3708473584077274,70
QQQ,-0.045,0.0075,2.5371163348484993,0.2316583376422859,-70.48652085902927,1.9726129413075666,2.4586565198302357,69
QQQ,-0.045,0.01,1.7789330203674902,0.20986431583766427,-72.44144719834537,1.6130372472905505,2.692814283623591,69
QQQ,-0.045,0.0125,3.2278507231995546,0.2536156198462295,-63.54975606774869,2.366484340120169,2.824528025757354,69
QQQ,-0.045,0.015,2.5654242730364984,0.23530496254285532,-67.85705444177378,1.9874328751333172,2.9123371871798627,69
QQQ,-0.045,0.0175,3.022302849219871,0.25219986196008853,-61.497036098232236,2.2419811781976184,3.3074784135811504,67
QQQ,-0.045,0.02,2.918336792136933,0.25111125771291365,-64.37528536672224,2.1814343982040842,3.497731596663252,66
QQQ,-0.045,0.0225,1.5794723714901426,0.215787079031667,-71.04298223644405,1.529480508364116,3.5855407580857603,64
QQQ,-0.045,0.025,3.128730339079344,0.26138353095087,-65.9638156010149,2.3056365124649254,4.024586565198303,63
QQQ,-0.045,0.0275,6.122254038021535,0.3380793240522316,-64.13427141985923,5.008923156317811,4.244109468754574,63
QQQ,-0.045,0.03,7.781419906340625,0.37912426853742476,-63.66996799504477,7.628347164584227,5.224645104639251,61
QQQ,-0.045,0.0325,6.137072362921159,0.34098733028634026,-64.88912402538662,5.027922558725491,5.853944094833894,60
QQQ,-0.045,0.035,4.859531995241184,0.3154459646526806,-68.61722609253276,3.6206392265121807,7.273525537831113,58
QQQ,-0.045,0.0375,4.395416774916239,0.3053537143269308,-68.61722609253276,3.21032147185286,7.317430118542367,57
QQQ,-0.045,0.04,2.7583994455171013,0.26965416051697966,-75.66007545412035,2.0913555402774087,7.390604419727792,55
QQQ,-0.045,0.0425,7.051545974622031,0.37753178885706506,-79.9054815599696,6.344757263430751,24.118249670715645,51
QQQ,-0.045,0.045,7.152173771353487,0.3905870301281246,-82.15857389082784,6.508473091923857,31.011268842382556,48
QQQ,-0.045,0.0475,7.152173771353487,0.3905870301281246,-82.15857389082784,6.508473091923857,31.011268842382556,48
QQQ,-0.045,0.05,3.50222426012059,0.3338518341690848,-88.93085004766506,2.54309062876269,32.86989609249232,45
QQQ,-0.045,0.0525,10.71084161601421,0.4656038136357752,-92.24618140236262,15.784087710350597,46.977901361042,40
QQQ,-0.045,0.055,5.315796684966423,0.3872510483424157,-96.60345519308245,4.072991559224522,47.34377286696912,36
QQQ,-0.045,0.0575,5.950612253693044,0.41902070835026684,-96.67344154604042,4.79382968460485,68.13990926386653,32
QQQ,-0.045,0.06,3.528012285252524,0.3864440273682955,-98.22332474162624,2.560327350736111,68.62285965169033,30
QQQ,-0.045,0.0625,10.673189096567626,0.4972723070589312,-99.03158785336707,15.639174882576027,82.11620079028246,23
QQQ,-0.045,0.065,4.938628948439239,0.4324611136839559,-99.77117101330643,3.6954271521131132,84.0919069222889,18
QQQ,-0.045,0.0675,4.938628948439239,0.4324611136839559,-99.77117101330643,3.6954271521131132,84.0919069222889,18
QQQ,-0.045,0.07,4.938628948439239,0.4324611136839559,-99.77117101330643,3.6954271521131132,84.0919069222889,18
QQQ,-0.045,0.0725,4.938628948439239,0.4324611136839559,-99.77117101330643,3.6954271521131132,84.0919069222889,18
QQQ,-0.045,0.075,9.308535543298003,0.49474911150185263,-99.77117101330643,11.17141886685284,92.85818820430265,17
QQQ,-0.045,0.0775,12.354439980084742,0.534137440717586,-99.74811216601249,23.53739284313254,93.88262842089858,15
QQQ,-0.045,0.08,11.871177644154907,0.5287389678728706,-99.77589736545842,20.94103420115025,93.94116786184692,14
QQQ,-0.0475,0.005,2.9803394434354313,0.23781164094659554,-69.73840808372702,2.2173506233656908,1.9757061320064395,59
QQQ,-0.0475,0.0075,3.054442264973667,0.2421240201805289,-71.44936641979874,2.261023490491492,2.0488804331918633,58
QQQ,-0.0475,0.01,2.29243372210326,0.21886262692758734,-73.34051538680129,1.8488751801172612,2.2830381969852187,58
QQQ,-0.0475,0.0125,3.748661584661739,0.2647404912390224,-63.54975606774872,2.712481790444507,2.414751939118981,58
QQQ,-0.0475,0.015,3.748661584661739,0.2647404912390224,-63.54975606774872,2.712481790444507,2.414751939118981,58
QQQ,-0.0475,0.0175,4.746967602792873,0.2951623347950764,-57.45354720636371,3.5167157160050815,2.692814283623591,57
QQQ,-0.0475,0.02,4.641261081856363,0.29292052599205054,-63.55780663476891,3.421743548162019,2.8830674667056932,56
QQQ,-0.0475,0.0225,3.6481428238939406,0.2652621880151874,-63.55780663476891,2.6421165977636467,2.970876628128201,55
QQQ,-0.0475,0.025,4.889808946429275,0.3014663204522134,-63.84639682482894,3.6490929174836872,3.3074784135811504,54
QQQ,-0.0475,0.0275,6.926679403158209,0.3562085706183249,-63.5578066347689,6.147115444052357,3.4538270159519975,54
QQQ,-0.0475,0.03,7.107003957881486,0.36138410615773947,-62.63716001988301,6.434487246701056,4.478267232547929,52
QQQ,-0.0475,0.0325,5.496220532191631,0.32114595739690216,-62.63716001988301,4.266486894696749,4.902678179423386,51
QQQ,-0.0475,0.035,5.51177847840143,0.3248448104665786,-67.41219852067738,4.2835804808687215,5.912483535782234,50
QQQ,-0.0475,0.0375,5.044776372025428,0.313950469462027,-67.41219852067738,3.798133294653016,5.956388116493487,49
QQQ,-0.0475,0.04,3.3975764795759256,0.27556301798882044,-75.66007545412035,2.474284017388502,6.029562417678911,47
QQQ,-0.0475,0.0425,9.857005066556802,0.427880155254977,-78.6553851876922,12.79522180740273,21.952290355627106,44
QQQ,-0.0475,0.045,9.960269977630443,0.4348602234278934,-81.0486442290699,13.125381063616643,28.845309527294017,41
QQQ,-0.0475,0.0475,9.960269977630443,0.4348602234278934,-81.0486442290699,13.125381063616643,28.845309527294017,41
QQQ,-0.0475,0.05,5.514273111003631,0.35732537849965756,-85.48232683694461,4.286327473808194,30.045368066734962,38
QQQ,-0.0475,0.0525,6.712146060071533,0.3930578943466627,-89.02675921714062,5.821312178649296,42.98258451631787,35
QQQ,-0.0475,0.055,4.579578751165325,0.35939933459153944,-89.92421316603358,3.3674713971892944,43.05575881750329,33
QQQ,-0.0475,0.0575,2.734002283306358,0.33226675630788904,-94.50451327579539,2.0779336110956677,43.52407434509,30
QQQ,-0.0475,0.06,-0.9440827694332077,0.27473011080914445,-97.95510101702418,0.7732098249469952,44.387531099078004,29
QQQ,-0.0475,0.0625,3.922296694576044,0.3759848901743527,-99.2179008680717,2.8383026730625867,57.93941167861847,22
QQQ,-0.0475,0.065,-1.5233589409202053,0.3365802315855896,-99.81826732727473,0.6595229552386629,81.41372749890239,17
QQQ,-0.0475,0.0675,-1.5233589409202053,0.3365802315855896,-99.81826732727473,0.6595229552386629,81.41372749890239,17
QQQ,-0.0475,0.07,-1.5233589409202053,0.3365802315855896,-99.81826732727473,0.6595229552386629,81.41372749890239,17
QQQ,-0.0475,0.0725,-1.5233589409202053,0.3365802315855896,-99.81826732727473,0.6595229552386629,81.41372749890239,17
QQQ,-0.0475,0.075,2.5774543393357385,0.402675556409288,-99.81826732727473,1.9937633410153106,90.18000878091614,16
QQQ,-0.0475,0.0775,5.435795837861357,0.44414020422416595,-99.79995432414852,4.200718955490569,91.20444899751207,14
QQQ,-0.0475,0.08,4.982292184634574,0.43867782881517675,-99.82202092781823,3.737346778490632,91.26298843846041,13
QQQ,-0.05,0.005,5.2478544352648315,0.30963761327067496,-51.588059657176764,4.002340815020642,1.6391043465534902,50
QQQ,-0.05,0.0075,4.88043891761849,0.29725460525167674,-55.99298861629336,3.6402642139988433,1.6976437875018295,49
QQQ,-0.05,0.01,4.267368682172856,0.27731559157910557,-55.99298861629336,3.105243620185032,1.887896970583931,49
QQQ,-0.05,0.0125,4.881058945396721,0.2970708396426296,-55.485780265008344,3.6408477853482886,1.990340992243524,49
QQQ,-0.05,0.015,4.881058945396721,0.2970708396426296,-55.485780265008344,3.6408477853482886,1.990340992243524,49
QQQ,-0.05,0.0175,6.433867925004999,0.34484230398160054,-55.485780265008344,5.423406425268733,2.034245572954778,49
QQQ,-0.05,0.02,5.836007618628147,0.3261193477468307,-63.5578066347689,4.655195470192489,2.1805941753256253,48
QQQ,-0.05,0.0225,4.755095228394146,0.29341330756941847,-66.09738123843893,3.5241221720723583,2.2976730572223034,48
QQQ,-0.05,0.025,5.659922123916461,0.3201839579053173,-63.5578066347689,4.449685428174668,2.487926240304405,47
QQQ,-0.05,0.0275,7.7117475204562025,0.37788784096650246,-63.5578066347689,7.495761449551923,2.6342748426752527,47
QQQ,-0.05,0.03,6.749559794768856,0.35079494029894365,-62.63716001988302,5.876907529464368,3.1611298112103032,46
QQQ,-0.05,0.0325,5.100210177205833,0.30667949055415766,-62.63716001988302,3.852857164588802,3.6587150592711835,46
QQQ,-0.05,0.035,5.402218333574127,0.31651123200441394,-63.60437181263683,4.1645954450148555,4.0831260061466415,45
QQQ,-0.05,0.0375,5.3113624186884145,0.31588933041103834,-63.60437181263683,4.068344118136132,4.814869018000878,45
QQQ,-0.05,0.04,3.659982208829926,0.2754805334576808,-75.66007545412033,2.65031215279146,4.888043319186302,43
QQQ,-0.05,0.0425,3.0533735719401323,0.2665103884729721,-75.66007545412033,2.2603878033756315,6.000292697204742,40
QQQ,-0.05,0.045,4.107515819660845,0.3058567449995313,-80.70542119100597,2.9787090465670603,12.410361481047856,37
QQQ,-0.05,0.0475,4.107515819660845,0.3058567449995313,-80.70542119100597,2.9787090465670603,12.410361481047856,37
QQQ,-0.05,0.05,7.040370261452589,0.38103097830817406,-80.70542119100597,6.3268216473019825,28.99165812966486,37
QQQ,-0.05,0.0525,8.25556854898204,0.4147680266805716,-87.74455552649752,8.592531516230391,41.92887457924777,34
QQQ,-0.05,0.055,6.092157025380485,0.380215002609767,-87.74455552649752,4.970546712213477,42.00204888043319,32
QQQ,-0.05,0.0575,4.2198872116310016,0.35209151844031156,-87.74455552649752,3.067128079380331,42.470364408019904,29
QQQ,-0.05,0.06,0.48860447337844004,0.292970508835628,-95.38466094417339,1.141294193753003,43.3338211620079,28
QQQ,-0.05,0.0625,4.500186728793132,0.3799881025715276,-98.54874589828931,3.2988363754374523,56.84179716083712,22
QQQ,-0.05,0.065,-0.9757510523217605,0.3389769909247747,-99.66277895481468,0.7665349914319508,80.31611298112104,17
QQQ,-0.05,0.0675,-0.9757510523217605,0.3389769909247747,-99.66277895481468,0.7665349914319508,80.31611298112104,17
QQQ,-0.05,0.07,-0.9757510523217605,0.3389769909247747,-99.66277895481468,0.7665349914319508,80.31611298112104,17
QQQ,-0.05,0.0725,-0.9757510523217605,0.3389769909247747,-99.66277895481468,0.7665349914319508,80.31611298112104,17
QQQ,-0.05,0.075,3.147865988072507,0.4056766320783767,-99.66277895481468,2.3172648554279123,89.08239426313479,16
QQQ,-0.05,0.0775,8.300600826397119,0.4773158934532002,-99.62879755806252,8.689978060038507,90.97029123371871,14
QQQ,-0.05,0.08,6.676336182075504,0.4581764737139078,-99.75358867205098,5.768574749792552,91.04346553490414,13
TQQQ,-0.015,0.015,20.483391366146698,0.6072307780883377,-97.3050585064033,156.43971090111413,39.9824381677155,1074
TQQQ,-0.015,0.0225,26.987091820952823,0.6924636797886646,-95.83029532583592,650.8024439728235,45.5436850578077,993
TQQQ,-0.015,0.03,27.097645015659744,0.6925204684897923,-97.6047102127096,666.3412134189572,52.70013171374214,875
TQQQ,-0.015,0.0375,23.933852890036288,0.6530325055480509,-98.28865473984216,336.3976300713828,60.734669983901654,740
TQQQ,-0.015,0.045,21.181729360725154,0.6205298467856044,-99.14761706850214,182.98051014248944,69.14971462022538,601
TQQQ,-0.015,0.0525,20.95667418560929,0.619270258536465,-99.2991839876617,173.9861139606744,75.34026050051223,493
TQQQ,-0.015,0.06,19.60597169847542,0.6053512746678404,-99.49101760233482,128.31430318040393,81.13566515439777,403
TQQQ,-0.015,0.0675,16.261693751871764,0.5683583235195164,-99.79767586090334,59.47299921758885,85.30660032196693,321
TQQQ,-0.015,0.075,20.38337523266407,0.6181861576200827,-99.71930829778275,152.95633382158888,88.36528611151763,274
TQQQ,-0.015,0.0825,22.33724267876056,0.6411950835376793,-99.4877587029216,236.67956912393848,90.76540319039952,231
TQQQ,-0.015,0.09,22.159857611967524,0.63991367510361,-99.49133840334812,227.5483340899711,92.59476072003511,194
TQQQ,-0.015,0.0975,21.874368546042145,0.6376662747052693,-99.44384762041354,213.56051665941996,94.0582467437436,157
TQQQ,-0.015,0.105,21.279698274424042,0.6327427012955125,-99.63897639420924,187.03427203821195,95.12659154105079,131
TQQQ,-0.015,0.1125,16.72939056955962,0.5839262607136948,-99.73254656120531,66.31273591914619,95.66808136982291,113
TQQQ,-0.015,0.12,15.248182897130146,0.5678934536363944,-99.81852114180076,46.90435316122659,96.07785745646129,101
TQQQ,-0.015,0.1275,15.425499402169596,0.5712360822447164,-99.8188237876583,48.900942326080646,96.76569588760428,86
TQQQ,-0.015,0.135,17.69167885265448,0.5975256374705278,-99.79355096000145,82.84701090438126,97.45353431874726,73
TQQQ,-0.015,0.1425,17.992067280904458,0.6009461183997032,-99.7516529836971,88.77581187022841,97.54134348016976,71
TQQQ,-0.015,0.15,17.568859633972032,0.5970810652408168,-99.77579559717682,80.5344040469417,97.73159666325186,65
TQQQ,-0.015,0.1575,18.668380595896682,0.6095895840501422,-99.70348854910509,103.65729072748059,98.03892872823064,57
TQQQ,-0.015,0.165,16.28901613910734,0.5847290130539612,-99.78196258858846,59.853141326303444,98.24381677154983,50
TQQQ,-0.015,0.1725,15.788139781952504,0.5797649938148632,-99.79298657466856,53.24226142274118,98.43406995463194,44
TQQQ,-0.015,0.18,15.789085676991355,0.5799920106834112,-99.78078069406442,53.254056276783764,98.62432313771403,40
TQQQ,-0.015,0.1875,15.971245806452018,0.5827089010744186,-99.8045423716539,55.57303338570095,98.97555978340407,32
TQQQ,-0.015,0.195,14.8251666623886,0.5706741062562671,-99.85068658395852,42.45318806341574,99.16581296648617,26
TQQQ,-0.015,0.2025,14.36709738385149,0.5657244398639321,-99.86602386448826,38.092451620755874,99.18044782672325,25
TQQQ,-0.015,0.21,13.43624858933623,0.5559548271415063,-99.89265311811813,30.521151316275937,99.2389872676716,24
TQQQ,-0.015,0.2175,13.871102226988441,0.5609522484357048,-99.90089398100491,33.85767978200413,99.35606614956826,22
TQQQ,-0.015,0.225,14.039050609076442,0.5632799746221852,-99.8995955070603,35.23811793409934,99.4292404507537,20
TQQQ,-0.015,0.2325,13.564623695540146,0.5581840803625997,-99.89905365148185,31.471694276064312,99.5170496121762,17
TQQQ,-0.015,0.24,13.076156080590295,0.5530056441079478,-99.91018882376275,28.000120089574846,99.57558905312455,16
TQQQ,-0.0225,0.015,14.314395556728797,0.5173819872030839,-96.95729948882575,37.61934022107784,34.1284940728816,936
TQQQ,-0.0225,0.0225,21.307506569707257,0.6184685196044033,-95.29223080587465,188.20059586150813,39.03117225230499,877
TQQQ,-0.0225,0.03,21.548372974649954,0.6218928175717753,-97.2956186701953,198.60031075354746,46.12907946729109,787
TQQQ,-0.0225,0.0375,19.665239797382394,0.598357682979632,-98.11934258062655,130.049571732535,55.07097907214986,677
TQQQ,-0.0225,0.045,14.898524487834685,0.5387817856066558,-98.86590461912759,43.19476754606073,63.120152202546464,560
TQQQ,-0.0225,0.0525,13.795193192211874,0.527756038177088,-99.01933564064814,33.250982050391514,68.9448265769062,466
TQQQ,-0.0225,0.06,11.098012282603364,0.4973270020303362,-99.37748677107885,17.35120529790741,75.80857602809893,387
TQQQ,-0.0225,0.0675,11.518191511478125,0.5075337533346566,-99.71390446774674,19.221306214581467,81.691789843407,312
TQQQ,-0.0225,0.075,15.969267194342951,0.5652845154038078,-99.64535943815432,55.54733010407074,85.37977462315234,267
TQQQ,-0.0225,0.0825,20.08389078868953,0.6150531879386726,-99.30927219475078,142.96684323213813,88.83360163910434,227
TQQQ,-0.0225,0.09,20.964657133231036,0.6259422101677548,-99.33209583216674,174.2977396277907,91.43860676130544,191
TQQQ,-0.0225,0.0975,19.08463805585503,0.60619705445751,-99.44389959161663,113.98151833956341,93.26796429094102,154
TQQQ,-0.0225,0.105,20.10886041835338,0.6197454999022027,-99.63652199654454,143.7751071108971,94.78998975559783,129
TQQQ,-0.0225,0.1125,16.096008364129545,0.5766270123295152,-99.71622238079904,57.217108705632164,95.5949070686375,111
TQQQ,-0.0225,0.12,14.643777809748215,0.5608292691198801,-99.80744447128002,40.67178311084497,96.00468315527587,100
TQQQ,-0.0225,0.1275,14.56956061811574,0.5614051414303303,-99.8188237876583,39.96385138705095,96.70715644665594,85
TQQQ,-0.0225,0.135,16.818935195385087,0.5877860462276266,-99.79355096000145,67.7059679048001,97.39499487779891,72
TQQQ,-0.0225,0.1425,17.11709609066052,0.5912229568033281,-99.7516529836971,72.551226695982,97.48280403922142,70
TQQQ,-0.0225,0.15,16.69702674367568,0.5873846501991671,-99.77579559717682,65.81601093523714,97.67305722230353,64
TQQQ,-0.0225,0.1575,17.7883941984458,0.5999454211634135,-99.70348854910509,84.71298025698911,97.9803892872823,56
TQQQ,-0.0225,0.165,16.128198972015827,0.5827883571531974,-99.78196258858846,57.6488482825159,98.21454705107567,50
TQQQ,-0.0225,0.1725,15.628015281455788,0.5778219250197567,-99.79298657466856,51.28143624483042,98.40480023415776,44
TQQQ,-0.0225,0.18,15.628959868407556,0.5780506370342242,-99.78078069406442,51.29279671374068,98.59505341723987,40
TQQQ,-0.0225,0.1875,15.810868086922959,0.5807748917020056,-99.8045423716539,53.52636969855327,98.9462900629299,32
TQQQ,-0.0225,0.195,14.666373866417493,0.5687302776001312,-99.85068658395852,40.88970676467116,99.136543246012,26
TQQQ,-0.0225,0.2025,14.208938056166165,0.5637759461786297,-99.86602386448826,36.68956909416172,99.15117810624908,25
TQQQ,-0.0225,0.21,13.279376541147215,0.5539982831388026,-99.89265311811813,29.39710736396133,99.20971754719743,24
TQQQ,-0.0225,0.2175,13.7136288156404,0.5590020301204655,-99.90089398100491,32.61075695776379,99.3267964290941,22
TQQQ,-0.0225,0.225,13.88134494034141,0.5613345606795153,-99.8995955070603,33.94035583645392,99.39997073027953,20
TQQQ,-0.0225,0.2325,13.564623695540146,0.5581840803625997,-99.89905365148185,31.471694276064312,99.5170496121762,17
TQQQ,-0.0225,0.24,13.076156080590295,0.5530056441079478,-99.91018882376275,28.000120089574846,99.57558905312455,16
TQQQ,-0.03,0.015,13.975322628460862,0.5094058939922428,-96.2905389216962,34.70804648314308,29.167276452509878,806
TQQQ,-0.03,0.0225,19.244012055501123,0.5892947528159831,-94.14823543477138,118.19086931788019,33.17722815747109,766
TQQQ,-0.03,0.03,19.051529738536054,0.5870270248993602,-96.91792716345958,113.12536634298084,38.85555392945997,708
TQQQ,-0.03,0.0375,17.7203728427183,0.5701637827882381,-97.9640690265589,83.39644563985244,47.18278940436119,626
TQQQ,-0.03,0.045,16.011589223742952,0.5497929756577431,-98.65048984628368,56.09962184706522,56.871066881311286,529
TQQQ,-0.03,0.0525,18.40624479843287,0.5836463600921825,-97.58662332180333,97.6243861165919,64.64217766720328,449
TQQQ,-0.03,0.06,16.62006767401747,0.5640142138234038,-98.49103176843586,64.64918190416242,72.32547929167276,379
TQQQ,-0.03,0.0675,16.361724231750884,0.5643284921491767,-99.36405132543072,60.87617885854714,79.07214986096884,306
TQQQ,-0.03,0.075,21.37060518408289,0.6259014680884909,-99.30610056809999,190.87308867552784,83.2284501683009,263
TQQQ,-0.03,0.0825,26.792024053908637,0.6877567600148907,-98.52700251064924,624.2319505191197,87.26767159373628,225
TQQQ,-0.03,0.09,26.690441920387787,0.6871086441612796,-98.83969179338882,610.8121615455626,90.07756475925655,190
TQQQ,-0.03,0.0975,24.184324445201955,0.660763292542967,-99.01502452873162,355.326977322913,92.4337772574272,154
TQQQ,-0.03,0.105,25.633269265004465,0.6777464223993339,-99.30465168938318,486.66571902471526,94.29240450753696,129
TQQQ,-0.03,0.1125,20.826045661672012,0.6272809959877664,-99.41231565031059,168.96243832362435,95.1119566808137,111
TQQQ,-0.03,0.12,19.09986893930555,0.6089782377366312,-99.60123045998647,114.3774681488711,95.62417678911166,100
TQQQ,-0.03,0.1275,18.281097016321034,0.601147041519233,-99.67160078520567,94.86485214777028,96.37055466120299,85
TQQQ,-0.03,0.135,19.812560529971044,0.6191367050678428,-99.66593539891468,134.46134172858567,97.20474169471682,72
TQQQ,-0.03,0.1425,20.118362155821433,0.6225424946282752,-99.598138373845,144.08383171352546,97.29255085613933,70
TQQQ,-0.03,0.15,19.687528027961633,0.618566881830972,-99.62348019371505,130.70796284928042,97.48280403922142,64
TQQQ,-0.03,0.1575,20.806863082817138,0.6310422399359591,-99.50205066159974,168.2365874039052,97.79013610420022,56
TQQQ,-0.03,0.165,19.104123362364156,0.6136651676947403,-99.63383678967136,114.48830478391629,98.02429386799356,50
TQQQ,-0.03,0.1725,18.233415412946098,0.6048768360813458,-99.67969126418491,93.83335651341721,98.25845163178691,44
TQQQ,-0.03,0.18,18.23438128390047,0.6050740767883761,-99.66080529010104,93.85414358584697,98.44870481486902,40
TQQQ,-0.03,0.1875,16.793872062148687,0.590851218341514,-99.75454023590865,67.31319296051831,98.84384604127031,32
TQQQ,-0.03,0.195,14.672262335658125,0.5687725561787907,-99.85068658395852,40.946681517439586,99.10727352553783,26
TQQQ,-0.03,0.2025,14.214803034677924,0.5638177003509371,-99.86602386448826,36.74069147418633,99.12190838577492,25
TQQQ,-0.03,0.21,13.285193783830218,0.5540389252104836,-99.89265311811813,29.438068599849064,99.18044782672325,24
TQQQ,-0.03,0.2175,13.719468358506749,0.5590430842934934,-99.90089398100491,32.65619601718159,99.29752670861993,22
TQQQ,-0.03,0.225,13.88134494034141,0.5613345606795153,-99.8995955070603,33.94035583645392,99.39997073027953,20
TQQQ,-0.03,0.2325,13.564623695540146,0.5581840803625997,-99.89905365148185,31.471694276064312,99.5170496121762,17
TQQQ,-0.03,0.24,13.076156080590295,0.5530056441079478,-99.91018882376275,28.000120089574846,99.57558905312455,16
TQQQ,-0.0375,0.015,15.783668889696045,0.5363615988484595,-94.65073972043714,53.18654559965308,24.68900921996195,699
TQQQ,-0.0375,0.0225,19.96871197893819,0.6004234350257411,-92.00456905343985,139.2948278916443,27.67452070832724,670
TQQQ,-0.0375,0.03,18.954225225595177,0.5850391708290382,-95.9360347672955,110.64485661844924,31.74301185423679,629
TQQQ,-0.0375,0.0375,18.696088442775217,0.5818771385331882,-97.09644833984676,104.31555933423874,39.089711693253335,570
TQQQ,-0.0375,0.045,19.104216617555192,0.5888605258239338,-98.08178413842438,114.49073543524092,50.373188936045665,493
TQQQ,-0.0375,0.0525,20.277377179723466,0.605848786090759,-96.79893065137881,149.34618878427202,58.685789550709785,422
TQQQ,-0.0375,0.06,18.13945533879164,0.580995122228524,-97.79891905388733,91.83224516157773,68.30089272647446,358
TQQQ,-0.0375,0.0675,18.540279842042583,0.5892557581390528,-98.99995164492407,100.66559078862122,77.12571344943656,292
TQQQ,-0.0375,0.075,22.611878999691548,0.6391505611778103,-98.7375467403416,251.51683767979102,81.44299721937655,251
TQQQ,-0.0375,0.0825,27.889135592542647,0.6991814980680406,-98.21073426831477,788.5022771168229,85.6139323869457,215
TQQQ,-0.0375,0.09,27.976812393340733,0.7004832103991274,-98.59056126891458,803.2919142370273,89.03848968242355,183
TQQQ,-0.0375,0.0975,24.08506337575367,0.6588634700280342,-98.76188736408496,347.70574490605577,91.48251134201668,148
TQQQ,-0.0375,0.105,26.202175017190154,0.6831758241349385,-99.22306341930171,550.0920665671326,93.6777403775794,125
TQQQ,-0.0375,0.1125,22.414159918856825,0.6433905588539022,-99.29760645667065,240.74780572739425,94.5265622713303,110
TQQQ,-0.0375,0.12,20.48188970283462,0.6228562420186345,-99.54265288133114,156.38685023956134,95.05341723986535,99
TQQQ,-0.0375,0.1275,20.55571988756202,0.624866063117062,-99.55991532019912,159.00625277287384,95.96077857456461,85
TQQQ,-0.0375,0.135,22.506121400563515,0.6469978993021782,-99.57204105515773,245.70018065052327,96.91204448997513,72
TQQQ,-0.0375,0.1425,22.818797892370423,0.6503782292347801,-99.4851885625021,263.28328295497266,96.99985365139763,70
TQQQ,-0.0375,0.15,21.68625767633432,0.638994585491227,-99.56334657659069,204.80048872426602,97.23401141519098,64
TQQQ,-0.0375,0.1575,22.850697052266455,0.6519058538582214,-99.3589613067159,265.14375062622383,97.65842236206645,56
TQQQ,-0.0375,0.165,20.54049801490514,0.6286291655265857,-99.52861713476342,158.4627653580872,97.93648470657105,50
TQQQ,-0.0375,0.1725,18.800838673020735,0.6108521287299813,-99.66078006320424,106.84073283023787,98.1852773306015,44
TQQQ,-0.0375,0.18,18.801809179362138,0.6110424841522527,-99.64077905099722,106.864401450164,98.3755305136836,40
TQQQ,-0.0375,0.1875,17.354386696787127,0.5967749099258511,-99.74004815869576,76.64428868657826,98.77067174008488,32
TQQQ,-0.0375,0.195,14.979093308831759,0.5720108288739988,-99.85068658395852,44.023618014955524,99.0487340845895,26
TQQQ,-0.0375,0.2025,14.5204099744223,0.5670522598888602,-99.86602386448826,39.50156904353832,99.06336894482658,25
TQQQ,-0.0375,0.21,13.58831334863928,0.5572632692717965,-99.89265311811813,31.65019090950879,99.12190838577492,24
TQQQ,-0.0375,0.2175,13.719468358506749,0.5590430842934934,-99.90089398100491,32.65619601718159,99.29752670861993,22
TQQQ,-0.0375,0.225,13.88134494034141,0.5613345606795153,-99.8995955070603,33.94035583645392,99.39997073027953,20
TQQQ,-0.0375,0.2325,13.564623695540146,0.5581840803625997,-99.89905365148185,31.471694276064312,99.5170496121762,17
TQQQ,-0.0375,0.24,13.076156080590295,0.5530056441079478,-99.91018882376275,28.000120089574846,99.57558905312455,16
TQQQ,-0.045,0.015,12.810808482028357,0.4867692758254483,-93.0675086530502,26.272034302767068,21.059563881164937,603
TQQQ,-0.045,0.0225,16.48749466196837,0.5475736109723504,-89.63814565839512,62.68571892078355,23.503585540758085,579
TQQQ,-0.045,0.03,16.88799809765431,0.5541990270857848,-94.42820746473703,68.7997369501742,27.103761159080932,549
TQQQ,-0.045,0.0375,17.495477427515517,0.5641432241266059,-96.01916194174082,79.18247049731475,32.70891262988439,510
TQQQ,-0.045,0.045,16.62867713898195,0.5533455402062535,-97.78072547126652,64.77871939841471,43.567978925801256,454
TQQQ,-0.045,0.0525,16.31629935762138,0.5517055265338485,-96.29653168216993,60.23507308378978,51.85130981999122,394
TQQQ,-0.045,0.06,13.04522965794941,0.5115055753499056,-97.14599477398718,27.793211160598506,61.42250841504464,340
TQQQ,-0.045,0.0675,13.750505724611939,0.5261706889474143,-98.63037473574964,32.89873135362491,70.43758232108883,280
TQQQ,-0.045,0.075,18.585831629574614,0.5898575939622311,-98.20179310049328,101.71976426572643,74.9890238548222,244
TQQQ,-0.045,0.0825,25.14808594228699,0.6683431019269852,-97.54949494378455,438.1927962132608,81.44299721937655,210
TQQQ,-0.045,0.09,26.94719479234957,0.6890165496802474,-98.17246816326,645.2809017899873,86.22859651690327,178
TQQQ,-0.045,0.0975,23.30271078685,0.6497786152415231,-98.26078718636519,292.90712469203686,90.07756475925655,145
TQQQ,-0.045,0.105,25.185673110871075,0.6719745247702429,-98.91319189412111,441.775374076418,92.34596809600468,122
TQQQ,-0.045,0.1125,22.346774085639765,0.6422556938412769,-99.09318203441912,237.18007808023356,93.35577345236354,109
TQQQ,-0.045,0.12,19.761739095431174,0.6145204341107255,-99.44805160449647,132.9233664465996,93.92653300160984,98
TQQQ,-0.045,0.1275,20.241972413072396,0.6212239581677007,-99.52803187835754,148.15874117014758,95.66808136982291,84
TQQQ,-0.045,0.135,22.53871032264243,0.6472253335074684,-99.53845917917127,247.47861502661152,96.69252158641885,71
TQQQ,-0.045,0.1425,23.103406629592406,0.6532967231147924,-99.4447913840839,280.3368230384571,96.80960046831552,70
TQQQ,-0.045,0.15,21.968241971318882,0.6418869843829842,-99.52908244613911,218.06594676769956,97.04375823210889,64
TQQQ,-0.045,0.1575,23.135379709603065,0.6547906067191855,-99.30865909394566,282.3177980189835,97.46816917898434,56
TQQQ,-0.045,0.165,20.8198272341521,0.6314696643082394,-99.49162779007675,168.72680905445745,97.74623152348894,50
TQQQ,-0.045,0.1725,19.076136569237523,0.6136621344550347,-99.63416152423714,113.76108378993445,97.99502414751939,44
TQQQ,-0.045,0.18,18.745819463805734,0.6103277343888406,-99.64077905099722,105.50715446444791,98.19991219083857,40
TQQQ,-0.045,0.1875,17.29907913223201,0.5960495905442067,-99.74004815869576,75.67085667011094,98.59505341723987,32
TQQQ,-0.045,0.195,14.924905188518078,0.5712661770724075,-99.85068658395852,43.46448960511777,98.87311576174447,26
TQQQ,-0.045,0.2025,14.466438025475048,0.5663036499003826,-99.86602386448826,38.99987357911952,98.88775062198157,25
TQQQ,-0.045,0.21,13.53478068445806,0.5565071082547607,-99.89265311811813,31.248213023268715,98.9462900629299,24
TQQQ,-0.045,0.2175,13.665873882710455,0.5582887845008113,-99.90089398100491,32.24144121569673,99.12190838577492,22
TQQQ,-0.045,0.225,13.88134494034141,0.5613345606795153,-99.8995955070603,33.94035583645392,99.39997073027953,20
TQQQ,-0.045,0.2325,13.564623695540146,0.5581840803625997,-99.89905365148185,31.471694276064312,99.5170496121762,17
TQQQ,-0.045,0.24,13.076156080590295,0.5530056441079478,-99.91018882376275,28.000120089574846,99.57558905312455,16
TQQQ,-0.0525,0.015,13.732138539332507,0.5018784562876941,-90.6965489157499,32.754995897084456,17.67891116639836,512
TQQQ,-0.0525,0.0225,16.96067899875302,0.5559426725784128,-86.09432018235972,69.9691776099243,19.391189814137274,493
TQQQ,-0.0525,0.03,14.36337401395904,0.5136086630631981,-93.8576284705786,38.05883916229197,21.90838577491585,469
TQQQ,-0.0525,0.0375,14.337697968732233,0.514717433721519,-95.61150452075576,37.827826946596005,25.171959607785745,443
TQQQ,-0.0525,0.045,12.314066944704116,0.486033723099213,-97.40725760674039,23.30913063306327,32.35767598419435,403
TQQQ,-0.0525,0.0525,12.039472609115332,0.4862892458126538,-95.55669244727586,21.812231468947388,40.43611883506513,363
TQQQ,-0.0525,0.06,10.238608890523837,0.46664992471411715,-96.57585217748343,14.056664895567618,52.07083272354749,315
TQQQ,-0.0525,0.0675,11.44288491048564,0.4902720937295422,-98.49011836390807,18.872441974596065,60.96882774769501,263
TQQQ,-0.0525,0.075,19.157047086636013,0.5943804056899902,-98.07828914016078,115.87575524957957,68.02283038196985,232
TQQQ,-0.0525,0.0825,26.424890015967705,0.6823146575172758,-97.05995928955308,577.030288941755,76.73057222303527,199
TQQQ,-0.0525,0.09,26.36694549354901,0.6821491456722701,-97.80738342652046,569.9018837935148,82.2625493926533,169
TQQQ,-0.0525,0.0975,20.342828913279366,0.6154467112745464,-98.24160465759527,151.56556654027202,87.92624030440508,139
TQQQ,-0.0525,0.105,22.275951875111023,0.6395776536343868,-98.81255789055042,233.4853123077298,90.31172252304991,119
TQQQ,-0.0525,0.1125,21.203382528707838,0.6292102655182263,-98.94866132780436,183.86912511791454,92.87282306453973,106
TQQQ,-0.0525,0.12,18.695031083040536,0.6019548101500459,-99.45613421704441,104.29036541016461,93.39967803307478,96
TQQQ,-0.0525,0.1275,20.08438600684379,0.6190592899476485,-99.46979232206346,142.98283076316696,95.39001902531831,82
TQQQ,-0.0525,0.135,22.822842884562867,0.6499543395323214,-99.48150632285731,263.51850270688095,96.50226840333674,70
TQQQ,-0.0525,0.1425,23.388848562306585,0.6560364284454121,-99.37628018182498,298.50635721698274,96.61934728523343,69
TQQQ,-0.0525,0.15,21.763126286830992,0.6394321028761722,-99.4709725269935,208.33749441972503,96.86813990926386,63
TQQQ,-0.0525,0.1575,22.133397528272415,0.6440723723597492,-99.30865909394566,226.21567392774625,97.32182057661349,55
TQQQ,-0.0525,0.165,19.83668725987693,0.620758699629947,-99.49162779007675,135.1974586361926,97.59988292111811,49
TQQQ,-0.0525,0.1725,18.227779862544423,0.6043421756072964,-99.63416152423714,93.71215892980973,97.90721498609688,43
TQQQ,-0.0525,0.18,18.148214025688425,0.6036833315771832,-99.64077905099722,92.01703181621372,98.09746816917898,40
TQQQ,-0.0525,0.1875,17.577633657501913,0.599032804993611,-99.74004815869576,80.69752963215778,98.58041855700279,32
TQQQ,-0.0525,0.195,15.197821673824707,0.5742346515090037,-99.85068658395852,46.35175405964459,98.85848090150739,26
TQQQ,-0.0525,0.2025,14.738265771604041,0.569270521298381,-99.86602386448826,41.59056197185225,98.87311576174447,25
TQQQ,-0.0525,0.21,13.804395988935658,0.5594683137485622,-99.89265311811813,33.32397315640827,98.93165520269281,24
TQQQ,-0.0525,0.2175,13.935800499125683,0.5612460204425929,-99.90089398100491,34.383179633207945,99.10727352553783,22
TQQQ,-0.0525,0.225,13.88134494034141,0.5613345606795153,-99.8995955070603,33.94035583645392,99.39997073027953,20
TQQQ,-0.0525,0.2325,13.564623695540146,0.5581840803625997,-99.89905365148185,31.471694276064312,99.5170496121762,17
TQQQ,-0.0525,0.24,13.076156080590295,0.5530056441079478,-99.91018882376275,28.000120089574846,99.57558905312455,16
TQQQ,-0.06,0.015,11.65419107989325,0.4632925286369714,-81.98232133929214,19.867134159854473,14.883652861115177,434
TQQQ,-0.06,0.0225,12.767421621884068,0.48398622536991126,-73.06934080224407,25.999430034399975,16.478852626957412,418
TQQQ,-0.06,0.03,10.922940778782152,0.4525834103533658,-88.29550148032939,16.624866140963178,18.82043026489097,400
TQQQ,-0.06,0.0375,12.577727481721723,0.4835018360788372,-91.63757213409168,24.839223489003075,21.952290355627106,382
TQQQ,-0.06,0.045,9.824182115171109,0.4408692671551572,-95.05944090837943,12.691965833782552,27.089126298843848,356
TQQQ,-0.06,0.0525,11.098941040311306,0.4663941999991172,-92.29116854071124,17.35513884250281,33.99678033074784,327
TQQQ,-0.06,0.06,11.43964494059495,0.4775736220463501,-94.2703484587808,18.857570201572393,45.09000439045807,291
TQQQ,-0.06,0.0675,15.236877454892994,0.5375046275410148,-97.16528988289451,46.77975222281952,55.77345236352993,247
TQQQ,-0.06,0.075,22.3285700012918,0.6318206364266107,-95.34376442084479,236.22503740315614,62.959168739938534,219
TQQQ,-0.06,0.0825,26.7867616179853,0.686047909223423,-95.18789156205129,623.5298223236902,73.057222303527,190
TQQQ,-0.06,0.09,28.081670802974124,0.700857230073151,-95.94596671983203,821.3307985902641,79.87706717400849,164
TQQQ,-0.06,0.0975,24.391343150163625,0.6600567340175484,-96.82800755988963,371.7428611041779,86.4773891409337,137
TQQQ,-0.06,0.105,26.239828409045884,0.6818982369264297,-97.82797411748359,554.5596882274576,88.99458510171227,117
TQQQ,-0.06,0.1125,24.534695266479446,0.6644174601316609,-98.07692957060628,383.5356504786487,91.71666910581004,104
TQQQ,-0.06,0.12,21.207768527794467,0.6287762472359651,-99.15833724989844,184.04962574305338,92.28742865505635,95
TQQQ,-0.06,0.1275,23.44978057520524,0.6547708624972869,-99.1088260679144,302.5292364450312,95.05341723986535,82
TQQQ,-0.06,0.135,26.05821539604758,0.6832923067116381,-99.1710495058943,533.3285551325367,96.23884091906922,70
TQQQ,-0.06,0.1425,26.715700390789987,0.6901650305320134,-99.00281744165336,614.1228077084618,96.41445924191424,69
TQQQ,-0.06,0.15,24.84577396418819,0.671255666852061,-99.15420842244227,410.3783908838808,96.69252158641885,63
TQQQ,-0.06,0.1575,23.721689475450923,0.66021246556611,-99.0505644199818,321.1266427630702,97.2193765549539,55
TQQQ,-0.06,0.165,21.395111484564055,0.6367300502427492,-99.30183985966009,191.92085697742593,97.49743889945852,49
TQQQ,-0.06,0.1725,19.765280943237727,0.6201954315933998,-99.49758496512054,133.02999947218754,97.8047709644373,43
TQQQ,-0.06,0.18,19.684680387127983,0.6195141175831387,-99.5066729784331,130.62366542117223,97.99502414751939,40
TQQQ,-0.06,0.1875,18.961319277209654,0.6132614910917104,-99.64300170138335,110.82391506328945,98.53651397629153,32
TQQQ,-0.06,0.195,16.310735999741844,0.5858387050111062,-99.80621558395976,60.1570028402129,98.84384604127031,26
TQQQ,-0.06,0.2025,15.846740375140067,0.5808626179884953,-99.8261208679583,53.97775349444801,98.85848090150739,25
TQQQ,-0.06,0.21,14.90384857239726,0.5710265167094097,-99.86068128791963,43.24907198199377,98.91702034245573,24
TQQQ,-0.06,0.2175,15.036522568066712,0.5727897703048026,-99.87137658138033,44.62374891333935,99.09263866530075,22
TQQQ,-0.06,0.225,14.98154091972086,0.5728435967567039,-99.86969137437234,44.049035983063234,99.38533587004244,20
TQQQ,-0.06,0.2325,14.661759863496604,0.5696692029533659,-99.86898813437134,40.84511665977753,99.50241475193911,17
TQQQ,-0.06,0.24,14.168573213077828,0.5644739331508652,-99.88343976849215,36.33958062487541,99.56095419288746,16
TQQQ,-0.0675,0.015,15.036562761123085,0.5279204908529143,-80.93530081502507,44.62417167364351,12.015220254646568,370
TQQQ,-0.0675,0.0225,16.007756595196554,0.5438018318585738,-74.82057367167478,56.04939003624241,13.186009073613347,360
TQQQ,-0.0675,0.03,13.86974452291354,0.5045618167023558,-85.41418394153068,33.84673537948117,15.132445485145618,346
TQQQ,-0.0675,0.0375,14.21055314483539,0.5107325486437189,-89.57897816387698,36.703640256196906,17.0642470364408,332
TQQQ,-0.0675,0.045,10.403604071980332,0.4465664760804278,-93.84321455419314,14.638421936403995,20.942484999268256,313
TQQQ,-0.0675,0.0525,14.245260395649106,0.5132366592194145,-90.39347157830288,37.00727974999417,28.201375676862284,294
TQQQ,-0.0675,0.06,13.754020536704514,0.5087964154649638,-92.85986979118347,32.9263062596432,39.45558319918045,264
TQQQ,-0.0675,0.0675,11.436790434427557,0.47984436960907473,-96.28679320151522,18.844477097228204,49.53900190253183,229
TQQQ,-0.0675,0.075,18.142071795076696,0.5768416804419689,-95.83668079898783,91.88740845649502,56.97351090297088,207
TQQQ,-0.0675,0.0825,21.427800218526016,0.6214288837617564,-95.08179032112149,193.32709140597382,68.02283038196985,181
TQQQ,-0.0675,0.09,25.807934158312975,0.6751143150708525,-95.88161987311184,505.3487255938815,75.8378457485731,157
TQQQ,-0.0675,0.0975,25.029886509821743,0.6668711884928463,-95.53801483755886,427.1081797418875,84.31142982584517,133
TQQQ,-0.0675,0.105,24.950107163903645,0.6674534585816745,-97.8886554848643,419.7797451920087,87.10668813112835,114
TQQQ,-0.0675,0.1125,22.755991562055435,0.6443824718261042,-98.13065569982251,259.6568841118458,90.00439045807113,102
TQQQ,-0.0675,0.12,19.47658264080909,0.6085451488839173,-99.18185135576645,124.60315561995765,90.57515000731743,93
TQQQ,-0.0675,0.1275,20.884017951234092,0.626284208000155,-99.26997225591239,171.17443362056014,93.35577345236354,80
TQQQ,-0.0675,0.135,25.507009433485738,0.677456600765734,-99.22220283267737,473.5765026398626,95.93150885409044,69
TQQQ,-0.0675,0.1425,26.16161948946869,0.6843678691819335,-99.0643521239199,545.3188820794984,96.10712717693546,68
TQQQ,-0.0675,0.15,24.817812185354192,0.6709012467998132,-99.20640098793902,407.89344610238663,96.53153812381092,62
TQQQ,-0.0675,0.1575,23.693979458457704,0.6597985820405589,-99.10915270580763,319.1821398534178,97.05839309234597,54
TQQQ,-0.0675,0.165,21.367922552563613,0.6362147233845437,-99.34492230434124,190.75872772647267,97.33645543685057,48
TQQQ,-0.0675,0.1725,19.738457045308433,0.6196100135866339,-99.52858826464525,132.2244692339654,97.64378750182937,42
TQQQ,-0.0675,0.18,19.280462620663542,0.6149037531759336,-99.57511479785876,119.17442041661023,97.84867554514854,39
TQQQ,-0.0675,0.1875,18.062590989578588,0.603373340384206,-99.72562838130085,90.22585538921315,98.40480023415776,31
TQQQ,-0.0675,0.195,16.558165351019483,0.5884239210053405,-99.80621558395976,63.72512135631035,98.74140201961072,26
TQQQ,-0.0675,0.2025,16.093182662451476,0.5834446812601624,-99.8261208679583,57.17935950218841,98.7560368798478,25
TQQQ,-0.0675,0.21,15.148285033633613,0.5736000121903556,-99.86068128791963,45.8143230293718,98.81457632079614,24
TQQQ,-0.0675,0.2175,15.281241268430868,0.5753601234653861,-99.87137658138033,47.27053677240689,98.99019464364115,22
TQQQ,-0.0675,0.225,14.98154091972086,0.5728435967567039,-99.86969137437234,44.049035983063234,99.38533587004244,20
TQQQ,-0.0675,0.2325,14.661759863496604,0.5696692029533659,-99.86898813437134,40.84511665977753,99.50241475193911,17
TQQQ,-0.0675,0.24,14.168573213077828,0.5644739331508652,-99.88343976849215,36.33958062487541,99.56095419288746,16
TQQQ,-0.075,0.015,11.009165206590833,0.4510000951666752,-84.5803689845672,16.978857307575154,9.966339821454705,309
TQQQ,-0.075,0.0225,10.757877317298625,0.4459474924146044,-78.6198350275424,15.966930980220864,10.610273671886434,302
TQQQ,-0.075,0.03,7.709159874043414,0.38733255220888374,-86.87902009492596,7.490880185871947,11.868871652275722,290
TQQQ,-0.075,0.0375,5.013806146850808,0.3382446846311237,-90.62554898855231,3.767886457183931,13.01039075076833,277
TQQQ,-0.075,0.045,0.8222642890741039,0.26247842382132086,-95.01090903609224,1.2486287613066704,15.893458217474024,261
TQQQ,-0.075,0.0525,7.261993933614841,0.39254883559326925,-93.98707865904146,6.691786431618262,22.85965169032636,248
TQQQ,-0.075,0.06,6.013418262204673,0.37906576819830423,-96.57312897790274,4.871482365290989,31.669837553051366,226
TQQQ,-0.075,0.0675,3.363414287170663,0.3441714395645532,-98.93978786777005,2.4522129504514942,38.69457046685204,201
TQQQ,-0.075,0.075,9.33927946141444,0.4462446349453922,-98.60261178727396,11.25692950446079,45.016830089272645,184
TQQQ,-0.075,0.0825,13.303492735029598,0.5101536830615002,-97.06138851799166,29.56727663416418,55.14415337333528,167
TQQQ,-0.075,0.09,15.424903665670042,0.5431264480127236,-96.89413121826284,48.89409925128408,61.963998243816775,149
TQQQ,-0.075,0.0975,16.99779315287604,0.5683933490658983,-97.00483025352521,70.57370761367984,74.6963266500805,127
TQQQ,-0.075,0.105,17.49638879237898,0.578227157637421,-98.3304592703319,79.19912589646196,79.90633689448265,109
TQQQ,-0.075,0.1125,20.48200289960651,0.6172360683377187,-98.24526397742775,156.39083432562933,88.57017415483682,98
TQQQ,-0.075,0.12,18.043643952333245,0.5902786751598581,-99.0807042923612,89.83405840714681,89.18483828479438,90
TQQQ,-0.075,0.1275,18.65400943498323,0.5998995480655046,-99.3203370890388,103.31744566299278,92.38987267671594,77
TQQQ,-0.075,0.135,24.945014137926826,0.6707611766207661,-99.09979085178159,419.3160415680552,95.55100248792624,67
TQQQ,-0.075,0.1425,24.276604729965847,0.6637793147095061,-99.09979085178159,362.55635492505127,95.74125567100835,66
TQQQ,-0.075,0.15,22.952875612961133,0.6503063844627868,-99.23645945345658,271.1887775694892,96.1656666178838,60
TQQQ,-0.075,0.1575,21.845834373729268,0.6392502365579465,-99.14289456065741,212.208887286543,96.69252158641885,52
TQQQ,-0.075,0.165,19.554531710978228,0.6156015067621757,-99.36973411739422,126.82632358321189,96.97058393092345,46
TQQQ,-0.075,0.1725,18.74607599930256,0.6078179354769437,-99.54644352048149,105.51333511485332,97.35109029708767,41
TQQQ,-0.075,0.18,17.90438768521423,0.5989444865722235,-99.6260058899876,87.00430407831841,97.62915264159227,38
TQQQ,-0.075,0.1875,16.444285072521183,0.5854608685663673,-99.7992098125242,62.05827018978988,98.30235621249817,30
TQQQ,-0.075,0.195,14.960480876302507,0.5705946641917935,-99.85818500684914,43.830793090822425,98.63895799795111,25
TQQQ,-0.075,0.2025,14.501871792023003,0.5656097871634873,-99.8727520591003,39.3285508456393,98.6535928581882,24
TQQQ,-0.075,0.21,14.501871792023003,0.5656097871634873,-99.8727520591003,39.3285508456393,98.6535928581882,24
TQQQ,-0.075,0.2175,14.634081644269248,0.5673845980933404,-99.882520697138,40.57861354324509,98.82921118103322,22
TQQQ,-0.075,0.225,14.336063737237525,0.5648779865430262,-99.8809814988598,37.81316926260506,99.22435240743451,20
TQQQ,-0.075,0.2325,14.39979801849287,0.5666810912544736,-99.86898813437134,38.3888850517333,99.4292404507537,17
TQQQ,-0.075,0.24,13.907738126332681,0.561485116586757,-99.88343976849215,34.154290586475284,99.48777989170203,16
TQQQ,-0.0825,0.015,11.3231872471532,0.4574654294479578,-83.92809408615753,18.330449183333382,8.356505195375384,260
TQQQ,-0.0825,0.0225,11.826435788279245,0.46707041256349746,-78.7732621959069,20.715122632360526,8.795551002487926,254
TQQQ,-0.0825,0.03,10.724377484978586,0.4450987714696944,-83.20436039923086,15.836498396278184,9.36631055173423,250
TQQQ,-0.0825,0.0375,7.311217868611375,0.37888366033977666,-86.6007228941221,6.775556337376654,10.259037026196399,239
TQQQ,-0.0825,0.045,1.715443632469893,0.27154401727046634,-91.14840273512876,1.5859749193152306,13.112834772427922,226
TQQQ,-0.0825,0.0525,7.314379324289488,0.3872225343219324,-88.41574509533054,6.7809709188069585,17.093516756914973,217
TQQQ,-0.0825,0.06,7.631961486938854,0.3996784415255402,-93.23332087159446,7.346655285772814,24.82072296209571,204
TQQQ,-0.0825,0.0675,4.691693049313073,0.3568171486062731,-98.25198584412392,3.4667419164696978,32.03570905897848,186
TQQQ,-0.0825,0.075,10.09694649455588,0.45290724498476337,-97.30122896161363,13.575001088064582,40.28977023269428,173
TQQQ,-0.0825,0.0825,14.330051356481643,0.5217198113800918,-95.18848477724727,37.75929032468924,52.626957412556706,160
TQQQ,-0.0825,0.09,17.950560645888004,0.574628296920735,-95.01173444377261,87.93291063238625,59.959022391336156,144
TQQQ,-0.0825,0.0975,16.23440791618731,0.5550664116489581,-96.26308826517311,59.09568687899817,66.47153519683887,126
TQQQ,-0.0825,0.105,16.65759400339535,0.5647868445726943,-97.52513198064712,65.21563318566243,72.14986096882775,108
TQQQ,-0.0825,0.1125,23.48468031835431,0.650467633213532,-97.3988414972459,304.8568674694804,87.66281282013757,97
TQQQ,-0.0825,0.12,20.394702774977013,0.6162570601223024,-98.80667146011575,153.34706783146413,88.2921118103322,89
TQQQ,-0.0825,0.1275,20.217216346565703,0.6166847635027237,-99.20644376436752,147.33385007949042,91.6581296648617,77
TQQQ,-0.0825,0.135,27.99229103364187,0.7024846020151704,-98.58337533684876,805.9305037142178,95.1997658422362,67
TQQQ,-0.0825,0.1425,27.30757982636687,0.6954305701668408,-98.58337533684876,696.8376994518396,95.39001902531831,66
TQQQ,-0.0825,0.15,25.95156635466207,0.6817133787159237,-98.79844548159718,521.2281106415691,95.81442997219376,60
TQQQ,-0.0825,0.1575,24.81752554914751,0.6703515589146112,-98.65120599285535,407.86804812884617,96.34128494072881,52
TQQQ,-0.0825,0.165,22.470340435116086,0.6464124359090615,-99.00817471649876,243.76172794966018,96.61934728523343,46
TQQQ,-0.0825,0.1725,21.114897876793947,0.63284874491277,-99.28625553707207,180.26384939132737,97.01448851163471,41
TQQQ,-0.0825,0.18,18.895794140237076,0.6094086904449394,-99.56770570144158,109.18057985121003,97.46816917898434,38
TQQQ,-0.0825,0.1875,17.714004661219107,0.5990900488024004,-99.76790957149196,83.27420503557339,98.25845163178691,30
TQQQ,-0.0825,0.195,16.21402092254749,0.5841096300275219,-99.83607813238774,58.815278601133784,98.59505341723987,25
TQQQ,-0.0825,0.2025,15.750411121079445,0.5791153695737473,-99.85291597412481,52.773849429830136,98.60968827747695,24
TQQQ,-0.0825,0.21,15.750411121079445,0.5791153695737473,-99.85291597412481,52.773849429830136,98.60968827747695,24
TQQQ,-0.0825,0.2175,15.88406260216233,0.5808721958815559,-99.86420739935136,54.45127255279872,98.78530660032196,22
TQQQ,-0.0825,0.225,15.582795079452971,0.5783172539793466,-99.86242826266924,50.740402537631006,99.18044782672325,20
TQQQ,-0.0825,0.2325,15.647224325388919,0.5800565329168714,-99.8485653088149,51.51293897023644,99.38533587004244,17
TQQQ,-0.0825,0.24,15.149798965241201,0.5748458098387542,-99.86526974043035,45.83065864460128,99.44387531099078,16
TQQQ,-0.09,0.015,10.250727896725188,0.4355565272562404,-83.60921865187689,14.098626298387698,7.039367774037758,218
TQQQ,-0.09,0.0225,10.792766809312004,0.4465964346522752,-80.82092746674516,16.103873947332204,7.317430118542367,214
TQQQ,-0.09,0.03,10.071462842181766,0.4315154728877144,-83.14823588943543,13.490058573727888,7.741841065417825,211
TQQQ,-0.09,0.0375,7.621136839029519,0.3817059160426668,-84.63194447443718,7.326647323813442,8.385774915849552,204
TQQQ,-0.09,0.045,2.1806506624721056,0.27142690911809336,-89.84782259657963,1.7948661353505742,9.819991219083859,195
TQQQ,-0.09,0.0525,7.26075328778073,0.38045780762003273,-85.69464642155481,6.689688026593865,12.600614664129958,190
TQQQ,-0.09,0.06,6.663303855780134,0.3742092060619489,-88.94573170814274,5.749496407886058,17.63500658568711,180
TQQQ,-0.09,0.0675,3.107678276950465,0.3184694369759378,-97.26112495424032,2.2929085313280138,25.537831113712866,167
TQQQ,-0.09,0.075,8.024574070203139,0.41234863009353834,-95.37230850380908,8.108993375701607,31.88936045660764,159
TQQQ,-0.09,0.0825,10.940769333569689,0.46483533512249453,-92.99796806220817,16.697472646950533,38.826284208985804,148
TQQQ,-0.09,0.09,12.59218967518947,0.49434874429699965,-93.94364585815244,24.925891584477196,44.72413288453095,135
TQQQ,-0.09,0.0975,11.292468971644908,0.48132007519394204,-97.07055233399065,18.193792401347206,52.24645104639251,121
TQQQ,-0.09,0.105,13.127858868829833,0.5160512383718365,-96.93564552373134,28.34934788506945,67.21791306893019,105
TQQQ,-0.09,0.1125,24.32199833406219,0.6593229477752804,-96.77927403034484,366.1643374001492,86.40421483974828,94
TQQQ,-0.09,0.12,22.22569505017016,0.6361815565511106,-97.83967567944572,230.89712659003354,86.9603395287575,88
TQQQ,-0.09,0.1275,21.683368992062046,0.6321409608472431,-98.6746136755923,204.6687037797759,90.42880140494658,76
TQQQ,-0.09,0.135,28.821919383989968,0.7109237134714446,-98.18912825320594,960.2431655758049,94.89243377725742,66
TQQQ,-0.09,0.1425,28.132769973251538,0.7038270688348103,-98.18912825320594,830.2622066424086,95.08268696033953,65
TQQQ,-0.09,0.15,25.170762659190714,0.6732823165225826,-98.68223943134562,440.35083859761806,95.63881164934875,59
TQQQ,-0.09,0.1575,23.15804886617938,0.6524744317790819,-98.78198125235753,283.73048516880493,96.1510317576467,51
TQQQ,-0.09,0.165,20.842070098774435,0.628533504145063,-99.10433929622229,169.57109941324708,96.42909410215132,45
TQQQ,-0.09,0.1725,19.718755449732583,0.6175566821090804,-99.4787954605741,131.635818527717,96.92667935021221,40
TQQQ,-0.09,0.18,17.525232256370373,0.5941006544801563,-99.68432154296191,79.72799340840105,97.38036001756183,37
TQQQ,-0.09,0.1875,16.357065762306668,0.5839190534069556,-99.83051835610821,60.810130145983706,98.17064247036441,29
TQQQ,-0.09,0.195,14.874372967806071,0.5689981080484717,-99.88029774527399,42.94925114901299,98.50724425581735,24
TQQQ,-0.09,0.2025,14.416107391737043,0.5639959350444654,-99.89259340570055,38.53755974928415,98.52187911605445,23
TQQQ,-0.09,0.21,14.416107391737043,0.5639959350444654,-99.89259340570055,38.53755974928415,98.52187911605445,23
TQQQ,-0.09,0.2175,14.886150587338044,0.5694661190337665,-99.89259340570055,43.06881017250946,98.6682277184253,22
TQQQ,-0.09,0.225,14.587477368572088,0.5669367218193903,-99.89118617871684,40.133658269435855,99.06336894482658,20
TQQQ,-0.09,0.2325,14.651351795172364,0.5687269676955483,-99.88022112868235,40.74470413498418,99.26825698814577,17
TQQQ,-0.09,0.24,14.158209912253717,0.5635093999146484,-99.89343367561756,36.250244387427934,99.3267964290941,16
TQQQ,-0.0975,0.015,8.53128149462874,0.3977653535320138,-82.0837939590819,9.20608067479952,5.663690911751792,179
TQQQ,-0.0975,0.0225,9.367814923693185,0.41648445981914445,-80.17621591008951,11.336861419461796,5.912483535782234,176
TQQQ,-0.0975,0.03,8.550619740420085,0.3982044086128932,-82.58175765889129,9.250662574101291,6.234450460998097,174
TQQQ,-0.0975,0.0375,7.379206463836141,0.37370751984499423,-79.6738045548741,6.8929227435676825,6.907654031903995,170
TQQQ,-0.0975,0.045,2.193857621570161,0.2625356437806445,-86.17451141902784,1.8011671464747068,7.829650226840333,163
TQQQ,-0.0975,0.0525,6.14127917294649,0.3522092742140933,-80.51861244279189,5.033328981935745,8.780916142250842,161
TQQQ,-0.0975,0.06,6.624328215583697,0.3650251762785364,-82.21155947201433,5.692800965836656,11.09322405971023,157
TQQQ,-0.0975,0.0675,3.1015354116502136,0.3036093083036748,-91.08686327980297,2.289207354960913,16.610566369091178,150
TQQQ,-0.0975,0.075,7.01817428286684,0.3849699957539114,-84.94007710636467,6.291344580116184,22.59622420605883,144
TQQQ,-0.0975,0.0825,8.50674483886673,0.4156256766092022,-83.62716513766703,9.149812273486756,25.58173569442412,137
TQQQ,-0.0975,0.09,10.50752559385144,0.454017880917721,-85.69778733419705,15.016668078648786,30.44050929313625,126
TQQQ,-0.0975,0.0975,11.06694828594006,0.46878185434485586,-92.24391376454396,17.22013424852996,38.650665886140786,115
TQQQ,-0.0975,0.105,12.60735407750333,0.5013611886007221,-93.41897893210857,25.017080609827048,54.207522318161864,101
TQQQ,-0.0975,0.1125,22.651464384029097,0.637558457967494,-93.08315482939337,253.72795700677767,76.96472998682863,91
TQQQ,-0.0975,0.12,21.72757582943774,0.6278342119353428,-95.44728506705484,206.69443626363798,80.68198448704815,86
TQQQ,-0.0975,0.1275,21.61599644320418,0.6283957670678577,-97.39771034346775,201.6181582562648,84.13581150300014,75
TQQQ,-0.0975,0.135,26.654883297472143,0.6866273820594432,-97.74485560834879,606.1805853350701,89.00921996194936,65
TQQQ,-0.0975,0.1425,25.97732672473225,0.6793657533978654,-97.74485560834879,524.1264384342599,89.19947314503146,64
TQQQ,-0.0975,0.15,22.697757943778484,0.6442056219606273,-98.35894487768051,256.3375268389419,89.79950241475194,58
TQQQ,-0.0975,0.1575,20.22668490237518,0.6186220785340822,-98.61947201427184,147.6488258910764,91.99473145031465,50
TQQQ,-0.0975,0.165,17.258664051867555,0.5865723360258007,-99.13755875809404,74.96707856601628,92.30206351529343,44
TQQQ,-0.0975,0.1725,16.16865975991142,0.5756857917402441,-99.49812659149435,58.19595900372213,92.79964876335431,39
TQQQ,-0.0975,0.18,13.154896746172607,0.5419763410530714,-99.75393005422237,28.533642615500543,93.32650373188936,36
TQQQ,-0.0975,0.1875,16.15346036387997,0.5810656965627351,-99.85484509521991,57.98984890281675,97.9803892872823,28
TQQQ,-0.0975,0.195,14.673362033713676,0.5660991563830328,-99.89747934355765,40.9573302777231,98.31699107273526,23
TQQQ,-0.0975,0.2025,14.673362033713676,0.5660991563830328,-99.89747934355765,40.9573302777231,98.31699107273526,23
TQQQ,-0.0975,0.21,14.673362033713676,0.5660991563830328,-99.89747934355765,40.9573302777231,98.31699107273526,23
TQQQ,-0.0975,0.2175,15.144462080458743,0.5715849042163996,-99.89747934355765,45.77309758012866,98.4633396751061,22
TQQQ,-0.0975,0.225,14.845117321000556,0.5690318845047513,-99.89613613148511,42.65364770599137,98.85848090150739,20
TQQQ,-0.0975,0.2325,14.454661442220896,0.5659131869602758,-99.88566988278976,38.89122303628507,99.09263866530075,17
TQQQ,-0.0975,0.24,13.96236556983319,0.5606792283363399,-99.89828138950318,34.60121675986856,99.15117810624908,16
TQQQ,-0.105,0.015,4.727205291872139,0.30569101529728226,-80.19687696423766,3.498769417547753,4.7855992975267085,150
TQQQ,-0.105,0.0225,4.96002725515039,0.31257339335880957,-78.08839469303356,3.7159140561572483,4.946582760134641,148
TQQQ,-0.105,0.03,4.500962868450564,0.3016926140708039,-78.08839469303356,3.2995007860816985,5.2100102444021665,147
TQQQ,-0.105,0.0375,3.632633593524859,0.28503863537755225,-74.43028043451207,2.6314175956981227,5.81003951412264,144
TQQQ,-0.105,0.045,0.3645868780341788,0.2109129354845881,-85.70640305303567,1.103711119474412,6.439338504317284,138
TQQQ,-0.105,0.0525,3.295568732463239,0.2848950780909136,-79.30516928669104,2.4089410554937545,7.317430118542367,136
TQQQ,-0.105,0.06,3.7194411018169893,0.29946860158171396,-78.2971951397142,2.691842904170275,9.67364261671301,134
TQQQ,-0.105,0.0675,0.3771783325311473,0.2391073750851069,-93.92719800692126,1.1074718594450124,14.678764817795988,128
TQQQ,-0.105,0.075,3.126546464387414,0.30568083199406487,-89.73919814818464,2.3043129949779044,20.415630030733205,122
TQQQ,-0.105,0.0825,4.7430607061767605,0.3420925466302875,-85.96067805557892,3.5131608183316407,22.098638957997952,115
TQQQ,-0.105,0.09,6.071440846916909,0.37303209997756026,-89.57231197467877,4.944296399272571,25.83052831845456,109
TQQQ,-0.105,0.0975,8.608515074412693,0.4234684141238724,-93.44088318321673,9.385379595088326,32.650373188936044,102
TQQQ,-0.105,0.105,7.563313703380903,0.42029834124206655,-95.53954330158103,7.220654513197201,47.504756329577056,91
TQQQ,-0.105,0.1125,12.548976174132553,0.5027375830157026,-95.31192985786255,24.66778575179422,64.87633543099663,83
TQQQ,-0.105,0.12,10.102798984171212,0.4705997264370778,-96.91428007764245,13.59458130987188,65.4763647007171,79
TQQQ,-0.105,0.1275,11.671090659259464,0.49900988741411934,-98.59500267422719,19.948831049807076,71.65227572076687,69
TQQQ,-0.105,0.135,15.986473325895378,0.5600561832228766,-98.71543997040571,55.77123108354509,78.67700863456754,61
TQQQ,-0.105,0.1425,15.365988783137485,0.5526587502373473,-98.71543997040571,48.221895293387874,78.86726181764963,60
TQQQ,-0.105,0.15,12.676853388542654,0.5212930357767762,-98.88667411997254,25.43913183162263,79.56973510902971,55
TQQQ,-0.105,0.1575,11.741199300442684,0.5139795537032991,-98.89849411829657,20.291222930545704,83.36016391043466,49
TQQQ,-0.105,0.165,8.72509904344918,0.478099131701841,-99.35463108240275,9.662416070839079,83.62359139470217,44
TQQQ,-0.105,0.1725,7.714420424867119,0.46759989289273357,-99.62444572142405,7.500806757999493,84.12117664276306,39
TQQQ,-0.105,0.18,4.209567709299078,0.42441042308580634,-99.84684521198673,3.0589039573878436,84.67730133177228,36
TQQQ,-0.105,0.1875,10.331222599281787,0.5105756779929587,-99.86482586478935,14.38041227557889,92.00936631055173,28
TQQQ,-0.105,0.195,8.92531477851759,0.49581666881216624,-99.90452860620303,10.15666200627224,92.34596809600468,23
TQQQ,-0.105,0.2025,8.92531477851759,0.49581666881216624,-99.90452860620303,10.15666200627224,92.34596809600468,23
TQQQ,-0.105,0.21,8.92531477851759,0.49581666881216624,-99.90452860620303,10.15666200627224,92.34596809600468,23
TQQQ,-0.105,0.2175,9.37280075061977,0.5014668194092716,-99.90452860620303,11.350883418159443,92.49231669837553,22
TQQQ,-0.105,0.225,14.793885151355912,0.5678198803109002,-99.90327775263673,42.14070411135839,98.7560368798478,20
TQQQ,-0.105,0.2325,14.154356985654747,0.5621358088088798,-99.89353115731198,36.21708442562568,99.03409922435242,17
TQQQ,-0.105,0.24,13.663352791933203,0.5568944477211696,-99.90527550392069,32.22205656665401,99.09263866530075,16
TQQQ,-0.1125,0.015,2.9379121867304514,0.2549752569448928,-78.2558361969248,2.192712857810908,4.039221425435388,122
TQQQ,-0.1125,0.0225,3.1667563227339546,0.2628701205048408,-76.70671490616347,2.328799516936185,4.200204888043319,120
TQQQ,-0.1125,0.03,2.593669717988978,0.24844262571484654,-76.70671490616347,2.002326940833163,4.44899751207376,120
TQQQ,-0.1125,0.0375,2.404227232552869,0.24845940079939466,-72.81793098842478,1.9044530059800346,4.902678179423386,119
TQQQ,-0.1125,0.045,0.4675244795807387,0.20177255583231532,-74.06472159509565,1.134820188969649,5.2100102444021665,116
TQQQ,-0.1125,0.0525,3.2314146123186394,0.27555789422771076,-62.449885911605804,2.3687006863635003,5.9710229767305725,114
TQQQ,-0.1125,0.06,4.677460126961508,0.31365722492671616,-65.22381471067835,3.453985065286145,8.195521732767453,113
TQQQ,-0.1125,0.0675,-0.1046148093873045,0.21509506827388325,-89.13441854393848,0.9720177273524343,11.254207522318161,107
TQQQ,-0.1125,0.075,4.502346732334805,0.32282680492674565,-79.61089280301745,3.300685755923931,16.230060002926972,104
TQQQ,-0.1125,0.0825,7.561671436332373,0.3874606696129198,-79.29711047195184,7.217665825935182,17.869164349480464,100
TQQQ,-0.1125,0.09,8.866434570645353,0.41580962933634014,-84.39340320809055,10.008839672831694,21.35226108590663,94
TQQQ,-0.1125,0.0975,8.788526946690878,0.41857833609397854,-84.70905501226788,9.816429626000025,26.693985072442562,88
TQQQ,-0.1125,0.105,7.5379719266433165,0.4095936632195622,-90.43082469189697,7.174668593548103,41.372749890238545,80
TQQQ,-0.1125,0.1125,6.992100864700923,0.40437466453662235,-90.43082469189697,6.249914688891986,44.343626518366754,76
TQQQ,-0.1125,0.12,5.423290459504382,0.3809818871443133,-90.17346892076611,4.187230233215935,44.548514561685934,74
TQQQ,-0.1125,0.1275,14.043197984136402,0.5217981962766116,-94.6097303163054,35.27288352005213,64.45192448412118,65
TQQQ,-0.1125,0.135,17.192237376108466,0.5690048647855278,-96.36913029272685,73.82401627098419,71.82789404361188,58
TQQQ,-0.1125,0.1425,16.565302443629104,0.5611916388083938,-96.36913029272685,63.83100952933948,72.01814722669398,57
TQQQ,-0.1125,0.15,15.10170589474673,0.5442806133176616,-96.05688461727073,45.31445666036952,73.11576174447534,54
TQQQ,-0.1125,0.1575,13.49082714526617,0.5279426562470768,-96.66245837069684,30.921845320631295,76.95009512659155,48
TQQQ,-0.1125,0.165,9.598631574650396,0.47995622452333137,-98.40586790856986,12.003815301116031,77.2720620518074,43
TQQQ,-0.1125,0.1725,8.042529894477868,0.4620747954862629,-99.07233969404548,8.145620557188764,77.78428216010536,38
TQQQ,-0.1125,0.18,3.3891688654719587,0.4032272489617779,-99.7188379070869,2.4688344529075406,78.63310405385629,35
TQQQ,-0.1125,0.1875,10.45410671944782,0.5072372812891304,-99.8036776269827,14.821077228914374,88.71652275720767,27
TQQQ,-0.1125,0.195,7.4285260701494105,0.4732192055990196,-99.90755127732818,6.979284313728425,89.21410800526854,22
TQQQ,-0.1125,0.2025,7.4285260701494105,0.4732192055990196,-99.90755127732818,6.979284313728425,89.21410800526854,22
TQQQ,-0.1125,0.21,7.4285260701494105,0.4732192055990196,-99.90755127732818,6.979284313728425,89.21410800526854,22
TQQQ,-0.1125,0.2175,9.332445644775333,0.49747144173763985,-99.90755127732818,11.237867720217173,89.88731157617444,21
TQQQ,-0.1125,0.225,14.56441736362748,0.5637097537459861,-99.90755127732818,39.91523390883541,98.39016537392068,20
TQQQ,-0.1125,0.2325,13.926167585822835,0.5579850072623341,-99.89823532042337,34.30444333641884,98.6682277184253,17
TQQQ,-0.1125,0.24,13.436144887291125,0.5527061783237159,-99.90946076102455,30.520394758545383,98.72676715937362,16
TQQQ,-0.12,0.015,2.7590701011418917,0.24543402857813837,-76.50281280819495,2.091725673443866,3.2782086931069805,101
TQQQ,-0.12,0.0225,3.889971026885375,0.27770576729796986,-74.82880072470056,2.8144605226724932,3.395287575003659,100
TQQQ,-0.12,0.03,3.3128669975932334,0.2624679092326785,-74.82880072470056,2.4199035114335024,3.644080199034099,100
TQQQ,-0.12,0.0375,3.7240007190439073,0.276469084074137,-70.62650145529086,2.6950534444585403,3.8928728230645393,99
TQQQ,-0.12,0.045,2.2553432238527016,0.2392292882540455,-72.73315118417112,1.830783337320416,4.127030586857895,96
TQQQ,-0.12,0.0525,4.0323910339644,0.28876158023132725,-63.970065083928354,2.920972145845537,4.72705985657837,94
TQQQ,-0.12,0.06,5.489656470045001,0.32760925435468136,-67.10109315367549,4.2592946529501114,6.9515586126152495,93
TQQQ,-0.12,0.0675,1.6392569874190688,0.24322843550224463,-81.84190246364281,1.5540773585480225,9.702912337187179,88
TQQQ,-0.12,0.075,4.845398141407142,0.3222021688180821,-80.66604810144756,3.6074297793472194,14.327528172105957,86
TQQQ,-0.12,0.0825,8.636900839930295,0.40369691360088295,-79.29711047195185,9.452118993531906,15.147080345382701,85
TQQQ,-0.12,0.09,10.195786004798691,0.4365760063711661,-84.39340320809056,13.909354264500323,18.308210156593006,80
TQQQ,-0.12,0.0975,9.427585012352434,0.42260438998888666,-84.39340320809055,11.506061409713155,19.288745792477684,79
TQQQ,-0.12,0.105,6.644602980283265,0.376930060675392,-90.43082469189697,5.722225871991735,22.318161861554223,74
TQQQ,-0.12,0.1125,6.485075416920938,0.3777703037339344,-90.43082469189697,5.494604369545271,25.318308210156594,71
TQQQ,-0.12,0.12,4.917928749830502,0.35106872571104064,-90.17346892076611,3.675712167926812,25.46465681252744,69
TQQQ,-0.12,0.1275,13.49651550762918,0.5050296598009539,-94.85111177252998,30.963897357261466,45.36806673496268,60
TQQQ,-0.12,0.135,17.750236680447394,0.5727869502939412,-93.17499440913592,83.97200706670108,65.85687106688131,54
TQQQ,-0.12,0.1425,17.750236680447394,0.5727869502939412,-93.17499440913592,83.97200706670108,65.85687106688131,54
TQQQ,-0.12,0.15,16.27176207074157,0.5545626246163985,-93.80664997277167,59.61281049705566,66.95448558466268,51
TQQQ,-0.12,0.1575,14.089830369617884,0.5306038555771726,-94.79497503435013,35.6660628146867,71.54983169910727,45
TQQQ,-0.12,0.165,10.177091837467223,0.48089018003760253,-97.48143191822875,13.845513620102409,71.87179862432313,40
TQQQ,-0.12,0.1725,8.6127770712922,0.46227869595054555,-98.53439018644485,9.395371183215296,72.3840187326211,35
TQQQ,-0.12,0.18,3.9348556585921957,0.401432615574863,-99.55579222272623,2.847618043600833,73.23284062637202,32
TQQQ,-0.12,0.1875,11.108111516079,0.5091613775383362,-99.75787572595878,17.39402446716359,86.72618176496415,25
TQQQ,-0.12,0.195,7.077900699447004,0.46609216390095864,-99.91108971685557,6.3872474022713295,88.52626957412556,20
TQQQ,-0.12,0.2025,7.077900699447004,0.46609216390095864,-99.91108971685557,6.3872474022713295,88.52626957412556,20
TQQQ,-0.12,0.21,7.077900699447004,0.46609216390095864,-99.91108971685557,6.3872474022713295,88.52626957412556,20
TQQQ,-0.12,0.2175,8.975606258754443,0.49061041204326117,-99.91108971685557,10.284584805040078,89.19947314503146,19
TQQQ,-0.12,0.225,13.513622671212499,0.5503036197610405,-99.91108971685557,31.090696690658547,97.96575442704523,18
TQQQ,-0.12,0.2325,13.762313274756055,0.554796561917321,-99.90213032464085,32.99145387849173,98.27308649202399,16
TQQQ,-0.12,0.24,13.27299535137283,0.5494821988749544,-99.91292611579325,29.352238313715397,98.33162593297234,15
TQQQ,-0.1275,0.015,1.3530032347793375,0.2032026619621983,-72.46141168108177,1.4396617575398232,2.765988584809015,85
TQQQ,-0.1275,0.0225,2.5349084316664827,0.23847481274273452,-70.49947771715928,1.9714615324118607,2.8391628859944387,84
TQQQ,-0.1275,0.03,1.9653317130080339,0.22313690744682818,-70.49947771715928,1.695083887838452,3.0879555100248792,84
TQQQ,-0.1275,0.0375,2.960964820246881,0.2526135561796765,-65.57440355281314,2.206066763972758,3.2782086931069805,84
TQQQ,-0.1275,0.045,1.8100715734038708,0.2223741853448717,-65.57440355281312,1.6264720636579582,3.3513829942924045,83
TQQQ,-0.1275,0.0525,2.9832132753427443,0.257967659760062,-58.86233895197714,2.219029081669359,3.775793941167862,81
TQQQ,-0.1275,0.06,3.045641669556809,0.2632532142808213,-58.86233895197711,2.2557937866496833,4.244109468754574,80
TQQQ,-0.1275,0.0675,0.8792778750237984,0.21195142912287124,-75.6292175589939,1.2679162743681611,4.97585248060881,78
TQQQ,-0.1275,0.075,2.246332661758932,0.2512679476232105,-76.71205143866918,1.8264140150063446,5.663690911751792,77
TQQQ,-0.1275,0.0825,4.814473325558177,0.31386724977601127,-76.71205143866916,3.57868924880357,5.941753256256402,76
TQQQ,-0.1275,0.09,5.769606298663654,0.33860581983213506,-80.5289769420042,4.576646893278444,7.3027952583052835,72
TQQQ,-0.1275,0.0975,4.627785820671115,0.31588253184538034,-81.06454692727621,3.409815689808734,8.195521732767453,71
TQQQ,-0.1275,0.105,0.15047342839529243,0.2292574576851566,-87.59164297856717,1.0416128435240082,10.112688423825553,67
TQQQ,-0.1275,0.1125,-0.2927991874216218,0.22039726865480672,-87.59164297856717,0.9235695322629753,10.156593004536807,66
TQQQ,-0.1275,0.12,-1.7601955040092765,0.19134927772780452,-89.18302504838525,0.6178380715600901,10.302941606907654,64
TQQQ,-0.1275,0.1275,6.324050330360942,0.3750266370060511,-92.25978853982586,5.273701824152785,29.85511488365286,56
TQQQ,-0.1275,0.135,5.180066674747996,0.3715887492516951,-95.83289419883421,3.9330277862952014,38.5482218644812,52
TQQQ,-0.1275,0.1425,5.180066674747996,0.3715887492516951,-95.83289419883421,3.9330277862952014,38.5482218644812,52
TQQQ,-0.1275,0.15,3.8205050265247342,0.3541724790618683,-95.75292566857406,2.763876007040498,39.73364554368506,49
TQQQ,-0.1275,0.1575,11.582950539688031,0.48638013013783354,-96.93405635528988,19.526267682425434,53.6953022098639,44
TQQQ,-0.1275,0.165,6.657658813342904,0.4184706628121495,-98.89083743558714,5.7412513677583705,54.061173715791014,39
TQQQ,-0.1275,0.1725,10.16094400127352,0.4822794405573294,-97.84876697577708,13.790595953460107,72.26693985072443,35
TQQQ,-0.1275,0.18,5.416343479287522,0.4210762196868492,-99.34798850877642,4.179755020135614,73.11576174447534,32
TQQQ,-0.1275,0.1875,12.691846952554986,0.5280080857616762,-99.64460818325172,25.531078948725717,86.60910288306746,25
TQQQ,-0.1275,0.195,7.706477082744523,0.4736418202464637,-99.89579758356409,7.485822675982896,88.51163471388848,20
TQQQ,-0.1275,0.2025,7.706477082744523,0.4736418202464637,-99.89579758356409,7.485822675982896,88.51163471388848,20
TQQQ,-0.1275,0.21,7.706477082744523,0.4736418202464637,-99.89579758356409,7.485822675982896,88.51163471388848,20
TQQQ,-0.1275,0.2175,9.61532268952434,0.4981460316901745,-99.89579758356409,12.053483026078004,89.18483828479438,19
TQQQ,-0.1275,0.225,14.179978491858858,0.5576872737656153,-99.89579758356409,36.43814426481668,97.95111956680815,18
TQQQ,-0.1275,0.2325,14.430128976844925,0.5621223013223995,-99.88529721976415,38.66582238061324,98.25845163178691,16
TQQQ,-0.1275,0.24,13.937938624243774,0.5567986225611736,-99.89794983412588,34.40067956057704,98.31699107273526,15
TQQQ,-0.135,0.015,2.471855629205333,0.22720979858250465,-72.3719107594675,1.9388516992755433,2.3854822186448117,71
TQQQ,-0.135,0.0225,2.721636505176317,0.23715865539333447,-70.48652085902927,2.071162384261267,2.4732913800673204,70
TQQQ,-0.135,0.03,1.9620888055894126,0.21534142941324552,-72.44144719834537,1.6936227077502608,2.7074491438606763,70
TQQQ,-0.135,0.0375,2.9576902476933453,0.2462079365945553,-66.04802400735947,2.2041651112865055,2.8977023269427775,70
TQQQ,-0.135,0.045,1.8068336038817856,0.21445875956670027,-67.85705444177384,1.6250700276817627,2.970876628128201,69
TQQQ,-0.135,0.0525,3.587374143608524,0.26785108428398957,-61.497036098232236,2.6004335039155704,3.3513829942924045,68
TQQQ,-0.135,0.06,3.482837838794528,0.2665325434183914,-64.37528536672224,2.53020638658715,3.541636177374506,67
TQQQ,-0.135,0.0675,2.1366298252531557,0.23116136603554868,-71.04298223644405,1.7740168366325533,3.6294453387970145,65
TQQQ,-0.135,0.075,3.6943853820136097,0.2761276226481754,-65.9638156010149,2.674266177241009,4.068491145909556,64
TQQQ,-0.135,0.0825,6.704328383034697,0.35245894457159055,-64.13427141985923,5.809759564841117,4.288014049465827,64
TQQQ,-0.135,0.09,8.372594678920308,0.3930501888140518,-63.66996799504477,8.847982195029667,5.268549685350505,62
TQQQ,-0.135,0.0975,6.719227985578091,0.354713279168522,-64.88912402538662,5.83179662878071,5.8978486755451485,61
TQQQ,-0.135,0.105,4.799072403548932,0.3145560097122122,-68.61722609253276,3.564458514263525,7.332064978779453,58
TQQQ,-0.135,0.1125,4.33522478137347,0.30450684387869037,-68.61722609253276,3.160507575589687,7.375969559490707,57
TQQQ,-0.135,0.12,2.6991513184731364,0.26895152855191323,-75.66007545412035,2.0589044076272365,7.44914386067613,55
TQQQ,-0.135,0.1275,6.989822518141753,0.37673606169507085,-79.9054815599696,6.246306973356484,24.176789111663986,51
TQQQ,-0.135,0.135,7.152173771353487,0.3905870301281246,-82.15857389082784,6.508473091923857,31.011268842382556,48
TQQQ,-0.135,0.1425,7.152173771353487,0.3905870301281246,-82.15857389082784,6.508473091923857,31.011268842382556,48
TQQQ,-0.135,0.15,3.50222426012059,0.3338518341690848,-88.93085004766506,2.54309062876269,32.86989609249232,45
TQQQ,-0.135,0.1575,10.71084161601421,0.4656038136357752,-92.24618140236262,15.784087710350597,46.977901361042,40
TQQQ,-0.135,0.165,5.315796684966423,0.3872510483424157,-96.60345519308245,4.072991559224522,47.34377286696912,36
TQQQ,-0.135,0.1725,5.950612253693044,0.41902070835026684,-96.67344154604042,4.79382968460485,68.13990926386653,32
TQQQ,-0.135,0.18,3.528012285252524,0.3864440273682955,-98.22332474162624,2.560327350736111,68.62285965169033,30
TQQQ,-0.135,0.1875,10.673189096567626,0.4972723070589312,-99.03158785336707,15.639174882576027,82.11620079028246,23
TQQQ,-0.135,0.195,4.938628948439239,0.4324611136839559,-99.77117101330643,3.6954271521131132,84.0919069222889,18
TQQQ,-0.135,0.2025,4.938628948439239,0.4324611136839559,-99.77117101330643,3.6954271521131132,84.0919069222889,18
TQQQ,-0.135,0.21,4.938628948439239,0.4324611136839559,-99.77117101330643,3.6954271521131132,84.0919069222889,18
TQQQ,-0.135,0.2175,4.938628948439239,0.4324611136839559,-99.77117101330643,3.6954271521131132,84.0919069222889,18
TQQQ,-0.135,0.225,9.308535543298003,0.49474911150185263,-99.77117101330643,11.17141886685284,92.85818820430265,17
TQQQ,-0.135,0.2325,12.354439980084742,0.534137440717586,-99.74811216601249,23.53739284313254,93.88262842089858,15
TQQQ,-0.135,0.24,11.871177644154907,0.5287389678728706,-99.77589736545842,20.94103420115025,93.94116786184692,14
TQQQ,-0.1425,0.015,2.9803394434354313,0.23781164094659554,-69.73840808372702,2.2173506233656908,1.9757061320064395,59
TQQQ,-0.1425,0.0225,3.054442264973667,0.2421240201805289,-71.44936641979874,2.261023490491492,2.0488804331918633,58
TQQQ,-0.1425,0.03,2.29243372210326,0.21886262692758734,-73.34051538680129,1.8488751801172612,2.2830381969852187,58
TQQQ,-0.1425,0.0375,3.748661584661739,0.2647404912390224,-63.54975606774872,2.712481790444507,2.414751939118981,58
TQQQ,-0.1425,0.045,2.79633285647769,0.23659217325376408,-63.54975606774871,2.1123903278314273,2.4586565198302357,57
TQQQ,-0.1425,0.0525,4.746967602792873,0.2951623347950764,-57.45354720636371,3.5167157160050815,2.692814283623591,57
TQQQ,-0.1425,0.06,4.641261081856363,0.29292052599205054,-63.55780663476891,3.421743548162019,2.8830674667056932,56
TQQQ,-0.1425,0.0675,3.6481428238939406,0.2652621880151874,-63.55780663476891,2.6421165977636467,2.970876628128201,55
TQQQ,-0.1425,0.075,4.889808946429275,0.3014663204522134,-63.84639682482894,3.6490929174836872,3.3074784135811504,54
TQQQ,-0.1425,0.0825,6.926679403158209,0.3562085706183249,-63.5578066347689,6.147115444052357,3.4538270159519975,54
TQQQ,-0.1425,0.09,7.107003957881486,0.36138410615773947,-62.63716001988301,6.434487246701056,4.478267232547929,52
TQQQ,-0.1425,0.0975,5.496220532191631,0.32114595739690216,-62.63716001988301,4.266486894696749,4.902678179423386,51
TQQQ,-0.1425,0.105,5.51177847840143,0.3248448104665786,-67.41219852067738,4.2835804808687215,5.912483535782234,50
TQQQ,-0.1425,0.1125,5.044776372025428,0.313950469462027,-67.41219852067738,3.798133294653016,5.956388116493487,49
TQQQ,-0.1425,0.12,3.3975764795759256,0.27556301798882044,-75.66007545412035,2.474284017388502,6.029562417678911,47
TQQQ,-0.1425,0.1275,9.857005066556802,0.427880155254977,-78.6553851876922,12.79522180740273,21.952290355627106,44
TQQQ,-0.1425,0.135,9.960269977630443,0.4348602234278934,-81.0486442290699,13.125381063616643,28.845309527294017,41
TQQQ,-0.1425,0.1425,9.960269977630443,0.4348602234278934,-81.0486442290699,13.125381063616643,28.845309527294017,41
TQQQ,-0.1425,0.15,5.514273111003631,0.35732537849965756,-85.48232683694461,4.286327473808194,30.045368066734962,38
TQQQ,-0.1425,0.1575,6.712146060071533,0.3930578943466627,-89.02675921714062,5.821312178649296,42.98258451631787,35
TQQQ,-0.1425,0.165,4.579578751165325,0.35939933459153944,-89.92421316603358,3.3674713971892944,43.05575881750329,33
TQQQ,-0.1425,0.1725,2.734002283306358,0.33226675630788904,-94.50451327579539,2.0779336110956677,43.52407434509,30
TQQQ,-0.1425,0.18,-0.9440827694332077,0.27473011080914445,-97.95510101702418,0.7732098249469952,44.387531099078004,29
TQQQ,-0.1425,0.1875,3.922296694576044,0.3759848901743527,-99.2179008680717,2.8383026730625867,57.93941167861847,22
TQQQ,-0.1425,0.195,-1.5233589409202053,0.3365802315855896,-99.81826732727473,0.6595229552386629,81.41372749890239,17
TQQQ,-0.1425,0.2025,-1.5233589409202053,0.3365802315855896,-99.81826732727473,0.6595229552386629,81.41372749890239,17
TQQQ,-0.1425,0.21,-1.5233589409202053,0.3365802315855896,-99.81826732727473,0.6595229552386629,81.41372749890239,17
TQQQ,-0.1425,0.2175,-1.5233589409202053,0.3365802315855896,-99.81826732727473,0.6595229552386629,81.41372749890239,17
TQQQ,-0.1425,0.225,2.5774543393357385,0.402675556409288,-99.81826732727473,1.9937633410153106,90.18000878091614,16
TQQQ,-0.1425,0.2325,5.435795837861357,0.44414020422416595,-99.79995432414852,4.200718955490569,91.20444899751207,14
TQQQ,-0.1425,0.24,4.982292184634574,0.43867782881517675,-99.82202092781823,3.737346778490632,91.26298843846041,13
TQQQ,-0.15,0.015,5.2478544352648315,0.30963761327067496,-51.588059657176764,4.002340815020642,1.6391043465534902,50
TQQQ,-0.15,0.0225,4.88043891761849,0.29725460525167674,-55.99298861629336,3.6402642139988433,1.6976437875018295,49
TQQQ,-0.15,0.03,4.267368682172856,0.27731559157910557,-55.99298861629336,3.105243620185032,1.887896970583931,49
TQQQ,-0.15,0.0375,4.881058945396721,0.2970708396426296,-55.485780265008344,3.6408477853482886,1.990340992243524,49
TQQQ,-0.15,0.045,4.881058945396721,0.2970708396426296,-55.485780265008344,3.6408477853482886,1.990340992243524,49
TQQQ,-0.15,0.0525,6.433867925004999,0.34484230398160054,-55.485780265008344,5.423406425268733,2.034245572954778,49
TQQQ,-0.15,0.06,5.836007618628147,0.3261193477468307,-63.5578066347689,4.655195470192489,2.1805941753256253,48
TQQQ,-0.15,0.0675,4.755095228394146,0.29341330756941847,-66.09738123843893,3.5241221720723583,2.2976730572223034,48
TQQQ,-0.15,0.075,5.659922123916461,0.3201839579053173,-63.5578066347689,4.449685428174668,2.487926240304405,47
TQQQ,-0.15,0.0825,7.7117475204562025,0.37788784096650246,-63.5578066347689,7.495761449551923,2.6342748426752527,47
TQQQ,-0.15,0.09,6.749559794768856,0.35079494029894365,-62.63716001988302,5.876907529464368,3.1611298112103032,46
TQQQ,-0.15,0.0975,5.100210177205833,0.30667949055415766,-62.63716001988302,3.852857164588802,3.6587150592711835,46
TQQQ,-0.15,0.105,5.402218333574127,0.31651123200441394,-63.60437181263683,4.1645954450148555,4.0831260061466415,45
TQQQ,-0.15,0.1125,5.3113624186884145,0.31588933041103834,-63.60437181263683,4.068344118136132,4.814869018000878,45
TQQQ,-0.15,0.12,3.659982208829926,0.2754805334576808,-75.66007545412033,2.65031215279146,4.888043319186302,43
TQQQ,-0.15,0.1275,3.0533735719401323,0.2665103884729721,-75.66007545412033,2.2603878033756315,6.000292697204742,40
TQQQ,-0.15,0.135,4.107515819660845,0.3058567449995313,-80.70542119100597,2.9787090465670603,12.410361481047856,37
TQQQ,-0.15,0.1425,4.107515819660845,0.3058567449995313,-80.70542119100597,2.9787090465670603,12.410361481047856,37
TQQQ,-0.15,0.15,7.040370261452589,0.38103097830817406,-80.70542119100597,6.3268216473019825,28.99165812966486,37
TQQQ,-0.15,0.1575,8.25556854898204,0.4147680266805716,-87.74455552649752,8.592531516230391,41.92887457924777,34
TQQQ,-0.15,0.165,6.092157025380485,0.380215002609767,-87.74455552649752,4.970546712213477,42.00204888043319,32
TQQQ,-0.15,0.1725,4.2198872116310016,0.35209151844031156,-87.74455552649752,3.067128079380331,42.470364408019904,29
TQQQ,-0.15,0.18,0.48860447337844004,0.292970508835628,-95.38466094417339,1.141294193753003,43.3338211620079,28
TQQQ,-0.15,0.1875,4.500186728793132,0.3799881025715276,-98.54874589828931,3.2988363754374523,56.84179716083712,22
TQQQ,-0.15,0.195,-0.9757510523217605,0.3389769909247747,-99.66277895481468,0.7665349914319508,80.31611298112104,17
TQQQ,-0.15,0.2025,-0.9757510523217605,0.3389769909247747,-99.66277895481468,0.7665349914319508,80.31611298112104,17
TQQQ,-0.15,0.21,-0.9757510523217605,0.3389769909247747,-99.66277895481468,0.7665349914319508,80.31611298112104,17
TQQQ,-0.15,0.2175,-0.9757510523217605,0.3389769909247747,-99.66277895481468,0.7665349914319508,80.31611298112104,17
TQQQ,-0.15,0.225,3.147865988072507,0.4056766320783767,-99.66277895481468,2.3172648554279123,89.08239426313479,16
TQQQ,-0.15,0.2325,8.300600826397119,0.4773158934532002,-99.62879755806252,8.689978060038507,90.97029123371871,14
TQQQ,-0.15,0.24,6.676336182075504,0.4581764737139078,-99.75358867205098,5.768574749792552,91.04346553490414,13
TQQQ,-0.1575,0.015,4.782473870129866,0.297787694176778,-51.588059657176764,3.5491821918284416,1.3025025611005416,40
TQQQ,-0.1575,0.0225,4.416682975067587,0.2838612782128176,-56.296367417982715,3.2281011335633614,1.3610420020488805,39
TQQQ,-0.1575,0.03,3.770083288856174,0.2608521189739495,-56.296367417982715,2.7277090084273006,1.5073906044197278,39
TQQQ,-0.1575,0.0375,4.362632231662866,0.2816217518556577,-55.79265569727955,3.1830965109419163,1.5659300453680667,39
TQQQ,-0.1575,0.045,4.362632231662866,0.2816217518556577,-55.79265569727955,3.1830965109419163,1.5659300453680667,39
TQQQ,-0.1575,0.0525,5.907765681824273,0.3333715387484146,-55.79265569727956,4.741540181702885,1.609834626079321,39
TQQQ,-0.1575,0.06,5.312860596886115,0.3127354087007826,-63.84915387269478,4.069913748812442,1.7561832284501682,38
TQQQ,-0.1575,0.0675,4.585810838836757,0.2886489699195475,-67.22710958575016,3.3729169181377445,1.8147226693985072,38
TQQQ,-0.1575,0.075,4.736592332167988,0.2931579100903249,-63.55780663476889,3.5072828314316205,1.9025318308210157,37
TQQQ,-0.1575,0.0825,6.7704874531783865,0.35584245239699136,-63.55780663476889,5.908227865740381,2.0488804331918633,37
TQQQ,-0.1575,0.09,5.233731167171229,0.30887854873738374,-62.637160019883,3.987803435859541,2.2391336162739646,36
TQQQ,-0.1575,0.0975,4.638965369256742,0.291084454483869,-62.637160019883,3.419708622805163,2.3708473584077274,36
TQQQ,-0.1575,0.105,6.178818041188272,0.33614344344682656,-62.637160019883,5.081820965930515,2.692814283623591,36
TQQQ,-0.1575,0.1125,6.178818041188272,0.33614344344682656,-62.637160019883,5.081820965930515,2.692814283623591,36
TQQQ,-0.1575,0.12,4.513835319549231,0.2888620148553813,-75.66007545412033,3.310538998969071,2.765988584809015,34
TQQQ,-0.1575,0.1275,4.549666904792371,0.2924460592916656,-75.66007545412035,3.341452432167813,3.395287575003659,32
TQQQ,-0.1575,0.135,3.5545439918257093,0.2698299483428385,-75.66007545412035,2.5781785609362546,4.317283769939998,31
TQQQ,-0.1575,0.1425,3.5545439918257093,0.2698299483428385,-75.66007545412035,2.5781785609362546,4.317283769939998,31
TQQQ,-0.1575,0.15,6.471820443222742,0.3549662791796013,-75.66007545412035,5.476089028816155,20.898580418557003,31
TQQQ,-0.1575,0.1575,9.140348240007402,0.41740200392886645,-87.05961867968887,10.714585580060094,33.762622566954484,29
TQQQ,-0.1575,0.165,6.9545900798815286,0.37823178527287127,-87.05961867968887,6.190771799839766,33.90897116932533,28
TQQQ,-0.1575,0.1725,5.518481809910369,0.35203747790151213,-87.05961867968885,4.2909657764775195,33.96751061027367,26
TQQQ,-0.1575,0.18,2.082489122250619,0.29170152116242354,-91.98525331966673,1.7486942579534854,34.874871944972924,26
TQQQ,-0.1575,0.1875,7.550169507246984,0.40766929093595305,-95.9194001294087,7.196767354882246,48.36821308356505,22
TQQQ,-0.1575,0.195,1.0842149569073367,0.3445002712733602,-99.48706381584928,1.3396433931479679,71.95960778574565,17
TQQQ,-0.1575,0.2025,1.0842149569073367,0.3445002712733602,-99.48706381584928,1.3396433931479679,71.95960778574565,17
TQQQ,-0.1575,0.21,1.0842149569073367,0.3445002712733602,-99.48706381584928,1.3396433931479679,71.95960778574565,17
TQQQ,-0.1575,0.2175,1.0842149569073367,0.3445002712733602,-99.48706381584928,1.3396433931479679,71.95960778574565,17
TQQQ,-0.1575,0.225,5.293614126714941,0.41484491603085727,-99.48706381584928,4.049793666886464,80.72588906775941,16
TQQQ,-0.1575,0.2325,9.07898806236862,0.48150212330086617,-99.43537579628165,10.552440929072434,90.06292989901947,14
TQQQ,-0.1575,0.24,7.443049365850274,0.46191441353555446,-99.62519158251166,7.0049134614103465,90.1361042002049,13
