Date,QQQ,TQQQ_actual,TQQQ_simulated,TQQQ_volume
1999-03-10,43.074344635009766,,,
1999-03-11,43.28525161743164,,20.32808674640636,
1999-03-12,42.230770111083984,,18.839813107058514,
1999-03-15,43.44340515136719,,20.46030931351968,
1999-03-16,43.81244659423828,,20.979086004264285,
1999-03-17,43.496124267578125,,20.52197738949805,
1999-03-18,44.33967208862305,,21.713316694216527,
1999-03-19,43.206146240234375,,20.04523869784736,
1999-03-22,42.67892456054688,,19.308848248967102,
1999-03-23,41.17632293701172,,17.266930770834445,
1999-03-24,42.57346725463867,,19.0223437520756,
1999-03-25,44.128787994384766,,21.10469826955391,
1999-03-26,43.654296875,,20.42119583546457,
1999-03-29,45.235958099365234,,22.63823358641909,
1999-03-30,44.91961669921875,,22.160375802775047,
1999-03-31,44.26059722900391,,21.182166495205752,
1999-04-01,45.18323516845703,,22.504097409780076,
1999-04-05,46.8176383972168,,24.94330125995004,
1999-04-06,46.90991973876953,,25.087578884258576,
1999-04-07,46.42223739624024,,24.301899770606912,
1999-04-08,46.79126739501953,,24.878322610021872,
1999-04-09,47.08127212524414,,25.337688337447585,
1999-04-12,46.76491928100586,,24.823665275777977,
1999-04-13,46.13225173950195,,23.81296842549119,
1999-04-14,44.55058288574219,,21.36057514117004,
1999-04-15,45.15689086914063,,22.229934904102823,
1999-04-16,43.83881759643555,,20.280474680186547,
1999-04-19,41.78263473510742,,17.424197820215305,
1999-04-20,42.73163986206055,,18.609212364695047,
1999-04-21,44.840553283691406,,21.36204510440849,
1999-04-22,46.05317306518555,,23.092365641131675,
1999-04-23,46.65946960449219,,24.001429077411576,
1999-04-26,47.73371505737305,,25.65609406962707,
1999-04-27,47.00217056274414,,24.47320421607601,
1999-04-28,45.39413070678711,,21.958212433629324,
1999-04-29,45.02508544921875,,21.419831709757936,
1999-04-30,45.31505584716797,,21.83091192732992,
1999-05-03,45.07777786254883,,21.485163296139728,
1999-05-04,44.36606216430664,,20.46472836781099,
1999-05-05,45.71047592163086,,22.322500771068285,
1999-05-06,44.04972839355469,,19.88656549043302,
1999-05-07,44.68238067626953,,20.74084596960057,
1999-05-10,45.1305046081543,,21.36220588397568,
1999-05-11,45.842281341552734,,22.370193242292647,
1999-05-12,46.79126739501953,,23.75657048175656,
1999-05-13,45.92137145996094,,22.428531022543822,
1999-05-14,45.05144882202149,,21.15099637151187,
1999-05-17,45.862037658691406,,22.28994631123904,
1999-05-18,45.65773010253906,,21.989176763805656,
1999-05-19,46.2903938293457,,22.90042950952113,
1999-05-20,45.01848602294922,,21.00978942706536,
1999-05-21,44.603294372558594,,20.425778293897373,
1999-05-24,43.46976089477539,,18.865860918584904,
1999-05-25,42.0462532043457,,17.010021361254477,
1999-05-26,43.219329833984375,,18.43154874795215,
1999-05-27,43.17977523803711,,18.378564734250137,
1999-05-28,43.89155197143555,,19.285052022773822,
1999-06-01,42.916160583496094,,17.996862692278437,
1999-06-02,43.64109802246094,,18.90654682374353,
1999-06-03,43.02161407470703,,18.09897409939609,
1999-06-04,44.33967208862305,,19.760139889807288,
1999-06-07,45.26231384277344,,20.991126657560084,
1999-06-08,44.128787994384766,,19.41134583256012,
1999-06-09,44.86692810058594,,20.382919340005603,
1999-06-10,44.35286712646485,,19.679680195286345,
1999-06-11,43.68064880371094,,18.782337105593648,
1999-06-14,42.85685729980469,,17.717242136218022,
1999-06-15,43.496124267578125,,18.50778489971726,
1999-06-16,45.73024368286133,,21.3572788397896,
1999-06-17,46.23769378662109,,22.06550272728769,
1999-06-18,46.44859313964844,,22.364591355686763,
1999-06-21,47.83915328979492,,24.370333556891172,
1999-06-22,46.3958625793457,,22.161455722547416,
1999-06-23,47.12738800048828,,23.20685815735719,
1999-06-24,46.191551208496094,,21.821366560869286,
1999-06-25,46.13225173950195,,21.73451014949512,
1999-06-28,47.22624206542969,,23.27795679972162,
1999-06-29,47.87209701538086,,24.229985052386468,
1999-06-30,48.61021423339844,,25.34763096437624,
1999-07-01,48.939720153808594,,25.8598198727171,
1999-07-02,49.55921173095703,,26.83850424547437,
1999-07-06,49.24288177490234,,26.321121607138107,
1999-07-07,49.32196807861328,,26.44454443958422,
1999-07-08,49.98100662231445,,27.501186044272107,
1999-07-09,50.48186111450195,,28.32439749099604,
1999-07-12,50.2182502746582,,27.877022258554824,
1999-07-13,49.98100662231445,,27.47833139574517,
1999-07-14,50.831146240234375,,28.876943901204005,
1999-07-15,51.29906463623047,,29.670685199002538,
1999-07-16,51.7735595703125,,30.490181484325777,
1999-07-19,51.246341705322266,,29.55478950939801,
1999-07-20,49.26923370361328,,26.13026328785944,
1999-07-21,49.50648498535156,,26.504375345447244,
1999-07-22,48.24773788452149,,24.479262730895226,
1999-07-23,48.32023620605469,,24.586454003271218,
1999-07-26,47.13397216796875,,22.77248613602032,
1999-07-27,48.08297729492188,,24.14506587243208,
1999-07-28,49.0254020690918,,25.56167819981463,
1999-07-29,47.977535247802734,,23.919317656399997,
1999-07-30,47.74029541015625,,23.56140211204388,
1999-08-02,47.60848617553711,,23.363205705514098,
1999-08-03,47.29874038696289,,22.904181038692847,
1999-08-04,46.441993713378906,,21.65659995682828,
1999-08-05,47.18009567260742,,22.686369975349237,
1999-08-06,46.67266082763672,,21.951448650780574,
1999-08-09,46.07293319702149,,21.10241082023386,
1999-08-10,45.65773010253906,,20.52917192716981,
1999-08-11,47.160343170166016,,22.55339158538688,
1999-08-12,46.60675811767578,,21.756262335531865,
1999-08-13,48.63658142089844,,24.59604966858158,
1999-08-16,49.0254020690918,,25.182768845894817,
1999-08-17,49.26923370361328,,25.55526515260854,
1999-08-18,48.71565628051758,,24.690569353650524,
1999-08-19,48.13569259643555,,23.80555435268385,
1999-08-20,48.900184631347656,,24.936723866081376,
1999-08-23,50.45549011230469,,27.31289778190363,
1999-08-24,50.79817581176758,,27.86588853854605,
1999-08-25,51.87902069091797,,29.641020749998724,
1999-08-26,51.01569366455078,,28.15741369680609,
1999-08-27,50.50821685791016,,27.313496236797224,
1999-08-30,49.796478271484375,,26.155304565512107,
1999-08-31,50.35004425048828,,27.02420177437673,
1999-09-01,50.71253967285156,,27.60439781849614,
1999-09-02,50.53458023071289,,27.310229913493245,
1999-09-03,52.8543701171875,,31.067734665433505,
1999-09-07,52.61713790893555,,30.645391934319296,
1999-09-08,51.90536880493164,,29.39778761381172,
1999-09-09,52.64349365234375,,30.64815619793206,
1999-09-10,53.249794006347656,,31.70313560586875,
1999-09-13,52.61053085327149,,30.55725799484383,
1999-09-14,52.900508880615234,,31.05859080783352,
1999-09-15,51.87902069091797,,29.255395852397083,
1999-09-16,51.85265350341797,,29.207014744489204,
1999-09-17,53.40796661376953,,31.831427496013717,
1999-09-20,53.53318786621094,,32.05121821189466,
1999-09-21,52.248077392578125,,29.73883136676167,
1999-09-22,52.80165100097656,,30.680252184863438,
1999-09-23,50.61366653442383,,26.86232702654676,
1999-09-24,50.679569244384766,,26.963791450805022,
1999-09-27,51.03544998168945,,27.528345898057037,
1999-09-28,51.27270126342773,,27.90871179930321,
1999-09-29,50.244606018066406,,26.22627534642161,
1999-09-30,50.77182388305664,,27.048470489760017,
1999-10-01,50.791603088378906,,27.07659259117698,
1999-10-04,51.9317512512207,,28.896510482940275,
1999-10-05,52.3007926940918,,29.508822172556847,
1999-10-06,53.3486442565918,,31.27865150936492,
1999-10-07,53.22343444824219,,31.054382043504926,
1999-10-08,53.78363037109375,,32.030951300967224,
1999-10-11,54.54147720336914,,33.38083041263914,
1999-10-12,53.302520751953125,,31.10170105101124,
1999-10-13,51.72085952758789,,28.329018846645244,
1999-10-14,52.04376220703125,,28.85595343746504,
1999-10-15,50.50821685791016,,26.298055500650943,
1999-10-18,49.86896514892578,,25.29614719184713,
1999-10-19,50.1391487121582,,25.70403721671051,
1999-10-20,51.66812133789063,,28.052222902850225,
1999-10-21,52.51168441772461,,29.422593189380603,
1999-10-22,52.2744255065918,,29.019984603842648,
1999-10-25,52.3007926940918,,29.060153469986727,
1999-10-26,51.87902069091797,,28.353350245445707,
1999-10-27,51.79991912841797,,28.219998418758134,
1999-10-28,53.59249877929688,,31.146087659966835,
1999-10-29,55.46415710449219,,34.405296490105826,
1999-11-01,55.17415237426758,,33.86117396055723,
1999-11-02,55.20710754394531,,33.91748042704213,
1999-11-03,56.307708740234375,,35.94162691656794,
1999-11-04,56.94039916992188,,37.14854271649968,
1999-11-05,57.52031326293945,,38.27877685922294,
1999-11-08,58.68021774291992,,40.58952748804191,
1999-11-09,58.284812927246094,,39.763777639901065,
1999-11-10,59.049293518066406,,41.32330725449434,
1999-11-11,60.10372924804688,,43.53169091403148,
1999-11-12,60.89459228515625,,45.24448395515903,
1999-11-15,60.77595138549805,,44.97419716425215,
1999-11-16,62.31809997558594,,48.39196400049344,
1999-11-17,61.47451400756836,,46.42050745014591,
1999-11-18,63.3593635559082,,50.68436937656828,
1999-11-19,63.92610931396485,,52.03793620151603,
1999-11-22,62.95073699951172,,49.64926778776341,
1999-11-23,63.24078369140625,,50.32914187995921,
1999-11-24,65.32328796386719,,55.29462922829376,
1999-11-26,65.53413391113281,,55.82292361706325,
1999-11-29,64.45332336425781,,53.05377122417851,
1999-11-30,62.00175476074219,,46.99301225279344,
1999-12-01,63.34616470336914,,50.04385660838491,
1999-12-02,65.35623168945312,,54.801295565118345,
1999-12-03,66.74675750732422,,58.2920989516769,
1999-12-06,67.35307312011719,,59.87312319988941,
1999-12-07,67.35307312011719,,59.86539844867225,
1999-12-08,66.5358657836914,,57.67860072416104,
1999-12-09,66.8521957397461,,58.49381929296973,
1999-12-10,67.40584564208984,,59.93955747875471,
1999-12-13,68.32188415527344,,62.37554142993365,
1999-12-14,67.08946990966797,,58.992037765816086,
1999-12-15,68.38119506835938,,62.39188390219433,
1999-12-16,70.06830596923828,,67.0018593887945,
1999-12-17,70.67461395263672,,68.73253605078106,
1999-12-20,71.59724426269531,,71.41549992624746,
1999-12-21,75.44599151611328,,82.92321846795735,
1999-12-22,75.20877075195312,,82.13032680651493,
1999-12-23,76.10501861572266,,85.0559224449018,
1999-12-27,75.65689849853516,,83.54247466769151,
1999-12-28,75.18238067626953,,81.95976836205058,
1999-12-29,78.02940368652344,,91.26020589683934,
1999-12-30,77.1858139038086,,88.28854059901703,
1999-12-31,77.0804443359375,,87.91557064130947,
2000-01-03,79.92741394042969,,97.6457243051613,
2000-01-04,74.44424438476562,,77.53709017888856,
2000-01-05,72.54625701904297,,71.59656413024551,
2000-01-06,67.56392669677734,,56.836004834440935,
2000-01-07,75.92047882080078,,77.91772314863682,
2000-01-10,78.02940368652344,,84.40088372110927,
2000-01-11,74.23336029052734,,72.07196806640016,
2000-01-12,72.59898376464844,,67.30230028476629,
2000-01-13,76.97493743896484,,79.46369433570702,
2000-01-14,78.76751708984375,,85.00505426827253,
2000-01-18,79.1893081665039,,86.35966416055021,
2000-01-19,80.9818344116211,,92.213024623881,
2000-01-20,80.19105529785156,,89.49977589898135,
2000-01-21,81.19278717041016,,92.84227283649008,
2000-01-24,77.29127502441406,,79.4463991147228,
2000-01-25,78.45118713378906,,83.0129113778183,
2000-01-26,75.28779602050781,,72.96019992243464,
2000-01-27,76.3950424194336,,76.16983106357841,
2000-01-28,72.54625701904297,,64.64768600378123,
2000-01-31,75.65689849853516,,72.95524389619389,
2000-02-01,77.6866683959961,,78.81769603563517,
2000-02-02,78.34573364257812,,80.81350849338777,
2000-02-03,81.40367889404297,,90.26588006728971,
2000-02-04,81.95723724365234,,92.09570239014268,
2000-02-07,83.09078216552734,,95.90512833625164,
2000-02-08,86.57050323486328,,107.9418565139516,
2000-02-09,83.51253509521484,,96.48929631291897,
2000-02-10,86.25408935546875,,105.97951574203368,
2000-02-11,84.25064849853516,,98.58102065026024,
2000-02-14,84.1452407836914,,98.19829164493196,
2000-02-15,84.75151824951172,,100.30821683727056,
2000-02-16,84.3561019897461,,98.89128265899036,
2000-02-17,86.14868927001953,,105.18291384174896,
2000-02-18,83.0380630493164,,93.77562159358362,
2000-02-22,83.30168151855469,,94.65664281788683,
2000-02-23,87.94124603271484,,110.46039923006366,
2000-02-24,89.8392333984375,,117.59816522823787,
2000-02-25,87.7831039428711,,109.50866802279288,
2000-02-28,87.7303695678711,,109.29718231987698,
2000-02-29,90.0501708984375,,117.95331965927066,
2000-03-01,90.78826141357422,,120.83849219121107,
2000-03-02,88.68597412109375,,112.4285161084282,
2000-03-03,93.68799591064452,,131.43742089979452,
2000-03-06,94.42610168457033,,134.52698861874975,
2000-03-07,93.00261688232422,,128.42560068484465,
2000-03-08,93.8461685180664,,131.90356613413448,
2000-03-09,97.0094985961914,,145.2250101302858,
2000-03-10,96.58773040771484,,143.31208910029034,
2000-03-13,94.05707550048828,,132.02901804123331,
2000-03-14,90.57737731933594,,117.35850460682008,
2000-03-15,86.7813491821289,,102.58814948808104,
2000-03-16,91.73728942871094,,120.15083561226211,
2000-03-17,93.4770965576172,,126.97135277382496,
2000-03-20,90.84097290039062,,116.21291130457216,
2000-03-21,94.2679443359375,,129.35029752846762,
2000-03-22,96.16595458984376,,137.14670571270966,
2000-03-23,97.8530731201172,,144.3472440058187,
2000-03-24,99.17115020751952,,150.16167579553445,
2000-03-27,99.3293228149414,,150.8608013275336,
2000-03-28,96.79861450195312,,139.31046199461227,
2000-03-29,92.7917251586914,,121.99260419346868,
2000-03-30,90.47191619873048,,112.82735711573518,
2000-03-31,92.36994171142578,,119.9138724572268,
2000-04-03,86.83409118652344,,98.33861916870124,
2000-04-04,85.99054718017578,,95.46001971410996,
2000-04-05,84.46154022216797,,90.35554965508892,
2000-04-06,86.46502685546875,,96.77378204320743,
2000-04-07,89.94474029541016,,108.44503869795167,
2000-04-10,84.46154022216797,,88.59800837057128,
2000-04-11,82.45809936523438,,82.28190200033568,
2000-04-12,77.60763549804688,,67.75098806860956,
2000-04-13,74.23336029052734,,58.90508246920246,
2000-04-14,67.80123901367188,,43.58558108620792,
2000-04-17,75.60416412353516,,58.62813517107046,
2000-04-18,77.60763549804688,,63.28141712235543,
2000-04-19,75.23511505126953,,57.4695792595361,
2000-04-20,73.60073852539062,,53.71682849054212,
2000-04-24,71.49179077148438,,49.09230910098295,
2000-04-25,76.3158950805664,,59.02388915358477,
2000-04-26,73.7061538696289,,52.96103177677107,
2000-04-27,76.97493743896484,,60.00048225476936,
2000-04-28,79.92741394042969,,66.89693689822658,
2000-05-01,80.66554260253906,,68.74168305556421,
2000-05-02,76.02594757080078,,56.87148294037794,
2000-05-03,75.18238067626953,,54.97104572767552,
2000-05-04,75.34054565429688,,55.31088954636837,
2000-05-05,77.13311767578125,,59.25177710105553,
2000-05-08,74.12791442871094,,52.31856130893604,
2000-05-09,72.54625701904297,,48.962868772306784,
2000-05-10,67.27396392822266,,38.281434611655065,
2000-05-11,71.3863525390625,,45.29681042858479,
2000-05-12,71.3863525390625,,45.29096629397496,
2000-05-15,74.49699401855469,,51.20574863758698,
2000-05-16,76.60591125488281,,55.54785529197863,
2000-05-17,75.02420806884766,,52.09995333286988,
2000-05-18,72.33537292480469,,46.49151213554071,
2000-05-19,68.90837097167969,,39.87768854302848,
2000-05-22,68.85565185546875,,39.7810169679011,
2000-05-23,63.108917236328125,,29.81544079619871,
2000-05-24,67.0631332397461,,35.4160330859223,
2000-05-25,65.58687591552734,,33.072629777826954,
2000-05-26,65.58687591552734,,33.0683627908472,
2000-05-30,72.17716979980469,,43.03241208927429,
2000-05-31,70.12101745605469,,39.34919325123937,
2000-06-01,73.7061538696289,,45.37963466535683,
2000-06-02,78.97843170166016,,55.11193721617093,
2000-06-05,79.17609405517578,,55.51861903100655,
2000-06-06,76.97493743896484,,50.88107452075577,
2000-06-07,79.03109741210938,,54.95192649570222,
2000-06-08,78.66209411621094,,54.17511022168995,
2000-06-09,79.0838394165039,,55.03949704598968,
2000-06-12,76.55316162109375,,49.74861478350301,
2000-06-13,79.5056381225586,,55.49825963888854,
2000-06-14,77.71308898925781,,51.73727659554584,
2000-06-15,79.0838394165039,,54.46832157205263,
2000-06-16,79.5056381225586,,55.33282495190085,
2000-06-19,82.66900634765625,,61.93042890752385,
2000-06-20,82.35264587402344,,61.21144651613575,
2000-06-21,83.40709686279297,,63.55482037418851,
2000-06-22,80.34921264648438,,56.55644989590156,
2000-06-23,77.1858139038086,,49.86916466937517,
2000-06-26,79.29474639892578,,53.95042613468832,
2000-06-27,78.34573364257812,,52.00640241491277,
2000-06-28,79.29474639892578,,53.889574951040615,
2000-06-29,77.3044662475586,,49.82477386032669,
2000-06-30,78.82024383544922,,52.74922181585936,
2000-07-03,80.34921264648438,,55.8121319432632,
2000-07-05,77.2385482788086,,49.32274651684519,
2000-07-06,79.29474639892578,,53.25550432983289,
2000-07-07,80.92913818359375,,56.54167721659069,
2000-07-10,79.70333862304688,,53.96514339291298,
2000-07-11,80.13832092285156,,54.84172789168757,
2000-07-12,82.0363540649414,,58.731343002786026,
2000-07-13,83.09078216552734,,60.98841929391936,
2000-07-14,84.88335418701172,,64.92778033691022,
2000-07-17,85.83232116699219,,67.0970148301618,
2000-07-18,83.93436431884766,,62.63733412175208,
2000-07-19,82.0363540649414,,58.379993088401896,
2000-07-20,84.67244720458984,,64.00027444133481,
2000-07-21,81.8254623413086,,57.536275634748215,
2000-07-24,80.13832092285156,,53.96986850521824,
2000-07-25,80.7709732055664,,55.24110138752112,
2000-07-26,80.66554260253906,,55.017655108278,
2000-07-27,77.50214385986328,,48.53780119847668,
2000-07-28,73.28436279296875,,40.607042557312525,
2000-07-31,75.44599151611328,,44.19509459128764,
2000-08-01,74.44424438476562,,42.42896868461251,
2000-08-02,73.12620544433594,,40.16987373903466,
2000-08-03,76.28953552246094,,45.377756722049774,
2000-08-04,76.02594757080078,,44.90154812229666,
2000-08-07,77.81848907470703,,48.0718241222985,
2000-08-08,79.4001693725586,,50.99683758663936,
2000-08-09,77.29127502441406,,46.926780215391055,
2000-08-10,75.7623062133789,,44.13582218435248,
2000-08-11,76.81676483154297,,45.972972931600566,
2000-08-14,78.45118713378906,,48.90152802565639,
2000-08-15,78.45118713378906,,48.89521881514676,
2000-08-16,79.2420425415039,,50.36762793551438,
2000-08-17,80.7709732055664,,53.27657476965037,
2000-08-18,80.34921264648438,,52.43512066226923,
2000-08-21,80.56008911132812,,52.84120338919606,
2000-08-22,80.56008911132812,,52.834385886978346,
2000-08-23,81.87818908691406,,55.42095031131128,
2000-08-24,83.14350128173828,,57.983158372648,
2000-08-25,82.69538116455078,,57.03813865311314,
2000-08-28,83.09078216552734,,57.84894883763265,
2000-08-29,83.51253509521484,,58.72237586676923,
2000-08-30,83.40709686279297,,58.49238087081395,
2000-08-31,85.7269058227539,,63.365395544443295,
2000-09-01,86.57050323486328,,65.22786573057397,
2000-09-05,83.93436431884766,,59.26073292743198,
2000-09-06,80.9818344116211,,52.99930468419464,
2000-09-07,82.7744140625,,56.51197739190566,
2000-09-08,80.24374389648438,,51.32144784152246,
2000-09-11,78.29302978515625,,47.57197491184275,
2000-09-12,77.0804443359375,,45.35548397743026,
2000-09-13,78.87297058105469,,48.51389382153268,
2000-09-14,78.45118713378906,,47.72933159129261,
2000-09-15,77.02765655517578,,45.12496578133789,
2000-09-18,75.81505584716797,,42.98801710695745,
2000-09-19,78.60933685302734,,47.73564019088449,
2000-09-20,79.82196807861328,,49.938597908174174,
2000-09-21,74.02252960205078,,39.04733835470925,
2000-09-22,78.3984603881836,,45.967291502208326,
2000-09-25,76.3158950805664,,42.29815551075737,
2000-09-26,75.44599151611328,,40.84626369046583,
2000-09-27,75.55143737792969,,41.01225810597927,
2000-09-28,77.2385482788086,,43.754454964892616,
2000-09-29,74.86601257324219,,39.71679437230276,
2000-10-02,73.17893981933594,,37.02666854489824,
2000-10-03,70.859130859375,,33.50059972750371,
2000-10-04,72.22989654541016,,35.44047887197315,
2000-10-05,72.44081115722656,,35.74636986117334,
2000-10-06,70.01559448242188,,32.151543050870565,
2000-10-09,69.69922637939453,,31.711561023433287,
2000-10-10,66.0614013671875,,26.742086986605184,
2000-10-11,65.0069580078125,,25.45810006981037,
2000-10-12,63.37252426147461,,23.534578997932694,
2000-10-13,68.5393295288086,,29.287913587203,
2000-10-16,69.17203521728516,,30.095229623644883,
2000-10-17,66.0086669921875,,25.96241116790169,
2000-10-18,65.79776763916016,,25.71020985981498,
2000-10-19,71.75536346435547,,32.690611713249474,
2000-10-20,72.80987548828125,,34.12765114588985,
2000-10-23,72.70439147949219,,33.974919750980995,
2000-10-24,69.59378051757812,,29.609750614169027,
2000-10-25,65.69229888916016,,24.626093246107764,
2000-10-26,67.37946319580078,,26.520319501462083,
2000-10-27,67.24762725830078,,26.361227402296475,
2000-10-30,64.75651550292969,,23.42826138214565,
2000-10-31,68.92156982421875,,27.94586402365405,
2000-11-01,68.32846069335938,,27.220788537659608,
2000-11-02,69.17203521728516,,28.22546977321754,
2000-11-03,70.06830596923828,,29.31899103577645,
2000-11-06,69.54109954833984,,28.653404397943163,
2000-11-07,69.27742767333984,,28.323781024598578,
2000-11-08,63.860198974609375,,21.675694136582152,
2000-11-09,63.84697723388672,,21.659434232619343,
2000-11-10,60.525516510009766,,18.27632498866945,
2000-11-13,60.617767333984375,,18.357535360804786,
2000-11-14,63.97882843017578,,21.40876655665634,
2000-11-15,65.2705307006836,,22.70270302362559,
2000-11-16,61.47451400756836,,18.73872880242588,
2000-11-17,61.43497085571289,,18.70015039561185,
2000-11-20,58.930641174316406,,16.41086393029059,
2000-11-21,58.83839416503906,,16.331680443141856,
2000-11-22,56.20225524902344,,14.134446564240353,
2000-11-24,59.418304443359375,,16.559059864749116,
2000-11-27,58.68021774291992,,15.939839763319926,
2000-11-28,55.21370315551758,,13.11286083235706,
2000-11-29,53.09162902832031,,11.599236603158213,
2000-11-30,53.13118362426758,,11.623665252031012,
2000-12-01,53.9879150390625,,12.184454533554655,
2000-12-04,54.83147811889648,,12.754030108996348,
2000-12-05,59.629241943359375,,16.100324126085244,
2000-12-06,57.362152099609375,,14.261855201325238,
2000-12-07,56.096824645996094,,13.316226458794445,
2000-12-08,57.362152099609375,,14.215596153454504,
2000-12-11,62.7398796081543,,18.211917637837544,
2000-12-12,60.446414947509766,,16.212350731039837,
2000-12-13,57.98164367675781,,14.227027952641675,
2000-12-14,55.14778900146485,,12.139153071859283,
2000-12-15,53.882469177246094,,11.302018797675377,
2000-12-18,53.9879150390625,,11.366913437958369,
2000-12-19,49.87554168701172,,8.767921583738929,
2000-12-20,47.01534271240234,,7.2583555937689885,
2000-12-21,47.2921257019043,,7.385610646808471,
2000-12-22,51.03544998168945,,9.1384424752184,
2000-12-26,51.35177230834961,,9.307186119992869,
2000-12-27,51.9317512512207,,9.621337938398694,
2000-12-28,51.826290130615234,,9.56148061166423,
2000-12-29,49.24288177490234,,8.1304007497427,
2001-01-02,45.07777786254883,,6.066274063152532,
2001-01-03,52.66985702514648,,9.130569256584598,
2001-01-04,51.72085952758789,,8.635851605411625,
2001-01-05,47.76666259765625,,6.654036119001066,
2001-01-08,48.29386520385742,,6.873500229378676,
2001-01-09,48.29386520385742,,6.872613419464221,
2001-01-10,50.77182388305664,,7.929628302125224,
2001-01-11,52.248077392578125,,8.620296452501323,
2001-01-12,52.92028427124024,,8.95190211822753,
2001-01-16,52.28760528564453,,8.62967856563775,
2001-01-17,53.882469177246094,,9.418226281943095,
2001-01-18,56.1495361328125,,10.605806875033192,
2001-01-19,55.93866729736328,,10.48494862826428,
2001-01-22,55.99136352539063,,10.513227465423958,
2001-01-23,57.16445541381836,,11.172668429539756,
2001-01-24,56.62405014038086,,10.854363842063597,
2001-01-25,54.4096908569336,,9.579540139992512,
2001-01-26,55.29281234741211,,10.044759585444067,
2001-01-29,56.518585205078125,,10.711503092563738,
2001-01-30,56.307708740234375,,10.59022405718255,
2001-01-31,54.2409553527832,,9.422727082213544,
2001-02-01,54.95802688598633,,9.795219911365097,
2001-02-02,51.92119216918945,,8.17018257249776,
2001-02-05,51.87902069091797,,8.149220486818757,
2001-02-06,51.96335983276367,,8.187913374092192,
2001-02-07,51.11979675292969,,7.788093999329211,
2001-02-08,49.59296798706055,,7.089252732739708,
2001-02-09,47.57685089111328,,6.223733836638245,
2001-02-12,48.15046691894531,,6.448042446490188,
2001-02-13,46.60675811767578,,5.827035864910496,
2001-02-14,48.46258163452149,,6.522360171676837,
2001-02-15,49.26398086547852,,6.84508878377546,
2001-02-16,46.50550842285156,,5.694360147143513,
2001-02-20,44.70029830932617,,5.030509406832058,
2001-02-21,43.44340515136719,,4.605513353067782,
2001-02-22,43.02161407470703,,4.470774668598485,
2001-02-23,43.17344284057617,,4.517531658064345,
2001-02-26,43.99170303344727,,4.773809239434388,
2001-02-27,41.334503173828125,,3.908146215476452,
2001-02-28,40.02698516845703,,3.5367674568828797,
2001-03-01,41.165771484375,,3.8381791775157,
2001-03-02,39.39428329467773,,3.342178454804369,
2001-03-05,40.11133575439453,,3.5242496665358227,
2001-03-06,41.67192840576172,,3.935143886299576,
2001-03-07,41.68879318237305,,3.939413879125909,
2001-03-08,40.9127311706543,,3.718901929995306,
2001-03-09,38.04459762573242,,2.9362958448250662,
2001-03-12,35.682647705078125,,2.389028552908965,
2001-03-13,37.49631881713867,,2.753007646795089,
2001-03-14,36.90580749511719,,2.6225851145391648,
2001-03-15,35.556114196777344,,2.334512723719291,
2001-03-16,34.75471496582031,,2.1763587864369067,
2001-03-19,36.49245834350586,,2.502533246738712,
2001-03-20,34.03767776489258,,1.9971879419745655,
2001-03-21,34.03767776489258,,1.9969302674261016,
2001-03-22,36.10441589355469,,2.36042822241868,
2001-03-23,36.10441589355469,,2.3601236830893506,
2001-03-26,35.26929473876953,,2.196045098894788,
2001-03-27,36.48402404785156,,2.4226673837325565,
2001-03-28,33.4893913269043,,1.8257924113670947,
2001-03-29,32.85671615600586,,1.7220792877362363,
2001-03-30,33.025428771972656,,1.7483846976371966,
2001-04-02,31.54917526245117,,1.5136980603019463,
2001-04-03,29.237815856933597,,1.1808125865808552,
2001-04-04,28.72325325012207,,1.1183161160147468,
2001-04-05,31.473257064819336,,1.4393792065573774,
2001-04-06,30.326005935668945,,1.281790398773002,
2001-04-09,31.253942489624023,,1.3992884083644517,
2001-04-10,33.57373046875,,1.710689598165871,
2001-04-11,34.58601760864258,,1.8652067483500283,
2001-04-12,36.10441589355469,,2.1106254974740675,
2001-04-16,33.953330993652344,,1.7331028268784556,
2001-04-17,34.79689025878906,,1.86205432173038,
2001-04-18,38.42421340942383,,2.444131010155797,
2001-04-19,40.74399948120117,,2.886494433654647,
2001-04-20,40.828369140625,,2.9040534392512143,
2001-04-23,38.086795806884766,,2.3186682189762804,
2001-04-24,37.369747161865234,,2.187410460728977,
2001-04-25,38.04459762573242,,2.305633859523629,
2001-04-26,37.07450485229492,,2.1289634838194,
2001-04-27,38.086795806884766,,2.3030779589543293,
2001-04-30,38.93034362792969,,2.4558067970031376,
2001-05-01,40.53310775756836,,2.7588070058056617,
2001-05-02,41.31764221191406,,2.9186444953743043,
2001-05-03,39.47865676879883,,2.52855464716133,
2001-05-04,40.65964126586914,,2.7551498024711485,
2001-05-07,39.81608963012695,,2.583313891932308,
2001-05-08,40.65964126586914,,2.7471724100570936,
2001-05-09,39.267765045166016,,2.464691238046906,
2001-05-10,38.609806060791016,,2.340480348282862,
2001-05-11,38.42421340942383,,2.306427167745224,
2001-05-14,37.80842971801758,,2.1952416858839183,
2001-05-15,38.086795806884766,,2.243446125086746,
2001-05-16,39.77392959594727,,2.541291006926184,
2001-05-17,40.40660095214844,,2.662233677031169,
2001-05-18,40.52468490600586,,2.68523047559617,
2001-05-21,43.06379699707031,,3.189620922583752,
2001-05-22,42.937255859375,,3.1610917052461502,
2001-05-23,41.03925704956055,,2.741485094455185,
2001-05-24,42.093711853027344,,2.9524489691068267,
2001-05-25,41.32605743408203,,2.7905384229706094,
2001-05-29,38.90502548217773,,2.299738477363756,
2001-05-30,37.47943115234375,,2.0466342637573334,
2001-05-31,37.73249435424805,,2.0878271745560464,
2001-06-01,38.845985412597656,,2.2723940004943395,
2001-06-04,38.66040802001953,,2.2395333647720164,
2001-06-05,40.36439895629883,,2.5353725358896617,
2001-06-06,40.05229187011719,,2.4762331239167774,
2001-06-07,41.08143997192383,,2.6667949015765915,
2001-06-08,39.94261932373047,,2.444671771454725,
2001-06-11,38.845985412597656,,2.2429992655107385,
2001-06-12,38.63508987426758,,2.206178029270935,
2001-06-13,37.58064270019531,,2.025257223610859,
2001-06-14,35.64045333862305,,1.7113198775892593,
2001-06-15,35.93570327758789,,1.7536294441588265,
2001-06-18,35.45486831665039,,1.6830102746005402,
2001-06-19,35.27771759033203,,1.6575655844322157,
2001-06-20,36.07908630371094,,1.770311518320135,
2001-06-21,36.56836318969727,,1.8421059345721624,
2001-06-22,36.48402404785156,,1.8291226911620304,
2001-06-25,36.57680892944336,,1.842841980878188,
2001-06-26,36.703346252441406,,1.8617301330467748,
2001-06-27,36.93955612182617,,1.897434262493859,
2001-06-28,37.41193008422852,,1.9699812266741448,
2001-06-29,38.55075073242188,,2.149625984310214,
2001-07-02,38.33985900878906,,2.1140700820378284,
2001-07-03,38.500125885009766,,2.1403088027935184,
2001-07-05,36.65272903442383,,1.831929794431317,
2001-07-06,35.134315490722656,,1.604019233844337,
2001-07-09,35.438018798828125,,1.6454080251330951,
2001-07-10,34.16423034667969,,1.4677674990248808,
2001-07-11,34.58601760864258,,1.5219407446820357,
2001-07-12,36.77927017211914,,1.8112833965045665,
2001-07-13,36.399658203125,,1.7549650007025774,
2001-07-16,35.72480773925781,,1.6571273082726916,
2001-07-17,36.52618408203125,,1.7684311931577112,
2001-07-18,35.134315490722656,,1.5660392509163434,
2001-07-19,35.96945571899414,,1.677511133847864,
2001-07-20,35.134315490722656,,1.56044914643196,
2001-07-23,34.25702667236328,,1.4433565776638633,
2001-07-24,33.868988037109375,,1.394122483066599,
2001-07-25,34.16423034667969,,1.430401095291556,
2001-07-26,34.670372009277344,,1.4937905464113208,
2001-07-27,35.387386322021484,,1.5862765945133752,
2001-07-30,35.176513671875,,1.5577141740818528,
2001-07-31,35.22710418701172,,1.564234067358244,
2001-08-01,36.35747909545898,,1.714612691197975,
2001-08-02,37.04077911376953,,1.811064421141038,
2001-08-03,36.42496109008789,,1.720501711375898,
2001-08-06,35.85134506225586,,1.6389969552363155,
2001-08-07,35.66576385498047,,1.6133331407095035,
2001-08-08,34.16423034667969,,1.409360356761581,
2001-08-09,34.30763244628906,,1.4269256138894308,
2001-08-10,33.9786491394043,,1.385692218938637,
2001-08-13,34.670372009277344,,1.470141435109739,
2001-08-14,34.24860000610352,,1.4162980664590792,
2001-08-15,32.98324966430664,,1.2591354981893663,
2001-08-16,33.37128448486328,,1.3034127319778583,
2001-08-17,31.852876663208008,,1.12532704479855,
2001-08-20,32.29151153564453,,1.1716713171781787,
2001-08-21,30.950258255004883,,1.025521285912054,
2001-08-22,31.7938232421875,,1.1092422829338957,
2001-08-23,31.481693267822266,,1.0764298276139603,
2001-08-24,33.15196228027344,,1.2476216992223106,
2001-08-27,33.194122314453125,,1.2522206114597505,
2001-08-28,32.156551361083984,,1.134634552055387,
2001-08-29,31.684175491333008,,1.08448522792442,
2001-08-30,30.51161003112793,,0.9639416784934284,
2001-08-31,30.899656295776367,,1.0005955056863218,
2001-09-04,29.921106338500977,,0.9054039266364372,
2001-09-05,29.80301856994629,,0.8945672086022116,
2001-09-06,28.596723556518555,,0.7858273632502025,
2001-09-07,28.428003311157227,,0.7718168674358827,
2001-09-10,28.76543235778809,,0.7992007626221159,
2001-09-17,26.319114685058597,,0.5951967750494231,
2001-09-18,25.72860717773437,,0.5550576750464735,
2001-09-19,25.28153419494629,,0.5260511935122417,
2001-09-20,24.437971115112305,,0.4733254390877487,
2001-09-21,23.779977798461918,,0.4350314540496324,
2001-09-24,24.97784805297852,,0.5007169238100916,
2001-09-25,25.053773880004883,,0.5052184495045822,
2001-09-26,24.18490028381348,,0.4525898119946542,
2001-09-27,24.02463150024414,,0.4435337368798728,
2001-09-28,24.446401596069336,,0.4668361967456533,
2001-10-01,24.23551750183105,,0.4546946385892481,
2001-10-02,24.311429977416992,,0.4589086700037647,
2001-10-03,26.1503963470459,,0.5629878380705143,
2001-10-04,26.403465270996094,,0.5792600472825427,
2001-10-05,26.791507720947266,,0.6047248559425642,
2001-10-08,26.875856399536133,,0.6103584669430768,
2001-10-09,26.226318359375,,0.5660261294031924,
2001-10-10,27.41573905944824,,0.6429646574706775,
2001-10-11,29.27155494689941,,0.7734516676472656,
2001-10-12,29.14504623413086,,0.7633235372777206,
2001-10-15,29.01849937438965,,0.7532820750379607,
2001-10-16,29.490896224975582,,0.7899732902395524,
2001-10-17,27.373554229736328,,0.6197195081879461,
2001-10-18,28.11590576171875,,0.6700586239669702,
2001-10-19,28.30147171020508,,0.6832394040274835,
2001-10-22,29.0606746673584,,0.7381361016576278,
2001-10-23,29.21253204345703,,0.7496123214422181,
2001-10-24,29.845184326171875,,0.7982183983226546,
2001-10-25,31.043046951293945,,0.8942269978345665,
2001-10-26,30.376617431640625,,0.8365200560304612,
2001-10-29,28.714824676513672,,0.6991233441114572,
2001-10-30,28.158071517944336,,0.6583671326529852,
2001-10-31,28.596723556518555,,0.6890507134086916,
2001-11-01,29.811447143554688,,0.7767697207017124,
2001-11-02,30.03076934814453,,0.7938135395621408,
2001-11-05,31.009315490722656,,0.8713098517514146,
2001-11-06,32.21560287475586,,0.9728814045445172,
2001-11-07,32.173439025878906,,0.9689359569792032,
2001-11-08,31.844430923461918,,0.9390857016347228,
2001-11-09,31.827556610107425,,0.937471681974688,
2001-11-12,32.05531311035156,,0.9574762405941872,
2001-11-13,33.20255661010742,,1.0601554844712104,
2001-11-14,33.43876647949219,,1.082645202154383,
2001-11-15,33.303810119628906,,1.0693970955808931,
2001-11-16,33.21100616455078,,1.0603192201391871,
2001-11-19,34.155784606933594,,1.1506735114393205,
2001-11-20,32.578338623046875,,0.9910974190386926,
2001-11-21,32.409603118896484,,0.9755697468458951,
2001-11-23,33.135108947753906,,1.0409597892721798,
2001-11-26,33.953330993652344,,1.1179403296539114,
2001-11-27,33.91114807128906,,1.1136293760288465,
2001-11-28,32.68800354003906,,0.992982874934406,
2001-11-29,33.70025634765625,,1.0851041736937113,
2001-11-30,33.44718170166016,,1.0605181572664064,
2001-12-03,32.87357711791992,,1.00581905853168,
2001-12-04,34.44261169433594,,1.1497105686804576,
2001-12-05,36.146602630615234,,1.3202022898695371,
2001-12-06,36.19720458984375,,1.3255764488527368,
2001-12-07,35.201812744140625,,1.2160488042689772,
2001-12-10,34.58601760864258,,1.152073867827566,
2001-12-11,34.780025482177734,,1.1713126648052214,
2001-12-12,35.05839538574219,,1.1992861515278712,
2001-12-13,33.539981842041016,,1.0433046371966912,
2001-12-14,33.83524703979492,,1.0707238522336886,
2001-12-17,34.41729736328125,,1.1258430412917226,
2001-12-18,34.80533599853516,,1.1637778187085444,
2001-12-19,34.17265319824219,,1.1001630724837437,
2001-12-20,32.72174072265625,,0.9598879971507672,
2001-12-21,33.303810119628906,,1.01098894324337,
2001-12-24,33.168819427490234,,0.998564949679424,
2001-12-26,33.48091506958008,,1.0266235320284138,
2001-12-27,33.75088119506836,,1.0513249495973824,
2001-12-28,34.02082061767578,,1.0764147881837205,
2001-12-31,32.82297134399414,,0.9625764775060331,
2002-01-02,33.83524703979492,,1.0515112053789024,
2002-01-03,35.00779724121094,,1.1606949443908356,
2002-01-04,35.15119552612305,,1.1748084438915098,
2002-01-07,34.76315689086914,,1.1357502804238735,
2002-01-08,34.99934387207031,,1.1587532068622628,
2002-01-09,34.67877578735352,,1.1267637409225324,
2002-01-10,34.90657043457031,,1.148822503143042,
2002-01-11,34.4594612121582,,1.1045293736404085,
2002-01-14,33.708709716796875,,1.032195338461931,
2002-01-15,34.02926254272461,,1.061509136997988,
2002-01-16,32.71328353881836,,0.9382201980796522,
2002-01-17,33.44718170166016,,1.0012439652119758,
2002-01-18,32.553016662597656,,0.920814087709564,
2002-01-22,31.54917526245117,,0.835509511836977,
2002-01-23,32.41805648803711,,0.9044328571356556,
2002-01-24,32.8482551574707,,0.940322566123185,
2002-01-25,32.75548553466797,,0.9322343059935236,
2002-01-28,32.94105911254883,,0.947958526576204,
2002-01-29,32.0384521484375,,0.8699121368238315,
2002-01-30,32.28310012817383,,0.8897280413063822,
2002-01-31,32.48553466796875,,0.9063506466626288,
2002-02-01,32.173439025878906,,0.8801111833581846,
2002-02-04,31.144271850585938,,0.7955383797321787,
2002-02-05,30.629697799682617,,0.756003442052104,
2002-02-06,30.418819427490234,,0.7402911779087378,
2002-02-07,29.68491554260254,,0.6866134517944158,
2002-02-08,30.51161003112793,,0.7438893096238329,
2002-02-11,30.899656295776367,,0.772175658076167,
2002-02-12,30.64657020568848,,0.7531023347464424,
2002-02-13,31.169580459594727,,0.7915622005804925,
2002-02-14,31.11055374145508,,0.7869630629341611,
2002-02-15,30.182621002197266,,0.7164434207545932,
2002-02-19,29.254711151123047,,0.6502737318659895,
2002-02-20,29.65117073059082,,0.6766273455099271,
2002-02-21,28.24242782592773,,0.5800992718868941,
2002-02-22,28.385826110839844,,0.588860627581573,
2002-02-25,29.533071517944336,,0.6601830670987989,
2002-02-26,29.42340660095215,,0.6527435337285075,
2002-02-27,29.01849937438965,,0.6257113257564825,
2002-02-28,28.49548721313477,,0.5917982517500099,
2002-03-01,30.148874282836918,,0.6947352183394399,
2002-03-04,31.338289260864254,,0.7768703933174098,
2002-03-05,31.56605529785156,,0.7937089962894038,
2002-03-06,31.717884063720703,,0.805059515096416,
2002-03-07,31.78539276123047,,0.8100961402823,
2002-03-08,32.62050247192383,,0.8738435145686767,
2002-03-11,32.50241470336914,,0.8642407073318799,
2002-03-12,32.05531311035156,,0.8284638481461142,
2002-03-13,31.279239654541016,,0.7681845208316929,
2002-03-14,31.093664169311523,,0.7544128070516738,
2002-03-15,31.40579032897949,,0.777034440278679,
2002-03-18,31.582918167114254,,0.7900815502374652,
2002-03-19,31.53232955932617,,0.7861830254125314,
2002-03-20,30.418819427490234,,0.7027934780458209,
2002-03-21,31.2286319732666,,0.7588322980438044,
2002-03-22,30.941822052001957,,0.7378265975972023,
2002-03-25,29.99703598022461,,0.6701444057567478,
2002-03-26,30.275421142578125,,0.6887156139210051,
2002-03-27,30.039207458496094,,0.6725063482091451,
2002-03-28,30.418819427490234,,0.6979154073460938,
2002-04-01,31.000877380371094,,0.7378887734006374,
2002-04-02,29.600563049316406,,0.6378019286874802,
2002-04-03,29.549949645996094,,0.6344479465202439,
2002-04-04,29.32218170166016,,0.6196953141526734,
2002-04-05,28.99318504333496,,0.5987563047756295,
2002-04-08,29.35592460632324,,0.6211525352973368,
2002-04-09,28.3352108001709,,0.5562794467115261,
2002-04-10,28.546106338500977,,0.5686286376908892,
2002-04-11,27.83751678466797,,0.5262106920666294,
2002-04-12,28.276180267333984,,0.5510188792574043,
2002-04-15,28.50393295288086,,0.564262460341248,
2002-04-16,29.6933650970459,,0.6348274813129814,
2002-04-17,29.541513442993164,,0.6250060672853035,
2002-04-18,28.9763298034668,,0.5890528732804148,
2002-04-19,29.069116592407227,,0.5946355957306765,
2002-04-22,28.3352108001709,,0.549520716639567,
2002-04-23,27.845951080322266,,0.5209843495213194,
2002-04-24,27.41573905944824,,0.4967699529331952,
2002-04-25,27.348255157470703,,0.4930374593360982,
2002-04-26,26.18413543701172,,0.4300131995038366,
2002-04-29,26.251623153686523,,0.433282703598946,
2002-04-30,26.766193389892575,,0.4587057274921942,
2002-05-01,26.62278175354004,,0.4512733937126759,
2002-05-02,25.737049102783203,,0.406173944716242,
2002-05-03,25.08751106262207,,0.3753691307743912,
2002-05-06,24.437971115112305,,0.346164690623792,
2002-05-07,24.21020126342773,,0.3364409258642095,
2002-05-08,26.79994201660156,,0.4443637558168527,
2002-05-09,26.108217239379883,,0.4098984299996648,
2002-05-10,24.9356689453125,,0.3546185990294596,
2002-05-13,25.947938919067383,,0.3977603497033817,
2002-05-14,27.474782943725582,,0.467924783016128,
2002-05-15,27.67724609375,,0.4782089004947759,
2002-05-16,27.71941566467285,,0.4803330267471286,
2002-05-17,27.778461456298828,,0.4833405614904578,
2002-05-20,27.17110824584961,,0.4515746701206726,
2002-05-21,26.42876243591309,,0.4145037963475433,
2002-05-22,26.487823486328125,,0.4172292252174371,
2002-05-23,27.01925468444824,,0.4422882880101627,
2002-05-24,26.35284423828125,,0.4095050588543624,
2002-05-28,26.234752655029297,,0.4039470393152009,
2002-05-29,25.543031692504883,,0.3719428049071381,
2002-05-30,25.762357711791992,,0.3814759119925502,
2002-05-31,25.34058380126953,,0.3626904527488447,
2002-06-03,24.446401596069336,,0.3242493561479571,
2002-06-04,24.76695251464844,,0.3369625806051403,
2002-06-05,25.020029067993164,,0.3472486767775473,
2002-06-06,24.362049102783203,,0.319807903171884,
2002-06-07,23.872777938842773,,0.3004982153746502,
2002-06-10,23.830602645874023,,0.2988668029890919,
2002-06-11,23.1641845703125,,0.2737549910168373,
2002-06-12,23.501617431640625,,0.2856830449202618,
2002-06-13,23.34977531433105,,0.2801088588539001,
2002-06-14,23.299156188964844,,0.2782510062755106,
2002-06-17,24.092103958129883,,0.3066245279974102,
2002-06-18,24.480148315429688,,0.3214010980995898,
2002-06-19,23.062959671020508,,0.2655406084478757,
2002-06-20,22.32062721252441,,0.2398653101953389,
2002-06-21,21.780742645263672,,0.2224289947781439,
2002-06-24,22.21096611022949,,0.2355808634008648,
2002-06-25,21.477066040039062,,0.2121981108700563,
2002-06-26,21.637348175048828,,0.2169216010235175,
2002-06-27,22.109739303588867,,0.2311012479066448,
2002-06-28,22.01694869995117,,0.2281617602751481,
2002-07-01,20.96249389648437,,0.1953503603910423,
2002-07-02,20.20330047607422,,0.174100290504144,
2002-07-03,20.87813377380371,,0.1915237906686628,
2002-07-05,22.21940803527832,,0.2284112778001802,
2002-07-08,21.409582138061523,,0.2034072410622937,
2002-07-09,20.802217483520508,,0.1860697254347174,
2002-07-10,20.161109924316406,,0.1688421625251248,
2002-07-11,20.92032241821289,,0.1878947868032881,
2002-07-12,20.92032241821289,,0.1878705448662472,
2002-07-15,21.56985664367676,,0.2053453215702632,
2002-07-16,21.249311447143555,,0.1961640446103665,
2002-07-17,21.637348175048828,,0.2068852751526223,
2002-07-18,20.86125946044922,,0.1845968910407968,
2002-07-19,20.23702621459961,,0.1680019490556907,
2002-07-22,19.73932838439941,,0.1555850425743595,
2002-07-23,18.895767211914062,,0.1356181657839335,
2002-07-24,19.924917221069336,,0.1577598274862004,
2002-07-25,18.769235610961918,,0.1302883986565754,
2002-07-26,19.123533248901367,,0.1376497592634522,
2002-07-29,20.102052688598636,,0.1587619286720453,
2002-07-30,20.506967544555664,,0.168335251255826,
2002-07-31,20.11893844604492,,0.1587579061265459,
2002-08-01,19.17414665222168,,0.1363714570186327,
2002-08-02,18.769235610961918,,0.1277143685002195,
2002-08-05,18.085947036743164,,0.1137496774214691,
2002-08-06,18.980119705200195,,0.1306064187814852,
2002-08-07,19.233192443847656,,0.1358139172644464,
2002-08-08,19.88273811340332,,0.1495565661779535,
2002-08-09,19.68028259277344,,0.1449687017671414,
2002-08-12,19.73932838439941,,0.1462548256647222,
2002-08-13,19.06448554992676,,0.1312355944698763,
2002-08-14,20.279205322265625,,0.1563042288258901,
2002-08-15,20.692556381225582,,0.1658419103395846,
2002-08-16,20.83596420288086,,0.1692685690612627,
2002-08-19,21.342090606689453,,0.1815818386229884,
2002-08-20,21.249311447143555,,0.1791902724543053,
2002-08-21,21.721702575683597,,0.1911178318566914,
2002-08-22,22.067550659179688,,0.2002219800316504,
2002-08-23,21.21556854248047,,0.1770056881906315,
2002-08-26,21.299928665161133,,0.1790943507611456,
2002-08-27,20.55758476257324,,0.1603458858599023,
2002-08-28,19.806812286376957,,0.142757481147758,
2002-08-29,20.068321228027344,,0.1483935351671194,
2002-08-30,19.81525039672852,,0.1427604558761402,
2002-09-03,19.098220825195312,,0.1272443573249018,
2002-09-04,19.17414665222168,,0.1287455372461601,
2002-09-05,18.70175170898437,,0.1192131852060882,
2002-09-06,19.275375366210938,,0.1301673924109588,
2002-09-09,19.46938705444336,,0.1340811048080422,
2002-09-10,19.95022392272949,,0.1439980382366209,
2002-09-11,19.78150749206543,,0.1403261421539,
2002-09-12,19.24162483215332,,0.1288185717190958,
2002-09-13,19.39347267150879,,0.1318517183489618,
2002-09-16,19.115100860595703,,0.1261569510658476,
2002-09-17,18.710189819335938,,0.1181236083550738,
2002-09-18,18.49929428100586,,0.1141140086247454,
2002-09-19,18.204036712646484,,0.1086353436178264,
2002-09-20,18.279970169067383,,0.1099807608024622,
2002-09-23,17.731658935546875,,0.1000698887856172,
2002-09-24,17.740089416503906,,0.1001997119723922,
2002-09-25,18.44868469238281,,0.1121936644975737,
2002-09-26,18.22091484069824,,0.1080237168614205,
2002-09-27,17.976287841796875,,0.1036589250828814,
2002-09-30,17.47859001159668,,0.0950357387277102,
2002-10-01,18.541479110717773,,0.1123611088080534,
2002-10-02,17.92567253112793,,0.1011512738772679,
2002-10-03,17.49546241760254,,0.0938554337859579,
2002-10-04,17.16646957397461,,0.0885486204927996,
2002-10-07,17.006181716918945,,0.0860567905478795,
2002-10-08,17.039918899536133,,0.0865578508454731,
2002-10-09,16.921833038330078,,0.0847471573841537,
2002-10-10,17.782268524169922,,0.0976638054426738,
2002-10-11,18.743927001953125,,0.113496071971039,
2002-10-14,18.963245391845703,,0.1174654033624267,
2002-10-15,19.87430000305176,,0.1343804826738792,
2002-10-16,19.2163200378418,,0.1210163104306807,
2002-10-17,19.865861892700195,,0.1332723222146488,
2002-10-18,20.085186004638672,,0.137669207469131,
2002-10-21,20.49009323120117,,0.1459774710744944,
2002-10-22,20.36356735229492,,0.1432544141517976,
2002-10-23,20.751604080200195,,0.1514252591694049,
2002-10-24,20.228595733642575,,0.1399564859629941,
2002-10-25,20.83596420288086,,0.1525451107741806,
2002-10-28,20.65882110595703,,0.1486347078113181,
2002-10-29,20.17798614501953,,0.138237093265625,
2002-10-30,20.717866897583008,,0.1493152434077151,
2002-10-31,20.709423065185547,,0.14911341292432,
2002-11-01,21.299928665161133,,0.1618495716659288,
2002-11-04,21.84822654724121,,0.174327573789239,
2002-11-05,22.01694869995117,,0.1783437977475012,
2002-11-06,22.32906150817871,,0.185905406303538,
2002-11-07,21.54454231262207,,0.1662863709126952,
2002-11-08,21.148073196411133,,0.1570847621569986,
2002-11-11,20.506967544555664,,0.1427783811962462,
2002-11-12,21.02997398376465,,0.1536841515058424,
2002-11-13,21.283037185668945,,0.1592123763861921,
2002-11-14,22.01694869995117,,0.1756623878640985,
2002-11-15,22.303756713867188,,0.1825046237089126,
2002-11-18,21.974763870239254,,0.1744049424206214,
2002-11-19,21.637348175048828,,0.1663486392556581,
2002-11-20,22.55682182312012,,0.1875340074590287,
2002-11-21,23.391958236694336,,0.2083394058357037,
2002-11-22,23.38352394104004,,0.208087167155829,
2002-11-25,23.611278533935547,,0.2141406022132355,
2002-11-26,22.818323135375977,,0.1925380373778301,
2002-11-27,23.54378890991211,,0.2108773534057276,
2002-11-29,23.38352394104004,,0.2065437554254854,
2002-12-02,23.61971473693848,,0.2127758390974133,
2002-12-03,22.9195556640625,,0.1938264479870208,
2002-12-04,22.41342544555664,,0.1809606914956439,
2002-12-05,22.101306915283203,,0.1733774307937808,
2002-12-06,22.32906150817871,,0.1787150398517094,
2002-12-09,21.27461242675781,,0.1533735098147974,
2002-12-10,21.595163345336918,,0.1602864947556656,
2002-12-11,21.69638442993164,,0.1625197046105383,
2002-12-12,21.814489364624023,,0.1651527795365737,
2002-12-13,21.12276268005371,,0.1494207325102252,
2002-12-16,21.806060791015625,,0.1639022428799185,
2002-12-17,21.873538970947266,,0.1654026676761274,
2002-12-18,21.409582138061523,,0.1548563232597194,
2002-12-19,21.13964462280273,,0.1489789389060071,
2002-12-20,21.358963012695312,,0.1535965726585204,
2002-12-23,21.654205322265625,,0.1599461952319756,
2002-12-24,21.38426971435547,,0.1539440180296022,
2002-12-26,21.32522964477539,,0.1526490790890673,
2002-12-27,20.93718910217285,,0.144296433472003,
2002-12-30,20.77691078186035,,0.1409639633919664,
2002-12-31,20.55758476257324,,0.1364816288819078,
2003-01-02,21.42645263671875,,0.1537692392906995,
2003-01-03,21.66264915466309,,0.1588346692468409,
2003-01-06,22.202531814575195,,0.1706897440566416,
2003-01-07,22.48091125488281,,0.1770881404023329,
2003-01-08,21.84822654724121,,0.1621138136140557,
2003-01-09,22.523082733154297,,0.177115194066607,
2003-01-10,22.86051177978516,,0.1850526845335472,
2003-01-13,22.725534439086918,,0.1817509405058393,
2003-01-14,22.84363174438477,,0.1845609950721611,
2003-01-15,22.55682182312012,,0.1775854964506562,
2003-01-16,22.303756713867188,,0.1715855865931073,
2003-01-17,21.35053062438965,,0.1495635866964285,
2003-01-21,21.114341735839844,,0.1445806771737473,
2003-01-22,21.02997398376465,,0.1428288963560525,
2003-01-23,21.519243240356445,,0.1527793524112574,
2003-01-24,20.93718910217285,,0.1403624781692661,
2003-01-27,20.692556381225582,,0.1354243308420937,
2003-01-28,20.903440475463867,,0.1395473093942096,
2003-01-29,21.21556854248047,,0.145780424275417,
2003-01-30,20.667251586914062,,0.134458518589588,
2003-01-31,20.616628646850582,,0.1334531316393112,
2003-02-03,20.65882110595703,,0.1342552594589983,
2003-02-04,20.405736923217773,,0.1293037916196005,
2003-02-05,20.312952041625977,,0.1275232760736368,
2003-02-06,20.422622680664062,,0.1295723367319849,
2003-02-07,20.085186004638672,,0.1231329685855186,
2003-02-10,20.26234245300293,,0.1263752744221637,
2003-02-11,20.371999740600582,,0.1284107516470874,
2003-02-12,20.093618392944336,,0.1231300238622312,
2003-02-13,20.19485092163086,,0.1249751411331065,
2003-02-14,20.65882110595703,,0.1335728076435157,
2003-02-18,21.299928665161133,,0.1459911149262188,
2003-02-19,21.15651512145996,,0.1430233817032597,
2003-02-20,21.072153091430664,,0.1412940031727231,
2003-02-21,21.232431411743164,,0.1444998910574332,
2003-02-24,20.869707107543945,,0.1370755549363913,
2003-02-25,20.895008087158203,,0.1375564122017093,
2003-02-26,20.43105697631836,,0.1283757896874443,
2003-02-27,20.895008087158203,,0.13710474942072,
2003-02-28,21.223995208740234,,0.1435631090779003,
2003-03-03,20.79378318786621,,0.1348144808532179,
2003-03-04,20.667251586914062,,0.1323360211003757,
2003-03-05,20.709423065185547,,0.1331290413015945,
2003-03-06,20.65882110595703,,0.1321359919684843,
2003-03-07,20.70099449157715,,0.1329281801837123,
2003-03-10,20.25390243530273,,0.1242982360093529,
2003-03-11,20.07674789428711,,0.1210206059959102,
2003-03-12,20.439483642578125,,0.1275645953017272,
2003-03-13,21.61203956604004,,0.1495022076186609,
2003-03-14,21.69638442993164,,0.1512332966466486,
2003-03-17,22.4387264251709,,0.1667371306843452,
2003-03-18,22.717100143432617,,0.1729212160031027,
2003-03-19,22.523082733154297,,0.1684683589520409,
2003-03-20,22.607437133789062,,0.1703394878248775,
2003-03-21,22.9195556640625,,0.1773726374794681,
2003-03-24,21.966333389282227,,0.1552190166028824,
2003-03-25,22.278453826904297,,0.1618155285678492,
2003-03-26,22.40497589111328,,0.1645515618784702,
2003-03-27,22.244701385498047,,0.16099896161006,
2003-03-28,22.00007057189941,,0.1556665463547113,
2003-03-31,21.299928665161133,,0.1407844184218469,
2003-04-01,21.4686279296875,,0.1441113683185457,
2003-04-02,22.059120178222656,,0.1559840772377483,
2003-04-03,22.33749389648437,,0.1618692469529668,
2003-04-04,21.974763870239254,,0.1539627642867077,
2003-04-07,22.00851249694824,,0.1546522637219305,
2003-04-08,21.98320579528809,,0.1540988254728268,
2003-04-09,21.477066040039062,,0.1434350628941114,
2003-04-10,21.73857307434082,,0.1486559987142729,
2003-04-11,21.519243240356445,,0.1441372559697986,
2003-04-14,21.95790100097656,,0.1529331320721987,
2003-04-15,22.168779373168945,,0.1573195993135569,
2003-04-16,22.1181640625,,0.1562217353228104,
2003-04-17,22.62430763244629,,0.166926334341582,
2003-04-21,22.708669662475582,,0.1687721137999448,
2003-04-22,23.138885498046875,,0.1783425041129686,
2003-04-23,23.30759048461914,,0.1822203656797724,
2003-04-24,23.181058883666992,,0.1792291572432068,
2003-04-25,22.733970642089844,,0.1688357673571716,
2003-04-28,23.181058883666992,,0.1787750009931193,
2003-04-29,23.391958236694336,,0.1836313761180021,
2003-04-30,23.155744552612305,,0.1780447155365019,
2003-05-01,23.35820579528809,,0.1826919230599733,
2003-05-02,23.85590934753418,,0.1943464435756267,
2003-05-05,23.830602645874023,,0.1937028725043943,
2003-05-06,24.1342887878418,,0.2010832597846745,
2003-05-07,23.86434936523437,,0.194310032431758,
2003-05-08,23.425687789916992,,0.183569856736553,
2003-05-09,23.9655704498291,,0.1962381607656428,
2003-05-12,24.32830619812012,,0.2051234497303813,
2003-05-13,24.17645835876465,,0.2012560822343433,
2003-05-14,24.12584686279297,,0.1999661755551425,
2003-05-15,24.395790100097656,,0.2066526193334657,
2003-05-16,24.21020126342773,,0.2019096821751407,
2003-05-19,23.35820579528809,,0.1805670640120864,
2003-05-20,23.425687789916992,,0.1821087454343133,
2003-05-21,23.35820579528809,,0.1805114569756596,
2003-05-22,23.695629119873047,,0.1883109571595093,
2003-05-23,23.704076766967773,,0.1884880638002654,
2003-05-27,24.54762840270996,,0.2085867920129854,
2003-05-28,24.623550415039062,,0.2104952603363201,
2003-05-29,24.724782943725582,,0.2130642716859612,
2003-05-30,25.129682540893555,,0.2235043733307547,
2003-06-02,24.952531814575195,,0.2187487807543046,
2003-06-03,25.188735961914062,,0.224932677505964,
2003-06-04,25.6611328125,,0.2375590147580668,
2003-06-05,25.84670639038086,,0.2426822307814858,
2003-06-06,25.416501998901367,,0.2305329784219435,
2003-06-09,25.079071044921875,,0.2213215278039067,
2003-06-10,25.458669662475582,,0.2313427887349854,
2003-06-11,25.745492935180664,,0.2391320256154701,
2003-06-12,25.855152130126957,,0.2421568177091679,
2003-06-13,25.273094177246094,,0.2257710819469622,
2003-06-16,26.049169540405277,,0.2465405986320999,
2003-06-17,25.947938919067383,,0.2436345192373568,
2003-06-18,26.082904815673828,,0.2474048156862115,
2003-06-19,25.6611328125,,0.235370962917614,
2003-06-20,25.627389907836918,,0.2344120980804544,
2003-06-23,25.230907440185547,,0.2235020551437399,
2003-06-24,25.03689384460449,,0.2183173478853436,
2003-06-25,24.90192031860352,,0.2147583440477326,
2003-06-26,25.49242210388184,,0.2300083959901429,
2003-06-27,25.16343116760254,,0.2210736416144286,
2003-06-30,25.26465606689453,,0.2237130568702739,
2003-07-01,25.60207939147949,,0.2326476250561739,
2003-07-02,26.125089645385746,,0.2468754854423873,
2003-07-03,25.79609680175781,,0.2375169365600634,
2003-07-07,26.901172637939453,,0.2680111694340228,
2003-07-08,27.23014259338379,,0.2778089827182792,
2003-07-09,27.16266632080078,,0.2757079088284996,
2003-07-10,26.656530380249023,,0.260260115291913,
2003-07-11,26.85899543762207,,0.2661568186967861,
2003-07-14,27.179553985595703,,0.2756521184802335,
2003-07-15,27.21327781677246,,0.2766426246336998,
2003-07-16,27.12892341613769,,0.2740343623378938,
2003-07-17,26.3022403717041,,0.2489475636318577,
2003-07-18,26.3865966796875,,0.2513107118853964,
2003-07-21,26.049169540405277,,0.2416371370798693,
2003-07-22,26.437196731567383,,0.2524042072971967,
2003-07-23,26.656530380249023,,0.2586537838059449,
2003-07-24,26.3022403717041,,0.2483071666926697,
2003-07-25,26.825244903564453,,0.2630874549666615,
2003-07-28,26.901172637939453,,0.2652874859027814,
2003-07-29,26.698707580566406,,0.2592633958798269,
2003-07-30,26.50468635559082,,0.253577694746095,
2003-07-31,26.825244903564453,,0.262745596430922,
2003-08-01,26.53843688964844,,0.2542840901062585,
2003-08-04,26.529991149902344,,0.2540085083600387,
2003-08-05,25.48397254943848,,0.2239307633117347,
2003-08-06,25.46711540222168,,0.2234574946579925,
2003-08-07,25.568334579467773,,0.2260930632500782,
2003-08-08,25.365877151489254,,0.2206930832892051,
2003-08-11,25.64426612854004,,0.2279308897304798,
2003-08-12,26.032289505004883,,0.2382479488838943,
2003-08-13,26.040740966796875,,0.2384492542073952,
2003-08-14,26.066038131713867,,0.2391134112825216,
2003-08-15,26.29379272460937,,0.2453503926112613,
2003-08-18,26.968645095825195,,0.2642101122256479,
2003-08-19,27.30607414245605,,0.2740933373432031,
2003-08-20,27.23858642578125,,0.2720256864148348,
2003-08-21,27.53384017944336,,0.280836490143522,
2003-08-22,27.36511993408203,,0.2756375770433282,
2003-08-25,27.424171447753903,,0.2773864193409366,
2003-08-26,27.44947624206543,,0.2781184801745271,
2003-08-27,27.668798446655277,,0.2847491247003236,
2003-08-28,27.91343307495117,,0.292265244135193,
2003-08-29,28.16649436950684,,0.3001765072117984,
2003-09-02,28.5714168548584,,0.3130838220048141,
2003-09-03,28.554540634155277,,0.3124886425901484,
2003-09-04,28.816051483154297,,0.321033913342563,
2003-09-05,28.63046646118164,,0.3147897962253332,
2003-09-08,29.10285758972168,,0.3303308958049302,
2003-09-09,28.757003784179688,,0.3185114749240026,
2003-09-10,28.065284729003903,,0.2954860195341898,
2003-09-11,28.377397537231445,,0.3053061577513793,
2003-09-12,28.52923583984375,,0.3101675519243931,
2003-09-15,28.25086212158203,,0.3010481646523647,
2003-09-16,29.01849937438965,,0.3255497203266627,
2003-09-17,28.9004020690918,,0.3215330250632776,
2003-09-18,29.339054107666016,,0.3361322840014819,
2003-09-19,29.17034339904785,,0.3302902516147651,
2003-09-22,28.61359024047852,,0.3113356075567082,
2003-09-23,29.11973571777344,,0.3278170756735767,
2003-09-24,28.02311134338379,,0.2907388479570683,
2003-09-25,27.66037940979004,,0.2794113419825416,
2003-09-26,27.48321533203125,,0.2740064235337929,
2003-09-29,27.955612182617188,,0.2881003977909089,
2003-09-30,27.348255157470703,,0.269285623941486,
2003-10-01,27.964059829711918,,0.2874415127283532,
2003-10-02,28.05683898925781,,0.2902654478139297,
2003-10-03,28.841358184814453,,0.3145770150545261,
2003-10-06,29.05224227905273,,0.3214368619824057,
2003-10-07,29.22940826416016,,0.3272759362028432,
2003-10-08,29.043813705444336,,0.3209995141670191,
2003-10-09,29.263132095336918,,0.3282299848049453,
2003-10-10,29.533071517944336,,0.3372709653688159,
2003-10-13,29.72710227966309,,0.3438750098296075,
2003-10-14,29.80301856994629,,0.3464651803400808,
2003-10-15,29.67647361755371,,0.3420071598154846,
2003-10-16,29.912675857543945,,0.3501293879205124,
2003-10-17,29.195636749267575,,0.3249052773095946,
2003-10-20,29.55838203430176,,0.3369738520697682,
2003-10-21,29.73553466796875,,0.342989145397557,
2003-10-22,29.16190528869629,,0.3230950417473488,
2003-10-23,28.824493408203125,,0.3118384404991213,
2003-10-24,28.849788665771484,,0.3126191794815012,
2003-10-27,28.858232498168945,,0.3128533403913076,
2003-10-28,29.82832717895508,,0.3443634910105617,
2003-10-29,29.794565200805664,,0.3431497310123617,
2003-10-30,29.853620529174805,,0.3451459129720461,
2003-10-31,29.67647361755371,,0.3389572502866676,
2003-11-03,30.16575050354004,,0.3556787126816728,
2003-11-04,29.963287353515625,,0.3484712082719232,
2003-11-05,30.23321914672852,,0.3578441199560147,
2003-11-06,30.31759262084961,,0.3607939159963823,
2003-11-07,30.05608940124512,,0.3514113250436536,
2003-11-10,29.68491554260254,,0.3383468578411523,
2003-11-11,29.57526397705078,,0.334553799196494,
2003-11-12,30.20792961120605,,0.3559806746279116,
2003-11-13,30.174192428588867,,0.3547420346392363,
2003-11-14,29.55838203430176,,0.3329769941606567,
2003-11-17,29.254711151123047,,0.3226714203013526,
2003-11-18,28.57984733581543,,0.3002991026818892,
2003-11-19,28.858232498168945,,0.3090356483079208,
2003-11-20,28.57984733581543,,0.3000523041378026,
2003-11-21,28.87510299682617,,0.3093130264914611,
2003-11-24,29.67647361755371,,0.3350262089831189,
2003-11-25,29.67647361755371,,0.3349829843444612,
2003-11-26,29.811447143554688,,0.3395104398644126,
2003-11-28,29.845184326171875,,0.3406192938070456,
2003-12-01,30.28383445739746,,0.3555941220718444,
2003-12-02,30.11513328552246,,0.3496055539492189,
2003-12-03,29.73553466796875,,0.3363402061364554,
2003-12-04,30.05608940124512,,0.347174246620007,
2003-12-05,29.55838203430176,,0.3298825822003274,
2003-12-08,29.72710227966309,,0.3354889640280732,
2003-12-09,29.043813705444336,,0.3123116614006131,
2003-12-10,29.153470993041992,,0.3158088418166266,
2003-12-11,29.77769660949707,,0.3360541169635314,
2003-12-12,29.72710227966309,,0.3342978233701367,
2003-12-15,29.339054107666016,,0.3211632391866381,
2003-12-16,29.39809799194336,,0.3230607945909326,
2003-12-17,29.448719024658203,,0.3246879636231217,
2003-12-18,29.99703598022461,,0.3427825407072028,
2003-12-19,29.912675857543945,,0.3398463119063459,
2003-12-22,30.005451202392575,,0.3429646056355032,
2003-12-23,30.23321914672852,,0.3507305719471764,
2003-12-24,30.295677185058597,,0.3528590172513389,
2003-12-26,30.25348281860352,,0.3513391564901821,
2003-12-29,30.751384735107425,,0.3686405016479187,
2003-12-30,30.852649688720703,,0.3722347628023137,
2003-12-31,30.76826286315918,,0.3691323765641306,
2004-01-02,30.68386650085449,,0.3660471966359931,
2004-01-05,31.29989242553711,,0.3880468551099327,
2004-01-06,31.510887145996094,,0.3958443411707187,
2004-01-07,31.79780960083008,,0.4066063545132622,
2004-01-08,32.050960540771484,,0.4162652033194655,
2004-01-09,31.83999252319336,,0.407991589731365,
2004-01-12,32.34633255004883,,0.427403384708162,
2004-01-13,32.0256462097168,,0.4146362199707368,
2004-01-14,32.1353645324707,,0.4188442953623024,
2004-01-15,32.21975326538086,,0.422089961472205,
2004-01-16,32.54887008666992,,0.4349701380824498,
2004-01-20,32.523563385009766,,0.4338994527604449,
2004-01-21,32.388519287109375,,0.4284385693884038,
2004-01-22,32.19442367553711,,0.4206807443787831,
2004-01-23,32.07627868652344,,0.4159951087134229,
2004-01-26,32.56575012207031,,0.4349852043122837,
2004-01-27,31.848432540893555,,0.406185154265847,
2004-01-28,31.308351516723636,,0.3854686648863678,
2004-01-29,31.42650604248047,,0.3897830905207461,
2004-01-30,31.283021926879883,,0.3843938989003796,
2004-02-02,31.19864273071289,,0.3812338463071201,
2004-02-03,31.164888381958008,,0.3799472696327276,
2004-02-04,30.65854835510254,,0.3613790900505121,
2004-02-05,30.77667999267578,,0.3655097966138464,
2004-02-06,31.333663940429688,,0.385307185885352,
2004-02-09,31.325218200683597,,0.3849459046050525,
2004-02-10,31.3758602142334,,0.3867632114531448,
2004-02-11,31.71341896057129,,0.3991963452817487,
2004-02-12,31.434932708740234,,0.3886284073577612,
2004-02-13,31.173324584960938,,0.378875524918895,
2004-02-17,31.595273971557617,,0.3942115558785283,
2004-02-18,31.688098907470703,,0.397635201802136,
2004-02-19,31.207090377807617,,0.3794762252261044,
2004-02-20,31.10581970214844,,0.3757329308670913,
2004-02-23,30.75981712341309,,0.3631461674877104,
2004-02-24,30.68386650085449,,0.3604093270586294,
2004-02-25,30.86951446533203,,0.366904629347589,
2004-02-26,30.94547843933105,,0.369565938260291,
2004-02-27,30.86109161376953,,0.3664948919418359,
2004-03-01,31.266157150268555,,0.3808788320369572,
2004-03-02,30.90327835083008,,0.367568114254085,
2004-03-03,30.73448944091797,,0.3614978911303364,
2004-03-04,31.02142143249512,,0.3715759005333705,
2004-03-05,30.9117374420166,,0.3675865618435147,
2004-03-08,30.185970306396484,,0.3416477822665721,
2004-03-09,30.093128204345703,,0.3384513151808981,
2004-03-10,29.69649124145508,,0.3250249619848463,
2004-03-11,29.42646789550781,,0.3161168966377057,
2004-03-12,29.96656036376953,,0.3334821104540577,
2004-03-15,29.44335174560547,,0.3159715433389714,
2004-03-16,29.493980407714844,,0.3175607426747243,
2004-03-17,29.9581356048584,,0.3325124038446741,
2004-03-18,29.82311248779297,,0.3279735433890953,
2004-03-19,29.3252067565918,,0.3115043811761969,
2004-03-22,28.95389175415039,,0.2996314102640156,
2004-03-23,28.71759605407715,,0.2922567835878557,
2004-03-24,29.046728134155277,,0.302267733192083,
2004-03-25,29.82311248779297,,0.3264665015732229,
2004-03-26,29.721834182739254,,0.3230983729248705,
2004-03-29,30.20282554626465,,0.3387428853655344,
2004-03-30,30.30411720275879,,0.342107322070214,
2004-03-31,30.24503326416016,,0.3400621638545492,
2004-04-01,30.51509666442871,,0.3491277201268034,
2004-04-02,31.308351516723636,,0.3763099133009925,
2004-04-05,31.603702545166016,,0.3869112542093165,
2004-04-06,31.207090377807617,,0.3722946519016448,
2004-04-07,31.173324584960938,,0.3710381604808479,
2004-04-08,31.173324584960938,,0.3709902896278073,
2004-04-12,31.367416381835938,,0.3778720200034107,
2004-04-13,30.9117374420166,,0.3613550649704767,
2004-04-14,31.063621520996094,,0.3666349716980732,
2004-04-15,30.506650924682617,,0.3468663786816617,
2004-04-16,30.456018447875977,,0.345094523987747,
2004-04-19,30.82732963562012,,0.3576718856882526,
2004-04-20,30.110013961791992,,0.332657928039169,
2004-04-21,30.37162971496582,,0.3412860664792633,
2004-04-22,31.15645408630371,,0.3676992534969838,
2004-04-23,31.40119171142578,,0.3763167765636755,
2004-04-26,31.173324584960938,,0.3680758391741053,
2004-04-27,31.11425399780273,,0.3659359407814088,
2004-04-28,30.54884529113769,,0.345939347420027,
2004-04-29,30.07626724243164,,0.3298400973118943,
2004-04-30,29.34208297729492,,0.3056426085044849,
2004-05-03,29.620561599731445,,0.3143055154221283,
2004-05-04,29.747154235839844,,0.3182948097868889,
2004-05-05,29.983448028564453,,0.3258387807407719,
2004-05-06,29.755584716796875,,0.3183679723913291,
2004-05-07,29.5108642578125,,0.3104717843575413,
2004-05-10,29.25769805908203,,0.3024413522786999,
2004-05-11,29.69649124145508,,0.3160099507750854,
2004-05-12,29.755584716796875,,0.3178556778370249,
2004-05-13,29.54461097717285,,0.3110536653325931,
2004-05-14,29.3252067565918,,0.3040836924466774,
2004-05-17,29.046728134155277,,0.2953815228106889,
2004-05-18,29.308332443237305,,0.3033243201348262,
2004-05-19,29.274568557739254,,0.3022368754662156,
2004-05-20,29.40958976745605,,0.3063798443695806,
2004-05-21,29.55306053161621,,0.3108242153623058,
2004-05-24,29.755584716796875,,0.3171742555550214,
2004-05-25,30.346309661865234,,0.3360235102118316,
2004-05-26,30.54041290283203,,0.3424280498853839,
2004-05-27,30.73448944091797,,0.3489119991483024,
2004-05-28,30.844207763671875,,0.3526037009212422,
2004-06-01,30.802017211914062,,0.3511112711779435,
2004-06-02,30.73448944091797,,0.3487567301517289,
2004-06-03,30.363187789916992,,0.3360718022627144,
2004-06-04,30.54041290283203,,0.3419132361955041,
2004-06-07,31.266157150268555,,0.3662441926918941,
2004-06-08,31.308351516723636,,0.3676797041197906,
2004-06-09,30.86951446533203,,0.3521713940495207,
2004-06-10,31.08892822265625,,0.3596354290974264,
2004-06-14,30.650110244750977,,0.3443603450386086,
2004-06-15,31.046743392944336,,0.3576846831517593,
2004-06-16,30.99610137939453,,0.3558882189533398,
2004-06-17,30.70918273925781,,0.3459593536503362,
2004-06-18,30.751384735107425,,0.3473410190270549,
2004-06-21,30.506650924682617,,0.3390033018134099,
2004-06-22,30.953914642333984,,0.3538701365833807,
2004-06-23,31.325218200683597,,0.3665588869320873,
2004-06-24,31.266157150268555,,0.3644382466211553,
2004-06-25,31.50244140625,,0.3726536133042652,
2004-06-28,31.24084854125977,,0.3633221081722153,
2004-06-29,31.53620147705078,,0.373579842628307,
2004-06-30,31.848432540893555,,0.3846277707999082,
2004-07-01,31.257732391357425,,0.3631768093993126,
2004-07-02,31.07205581665039,,0.3566579453241289,
2004-07-06,30.4054012298584,,0.3336555161626883,
2004-07-07,30.4644718170166,,0.3355571123912288,
2004-07-08,30.12690544128418,,0.3243592390328132,
2004-07-09,30.169078826904297,,0.3256795611309634,
2004-07-12,30.04250144958496,,0.3215382792020126,
2004-07-13,30.00031089782715,,0.3201421261964013,
2004-07-14,29.69649124145508,,0.3103743756030106,
2004-07-15,29.595260620117188,,0.3071602806814488,
2004-07-16,29.25769805908203,,0.2966102713467959,
2004-07-19,29.198625564575195,,0.2947753981071678,
2004-07-20,29.899049758911133,,0.3159508124207922,
2004-07-21,29.029842376708984,,0.2883546468585001,
2004-07-22,29.42646789550781,,0.3001365376669296,
2004-07-23,28.8695068359375,,0.2830555688785263,
2004-07-26,28.74293327331543,,0.2792960188937621,
2004-07-27,29.139549255371094,,0.2908217757417718,
2004-07-28,29.01296043395996,,0.2869940667268051,
2004-07-29,29.35051727294922,,0.2969743012645709,
2004-07-30,29.44335174560547,,0.2997539383428217,
2004-08-02,29.502422332763672,,0.3015194043094384,
2004-08-03,28.886384963989254,,0.282592505780129,
2004-08-04,28.89481544494629,,0.2828034696289835,
2004-08-05,28.354736328125,,0.2669091640116686,
2004-08-06,27.61210060119629,,0.2459029635831733,
2004-08-09,27.67962074279785,,0.2476751643254146,
2004-08-10,28.025623321533203,,0.2569312247469585,
2004-08-11,27.780879974365234,,0.2501668562625661,
2004-08-12,27.4011344909668,,0.2398757545153393,
2004-08-13,27.443342208862305,,0.2409532939078142,
2004-08-16,27.75556755065918,,0.2491462475102831,
2004-08-17,28.06780815124512,,0.2575225320903473,
2004-08-18,28.56570243835449,,0.2711938680034741,
2004-08-19,28.413801193237305,,0.266832569820443,
2004-08-20,28.70072364807129,,0.2748815662169387,
2004-08-23,28.76823616027832,,0.2767859073378507,
2004-08-24,28.759809494018555,,0.2765069720237095,
2004-08-25,29.156435012817383,,0.287911191168257,
2004-08-26,29.029842376708984,,0.284123850481437,
2004-08-27,29.164867401123047,,0.2880517854973343,
2004-08-30,28.6754093170166,,0.2735119727758511,
2004-08-31,28.70916748046875,,0.2744426616150894,
2004-09-01,28.92012596130371,,0.2804571683136824,
2004-09-02,29.35051727294922,,0.2929423329382599,
2004-09-03,28.81043243408203,,0.2767330635281256,
2004-09-07,29.055164337158203,,0.2837495353665175,
2004-09-08,28.945459365844727,,0.280498826369055,
2004-09-09,29.19018173217773,,0.287577155401411,
2004-09-10,29.637439727783203,,0.3007590023546533,
2004-09-13,30.0256290435791,,0.312538166141623,
2004-09-14,30.06784439086914,,0.3138161074077344,
2004-09-15,29.747154235839844,,0.3037345533215808,
2004-09-16,29.80622673034668,,0.305504852363905,
2004-09-17,29.899049758911133,,0.308319660841307,
2004-09-20,29.899049758911133,,0.3082798818461909,
2004-09-21,30.01717758178711,,0.3118940466441613,
2004-09-22,29.493980407714844,,0.2955449363367896,
2004-09-23,29.468669891357425,,0.2947459321304522,
2004-09-24,29.36739730834961,,0.2916691162236904,
2004-09-27,29.11422348022461,,0.2840881217162034,
2004-09-28,29.173303604125977,,0.2857809290198969,
2004-09-29,29.603687286376957,,0.2983921402661021,
2004-09-30,29.65431404113769,,0.299884528333171,
2004-10-01,30.4644718170166,,0.3244244317059052,
2004-10-04,30.64165496826172,,0.3300431893469235,
2004-10-05,30.68386650085449,,0.3313645968136661,
2004-10-06,30.92861557006836,,0.3392512080539234,
2004-10-07,30.58260726928711,,0.3278215034540763,
2004-10-08,30.0256290435791,,0.3098681024396718,
2004-10-11,30.169078826904297,,0.3142693807097599,
2004-10-12,30.11846160888672,,0.3126470050403542,
2004-10-13,30.05094146728516,,0.3105039736825359,
2004-10-14,29.915929794311523,,0.3062788532110707,
2004-10-15,30.06784439086914,,0.3109052357944865,
2004-10-18,30.49820899963379,,0.3242151933159892,
2004-10-19,30.278806686401367,,0.3171762086772431,
2004-10-20,30.422269821166992,,0.3216436971758255,
2004-10-21,30.88640785217285,,0.3363236916269654,
2004-10-22,30.2112979888916,,0.3142263809953081,
2004-10-25,30.06784439086914,,0.3097096762410277,
2004-10-26,30.228174209594727,,0.31462408333607,
2004-10-27,30.99610137939453,,0.3385619535808268,
2004-10-28,31.190200805664062,,0.3448785578998769,
2004-10-29,31.139583587646484,,0.3431549969655239,
2004-11-01,31.257732391357425,,0.3470166864267643,
2004-11-02,31.358963012695312,,0.350343437173812,
2004-11-03,31.569965362548828,,0.3573702133370995,
2004-11-04,31.74715805053711,,0.3633415393715274,
2004-11-05,32.03409194946289,,0.37314640992863,
2004-11-08,32.06784439086914,,0.3742777544466334,
2004-11-09,32.00033187866211,,0.3718655619756331,
2004-11-10,31.8906307220459,,0.3679931788246954,
2004-11-11,32.312583923339844,,0.3825527402352546,
2004-11-12,32.62482070922852,,0.3935932153820572,
2004-11-15,32.76828384399414,,0.3987347496148489,
2004-11-16,32.56575012207031,,0.3912898239359917,
2004-11-17,33.00457763671875,,0.4070573767018507,
2004-11-18,33.15645980834961,,0.4126245117373059,
2004-11-19,32.64168167114258,,0.393352389126359,
2004-11-22,32.95392608642578,,0.4045898524695231,
2004-11-23,32.90329360961914,,0.402672741223351,
2004-11-24,33.19023132324219,,0.4131554785829433,
2004-11-26,33.088951110839844,,0.4093199337080099,
2004-11-29,33.08052444458008,,0.4089544028654067,
2004-11-30,33.01300430297852,,0.406397508782044,
2004-12-01,33.68810272216797,,0.4312769160950564,
2004-12-02,33.814697265625,,0.4360832839280966,
2004-12-03,33.865333557128906,,0.4379860780827873,
2004-12-06,33.98347854614258,,0.4425135369837398,
2004-12-07,33.40119552612305,,0.4197099691489869,
2004-12-08,33.59527969360352,,0.4269722388691888,
2004-12-09,33.7978401184082,,0.4346403505860486,
2004-12-10,33.69655990600586,,0.4306768821293293,
2004-12-13,33.99192428588867,,0.4419465034250119,
2004-12-14,34.160701751708984,,0.4484725721820597,
2004-12-15,34.03411865234375,,0.4434292411146658,
2004-12-16,33.71342468261719,,0.4308371017541143,
2004-12-17,33.627384185791016,,0.4274828797647036,
2004-12-20,33.397361755371094,,0.4186553536132749,
2004-12-21,33.80630111694336,,0.4339802174660622,
2004-12-22,33.84890365600586,,0.4355649252984779,
2004-12-23,33.87444305419922,,0.4364946459523033,
2004-12-27,33.72962188720703,,0.430839979878865,
2004-12-28,34.053375244140625,,0.4431906300681917,
2004-12-29,34.095977783203125,,0.4447968136095024,
2004-12-30,34.070404052734375,,0.4437385653056472,
2004-12-31,34.010765075683594,,0.4413510711029879,
2005-01-03,33.65296173095703,,0.427364695720596,
2005-01-04,33.03951644897461,,0.4039388191786932,
2005-01-05,32.83505630493164,,0.3963875572282926,
2005-01-06,32.67318344116211,,0.3904739874126616,
2005-01-07,32.84357833862305,,0.3965327267319478,
2005-01-10,32.826534271240234,,0.3958642285251946,
2005-01-11,32.59648513793945,,0.3874904768456441,
2005-01-12,32.86913299560547,,0.3971637815323747,
2005-01-13,32.43461990356445,,0.3813616350764484,
2005-01-14,32.7413444519043,,0.3921317027874863,
2005-01-18,32.98841857910156,,0.4009584733155996,
2005-01-19,32.44314956665039,,0.3810242888682987,
2005-01-20,31.821208953857425,,0.3590622312522863,
2005-01-21,31.565616607666016,,0.3503637931878586,
2005-01-24,31.12258720397949,,0.3355663232563362,
2005-01-25,31.27594947814941,,0.340483723312028,
2005-01-26,31.65080070495605,,0.3526821798533249,
2005-01-27,31.60821533203125,,0.3512131017008211,
2005-01-28,31.45486068725586,,0.3460558112847114,
2005-01-31,31.863794326782227,,0.3595080152330793,
2005-02-01,31.966033935546875,,0.3629222329202571,
2005-02-02,32.01715850830078,,0.3646167178517637,
2005-02-03,31.65080070495605,,0.3520532449795107,
2005-02-04,32.16199493408203,,0.3690659310556978,
2005-02-07,32.09382247924805,,0.3666714331374067,
2005-02-08,32.153465270996094,,0.3686683796364037,
2005-02-09,31.616722106933597,,0.3501580860886044,
2005-02-10,31.65080070495605,,0.3512451799155321,
2005-02-11,32.119388580322266,,0.3668003431812072,
2005-02-14,32.26423645019531,,0.3717154655139256,
2005-02-15,32.477230072021484,,0.3790291899313068,
2005-02-16,32.35794448852539,,0.3748038803707653,
2005-02-17,31.923460006713867,,0.3596575495258069,
2005-02-18,31.821208953857425,,0.3561551904776444,
2005-02-22,31.42930221557617,,0.3429501276653475,
2005-02-23,31.47189140319824,,0.3443000542480285,
2005-02-24,31.872339248657227,,0.3573982383461953,
2005-02-25,32.05122375488281,,0.3633698538500795,
2005-02-28,31.71043586730957,,0.3517322718673383,
2005-03-01,32.059757232666016,,0.3633109134622436,
2005-03-02,32.04271697998047,,0.3626847236000455,
2005-03-03,31.778602600097656,,0.353669566397324,
2005-03-04,31.966033935546875,,0.3598818036972567,
2005-03-07,32.42610168457031,,0.37537405415689,
2005-03-08,32.10235977172852,,0.3640824301680217,
2005-03-09,32.00864028930664,,0.3608467549853739,
2005-03-10,31.966033935546875,,0.3593592414140819,
2005-03-11,31.66785049438477,,0.3492564241161859,
2005-03-14,31.812686920166016,,0.3540034524648016,
2005-03-15,31.557106018066406,,0.3454256624608757,
2005-03-16,31.19925880432129,,0.3336300555439093,
2005-03-17,31.27594947814941,,0.3360472919600115,
2005-03-18,31.105525970458984,,0.3305105428126118,
2005-03-21,31.16517448425293,,0.3323692795912238,
2005-03-22,30.78178977966309,,0.320060273761904,
2005-03-23,30.892566680908203,,0.3234744599132148,
2005-03-24,30.90107536315918,,0.3237000075746536,
2005-03-28,30.96071434020996,,0.3255324641790573,
2005-03-29,30.713642120361328,,0.3176970368102295,
2005-03-30,31.292972564697266,,0.3356335543165357,
2005-03-31,31.15667152404785,,0.331204550730559,
2005-04-01,30.84143447875977,,0.3211086325825969,
2005-04-04,31.06295394897461,,0.3279863189146143,
2005-04-05,31.14814758300781,,0.3306426203151922,
2005-04-06,31.097028732299805,,0.3289720566572444,
2005-04-07,31.47189140319824,,0.3408265063740098,
2005-04-08,31.216293334960938,,0.3324784951422146,
2005-04-11,31.07998275756836,,0.3280801491381688,
2005-04-12,31.233346939086918,,0.332894555367789,
2005-04-13,30.722156524658203,,0.3165063348418416,
2005-04-14,30.287643432617188,,0.303036154629322,
2005-04-15,29.597553253173828,,0.2822834344585149,
2005-04-18,29.606077194213867,,0.2824909030955163,
2005-04-19,29.81055450439453,,0.2883076108605099,
2005-04-20,29.563459396362305,,0.2811012012677531,
2005-04-21,30.347286224365234,,0.3034237513101208,
2005-04-22,29.895750045776367,,0.2898407107805481,
2005-04-25,30.142822265625,,0.29698944648943,
2005-04-26,29.861671447753903,,0.2886408100132721,
2005-04-27,29.904260635375977,,0.2898385622084535,
2005-04-28,29.606077194213867,,0.2811309923986125,
2005-04-29,29.802032470703125,,0.2866769300289069,
2005-05-02,29.92129898071289,,0.2900817512516847,
2005-05-03,30.074663162231445,,0.2945048418964315,
2005-05-04,30.44100570678711,,0.3052290259726362,
2005-05-05,30.4665584564209,,0.3059582905896153,
2005-05-06,30.5517692565918,,0.3084859868267358,
2005-05-09,30.696611404418945,,0.312833667751817,
2005-05-10,30.475082397460938,,0.3060204025898579,
2005-05-11,30.62843894958496,,0.3106007831065598,
2005-05-12,30.54324150085449,,0.3079687663160605,
2005-05-13,30.87552070617676,,0.3179801874710721,
2005-05-16,31.07998275756836,,0.3242562909921499,
2005-05-17,31.267406463623047,,0.3300806092992575,
2005-05-18,31.693403244018555,,0.3435293825316188,
2005-05-19,31.95751571655273,,0.3520733207137235,
2005-05-20,32.0853157043457,,0.3562517825239866,
2005-05-23,32.24718475341797,,0.3615976445287278,
2005-05-24,32.349422454833984,,0.3649902604671629,
2005-05-25,32.213111877441406,,0.3603292977528528,
2005-05-26,32.53687286376953,,0.3711473815735654,
2005-05-27,32.553916931152344,,0.371682760516091,
2005-05-31,32.44314956665039,,0.3678407635349496,
2005-06-01,32.70725631713867,,0.3767766403676799,
2005-06-02,32.937294006347656,,0.3846779005902123,
2005-06-03,32.4601936340332,,0.3679119632468225,
2005-06-06,32.46869659423828,,0.3681536197723785,
2005-06-07,32.196067810058594,,0.3588323326971104,
2005-06-08,32.12791061401367,,0.3565071553215138,
2005-06-09,32.332374572753906,,0.363267658283825,
2005-06-10,31.99160385131836,,0.3517346881650051,
2005-06-13,32.144954681396484,,0.3567473980601299,
2005-06-14,32.01715850830078,,0.3524464931000555,
2005-06-15,32.119388580322266,,0.3557770822613496,
2005-06-16,32.28977966308594,,0.3613932970828044,
2005-06-17,32.294063568115234,,0.3614905094136981,
2005-06-20,32.294063568115234,,0.3614438703859784,
2005-06-21,32.27699279785156,,0.3608240553792922,
2005-06-22,32.242881774902344,,0.359633522377483,
2005-06-23,31.884721755981445,,0.3476024917159107,
2005-06-24,31.52656555175781,,0.3358439475816629,
2005-06-27,31.381595611572266,,0.3311676411408452,
2005-06-28,31.68006706237793,,0.3405741552987696,
2005-06-29,31.611841201782227,,0.3383298440707913,
2005-06-30,31.36453437805176,,0.3303456928134073,
2005-07-01,31.321901321411133,,0.3289559792021437,
2005-07-05,31.645946502685547,,0.3391233202287671,
2005-07-06,31.49246597290039,,0.3341453969641601,
2005-07-07,31.603315353393555,,0.337630730860159,
2005-07-08,32.208770751953125,,0.3569921294255831,
2005-07-11,32.50724411010742,,0.3668706320538877,
2005-07-12,32.66073226928711,,0.3720200142232421,
2005-07-13,32.737483978271484,,0.3745947232168151,
2005-07-14,33.06153869628906,,0.3856702649152557,
2005-07-15,33.163875579833984,,0.3892018543525554,
2005-07-18,33.027435302734375,,0.3843479666557141,
2005-07-19,33.41117477416992,,0.397695375741884,
2005-07-20,33.6499137878418,,0.4061692434036633,
2005-07-21,33.658477783203125,,0.4064269535444664,
2005-07-22,33.615814208984375,,0.4048290257274655,
2005-07-25,33.487911224365234,,0.4001558593434601,
2005-07-26,33.615814208984375,,0.4046892709776954,
2005-07-27,33.871665954589844,,0.4138773930457381,
2005-07-28,34.0336799621582,,0.4197629355290211,
2005-07-29,33.75227737426758,,0.4092965298892048,
2005-08-01,33.81194305419922,,0.4114143281465243,
2005-08-02,34.178653717041016,,0.4247473483690131,
2005-08-03,34.161590576171875,,0.424056403266047,
2005-08-04,33.82902526855469,,0.4116170420147054,
2005-08-05,33.66699981689453,,0.4056495675237183,
2005-08-08,33.4196891784668,,0.3966577841510691,
2005-08-09,33.64142227172852,,0.4045018480540876,
2005-08-10,33.35147857666016,,0.3939908783622321,
2005-08-11,33.624359130859375,,0.4036109022101161,
2005-08-12,33.436744689941406,,0.3968027238514934,
2005-08-15,33.64142227172852,,0.4040384184512889,
2005-08-16,33.09565734863281,,0.3843221394921008,
2005-08-17,33.29178237915039,,0.3911050395041309,
2005-08-18,33.12122344970703,,0.3850435055575621,
2005-08-19,33.10417938232422,,0.3843994015725064,
2005-08-22,33.12122344970703,,0.3849435442248319,
2005-08-23,33.027435302734375,,0.3816237880037456,
2005-08-24,32.8312873840332,,0.3747752303827703,
2005-08-25,32.90802764892578,,0.3773548904178808,
2005-08-26,32.79718399047852,,0.373493086674142,
2005-08-29,33.05302810668945,,0.3821855283491695,
2005-08-30,32.93362808227539,,0.3779944237419687,
2005-08-31,33.24060821533203,,0.3885157126876277,
2005-09-01,33.18944549560547,,0.3866716196826498,
2005-09-02,33.06153869628906,,0.3821512206222584,
2005-09-06,33.5476188659668,,0.3989574046341773,
2005-09-07,33.60731887817383,,0.401035838007194,
2005-09-08,33.598785400390625,,0.4006786071494164,
2005-09-09,33.78639221191406,,0.4073387651016977,
2005-09-12,33.88017654418945,,0.4106782859679253,
2005-09-13,33.79492950439453,,0.4075253368880224,
2005-09-14,33.41117477416992,,0.393589926555346,
2005-09-15,33.39411926269531,,0.3929363946986096,
2005-09-16,33.598785400390625,,0.400110393454197,
2005-09-19,33.334407806396484,,0.3906137675329767,
2005-09-20,33.1979866027832,,0.3857676056202829,
2005-09-21,32.8312873840332,,0.3729344676227617,
2005-09-22,32.95066833496094,,0.3769545390377804,
2005-09-23,33.04447555541992,,0.3801253592154406,
2005-09-26,33.05302810668945,,0.3803714673939077,
2005-09-27,32.97626876831055,,0.3776723723402109,
2005-09-28,32.98477554321289,,0.3779159260878692,
2005-09-29,33.4282341003418,,0.393109659163899,
2005-09-30,33.6499137878418,,0.4008796732453891,
2005-10-03,33.735233306884766,,0.4038772493268485,
2005-10-04,33.51350402832031,,0.395861531853615,
2005-10-05,33.05302810668945,,0.3794930326450841,
2005-10-06,32.61808776855469,,0.3644629780821545,
2005-10-07,32.69483947753906,,0.3669887449145502,
2005-10-10,32.51576232910156,,0.3609111514640813,
2005-10-11,32.353755950927734,,0.3554699812176169,
2005-10-12,31.97000312805176,,0.3427752683242879,
2005-10-13,32.21729278564453,,0.3506851981607365,
2005-10-14,32.456077575683594,,0.3584374697869276,
2005-10-17,32.55841064453125,,0.3617816534174353,
2005-10-18,32.32815933227539,,0.3540594761987136,
2005-10-19,32.97626876831055,,0.3753081682666205,
2005-10-20,32.669273376464844,,0.3647778561176986,
2005-10-21,32.87392044067383,,0.3715859240636497,
2005-10-24,33.39411926269531,,0.3891779741236804,
2005-10-25,33.26620101928711,,0.3846554518492852,
2005-10-26,33.09565734863281,,0.3786898597974841,
2005-10-27,32.43050003051758,,0.3558082479767133,
2005-10-28,32.67780685424805,,0.363902254271237,
2005-10-31,33.14680480957031,,0.3795236823761748,
2005-11-01,33.12122344970703,,0.3785960137667098,
2005-11-02,33.55613708496094,,0.3934611611487689,
2005-11-03,34.059268951416016,,0.4111087558442193,
2005-11-04,34.178653717041016,,0.415378778193993,
2005-11-07,34.22129440307617,,0.416879844302996,
2005-11-08,34.22980117797852,,0.4171369446558665,
2005-11-09,34.24687576293945,,0.4177073577124003,
2005-11-10,34.622093200683594,,0.4313829882231565,
2005-11-11,34.71589660644531,,0.4348336356611633,
2005-11-14,34.71589660644531,,0.4347775340002374,
2005-11-15,34.55387878417969,,0.4286341669345721,
2005-11-16,34.76707458496094,,0.4365128228423475,
2005-11-17,35.22755813598633,,0.4538011023013429,
2005-11-18,35.34693908691406,,0.4583561466461969,
2005-11-21,35.432220458984375,,0.4616146304587131,
2005-11-22,35.56013107299805,,0.4665543716503548,
2005-11-23,35.64539337158203,,0.4698501407107441,
2005-11-25,35.72214889526367,,0.4728247179799404,
2005-11-28,35.42368698120117,,0.4609122297812579,
2005-11-29,35.253116607666016,,0.4541946786451119,
2005-11-30,35.16785430908203,,0.4508405676692403,
2005-12-01,35.82448196411133,,0.4760356660958589,
2005-12-02,35.90977478027344,,0.4793743610680465,
2005-12-05,35.64539337158203,,0.4687245041544453,
2005-12-06,35.76478576660156,,0.4733739351347916,
2005-12-07,35.69656753540039,,0.4706041017107127,
2005-12-08,35.44072723388672,,0.4604248074709531,
2005-12-09,35.57717514038086,,0.4656833537277206,
2005-12-12,35.70510482788086,,0.4706468347945693,
2005-12-13,35.850067138671875,,0.4763185746063647,
2005-12-14,35.730690002441406,,0.4714988410417592,
2005-12-15,35.790382385253906,,0.4738010941744705,
2005-12-16,35.54332733154297,,0.4639282546606867,
2005-12-19,34.97914123535156,,0.4417763310148455,
2005-12-20,35.00479507446289,,0.4426913350881723,
2005-12-21,35.15866470336914,,0.4484719985448389,
2005-12-22,35.38945007324219,,0.4572455969164218,
2005-12-23,35.38945007324219,,0.4571866036938781,
2005-12-27,35.081722259521484,,0.4452012642913101,
2005-12-28,35.03897476196289,,0.443516375839743,
2005-12-29,34.80818176269531,,0.4346951582526661,
2005-12-30,34.54319381713867,,0.4247113243346143,
2006-01-03,35.312538146972656,,0.4530339784149152,
2006-01-04,35.68009948730469,,0.4671221562318526,
2006-01-05,35.8339729309082,,0.4731054000445335,
2006-01-06,36.483619689941406,,0.498775645591413,
2006-01-09,36.628936767578125,,0.5046712800814724,
2006-01-10,36.65459060668945,,0.5056665392008658,
2006-01-11,36.93667984008789,,0.5172759417600996,
2006-01-12,36.75717926025391,,0.5096678111610181,
2006-01-13,36.74007797241211,,0.5088906852223366,
2006-01-17,36.500732421875,,0.4988794276165106,
2006-01-18,36.08185958862305,,0.4816400343994482,
2006-01-19,36.34683990478516,,0.4921891924287451,
2006-01-20,35.261226654052734,,0.4480233333289333,
2006-01-23,35.26979446411133,,0.4482921134974519,
2006-01-24,35.42364883422852,,0.4541009130387979,
2006-01-25,35.26979446411133,,0.4481254808116534,
2006-01-26,35.5176887512207,,0.4575166345381476,
2006-01-27,35.99640274047852,,0.4759570882363175,
2006-01-30,36.06476593017578,,0.4786074472446719,
2006-01-31,35.902347564697266,,0.4720794444738453,
2006-02-01,36.030574798583984,,0.477076711492244,
2006-02-02,35.41511154174805,,0.4525673243464686,
2006-02-03,34.97914123535156,,0.4357952291908861,
2006-02-06,34.88511657714844,,0.4322247235821284,
2006-02-07,34.731231689453125,,0.4264490820014359,
2006-02-08,35.133018493652344,,0.4411941373229856,
2006-02-09,34.799644470214844,,0.4285778616738742,
2006-02-10,35.01335144042969,,0.4364183440252803,
2006-02-13,34.611576080322266,,0.4213384428973499,
2006-02-14,34.962066650390625,,0.434084003761717,
2006-02-15,35.18429946899414,,0.4423056311979659,
2006-02-16,35.50914001464844,,0.4544993823305714,
2006-02-17,35.2270393371582,,0.4436084971073963,
2006-02-21,34.83383560180664,,0.4286966072392325,
2006-02-22,35.26979446411133,,0.4447372065857723,
2006-02-23,35.17575454711914,,0.4411224163159442,
2006-02-24,35.26979446411133,,0.444603432970894,
2006-02-27,35.66300201416016,,0.4594161398964484,
2006-02-28,35.133018493652344,,0.4388748850740749,
2006-03-01,35.611717224121094,,0.4567576984208132,
2006-03-02,35.637351989746094,,0.4576851465738783,
2006-03-03,35.43220901489258,,0.4497222356129262,
2006-03-06,35.12446594238281,,0.4379461542716064,
2006-03-07,34.919315338134766,,0.4302159470453058,
2006-03-08,34.93639373779297,,0.4307916734499874,
2006-03-09,34.63722610473633,,0.4196692161763593,
2006-03-10,34.671417236328125,,0.4208578638368249,
2006-03-13,34.77399444580078,,0.4245389556155213,
2006-03-14,35.36381912231445,,0.4460868386417602,
2006-03-15,35.66300201416016,,0.4573511576069378,
2006-03-16,35.36381912231445,,0.445781764578241,
2006-03-17,35.457069396972656,,0.4492506742760686,
2006-03-20,35.54259490966797,,0.4524436067898121,
2006-03-21,35.166221618652344,,0.4380119700146438,
2006-03-22,35.251766204833984,,0.4411519534763211,
2006-03-23,35.149105072021484,,0.4372408332146296,
2006-03-24,35.32875061035156,,0.4438885772910754,
2006-03-27,35.337310791015625,,0.4441539708997715,
2006-03-28,35.191890716552734,,0.4386133204928509,
2006-03-29,35.85911178588867,,0.4635044145344935,
2006-03-30,35.97029113769531,,0.4677558293788195,
2006-03-31,35.867652893066406,,0.463691372662063,
2006-04-03,35.91041946411133,,0.4652901863169109,
2006-04-04,36.10719299316406,,0.4728789206502473,
2006-04-05,36.44933319091797,,0.4862604580857322,
2006-04-06,36.55199813842773,,0.490306595287574,
2006-04-07,36.201271057128906,,0.476129432289094,
2006-04-10,36.14992904663086,,0.4740422084440202,
2006-04-11,35.85911178588867,,0.4625403902925535,
2006-04-12,35.867652893066406,,0.4628112246707885,
2006-04-13,36.013084411621094,,0.46838115461037,
2006-04-17,35.63670349121094,,0.4536352513749099,
2006-04-18,36.32104110717773,,0.4797104262358709,
2006-04-19,36.48354721069336,,0.4860874364193803,
2006-04-20,36.3552360534668,,0.4808960726079585,
2006-04-21,35.92752456665039,,0.4638611132711243,
2006-04-24,35.89332962036133,,0.4624767912600617,
2006-04-25,35.816314697265625,,0.4594401676572312,
2006-04-26,35.80777359008789,,0.4590522035650108,
2006-04-27,36.14992904663086,,0.4721521771066889,
2006-04-28,35.79922103881836,,0.4583495283394593,
2006-05-01,35.448509216308594,,0.4448195466400523,
2006-05-02,35.54259490966797,,0.4483040112373239,
2006-05-03,35.49128341674805,,0.4463045732776527,
2006-05-04,35.78211975097656,,0.4572188337670023,
2006-05-05,36.06440734863281,,0.4679809362428208,
2006-05-08,36.09861755371094,,0.4692523189667969,
2006-05-09,35.961769104003906,,0.4638550249938793,
2006-05-10,35.64523696899414,,0.451546753129279,
2006-05-11,34.8497200012207,,0.4212561442749201,
2006-05-12,34.37921905517578,,0.4041398425547631,
2006-05-15,34.35355758666992,,0.403182722133889,
2006-05-16,34.096946716308594,,0.3940957385283105,
2006-05-17,33.63501739501953,,0.3780278243209005,
2006-05-18,33.4040412902832,,0.3701911507472246,
2006-05-19,33.66068649291992,,0.378675989952012,
2006-05-22,33.335628509521484,,0.3676566217990982,
2006-05-23,33.01056671142578,,0.3568539267534982,
2006-05-24,33.23299026489258,,0.3640212778570115,
2006-05-25,33.66923904418945,,0.3783098117823131,
2006-05-26,33.78044891357422,,0.3820096872425357,
2006-05-30,33.05332946777344,,0.3572922853341368,
2006-05-31,33.20732498168945,,0.3622400639117362,
2006-06-01,33.99428176879883,,0.3879467374342202,
2006-06-02,33.90874481201172,,0.3849682116579064,
2006-06-05,33.173099517822266,,0.3598630552370814,
2006-06-06,33.147422790527344,,0.358980999815364,
2006-06-07,32.89936828613281,,0.3508755191873159,
2006-06-08,32.84804916381836,,0.3491882767944615,
2006-06-09,32.63417434692383,,0.3423224930997866,
2006-06-12,31.99261283874512,,0.3220889759698417,
2006-06-13,31.86432456970215,,0.318172753775803,
2006-06-14,32.189353942871094,,0.3278681871024551,
2006-06-15,33.06188201904297,,0.3544875765870625,
2006-06-16,32.818790435791016,,0.3466225996061157,
2006-06-19,32.55342483520508,,0.3381697339915299,
2006-06-20,32.59625244140625,,0.3394608020733762,
2006-06-21,33.10981369018555,,0.3554618479047508,
2006-06-22,32.690391540527344,,0.3419074323563962,
2006-06-23,32.65614700317383,,0.3407888333769405,
2006-06-26,32.74174880981445,,0.3434248023387242,
2006-06-27,32.12543487548828,,0.3239871356051663,
2006-06-28,32.36511993408203,,0.3311970542216813,
2006-06-29,33.34950637817383,,0.3613744393910398,
2006-06-30,33.186859130859375,,0.3560404904992642,
2006-07-03,33.38373565673828,,0.3623310399103923,
2006-07-05,32.65614700317383,,0.3385935986063345,
2006-07-06,32.62189483642578,,0.3374844881634137,
2006-07-07,32.26240539550781,,0.3262838283659917,
2006-07-10,31.97990226745605,,0.3176704982655378,
2006-07-11,32.21958923339844,,0.3247722624242004,
2006-07-12,31.61183357238769,,0.3063518972867116,
2006-07-13,31.08112144470215,,0.2908828969838645,
2006-07-14,30.764404296875,,0.2819530628878231,
2006-07-17,30.8414363861084,,0.2840346626691907,
2006-07-18,30.94416236877441,,0.2868361862437588,
2006-07-19,31.34646415710449,,0.2979865599504556,
2006-07-20,30.884246826171875,,0.2847662874500825,
2006-07-21,30.5589599609375,,0.2757316850213169,
2006-07-24,31.166723251342773,,0.2921475469565817,
2006-07-25,31.34646415710449,,0.2971643670259077,
2006-07-26,31.32079696655273,,0.2963960526507944,
2006-07-27,31.11536407470703,,0.2905256330126236,
2006-07-28,31.765914916992188,,0.3087108221680575,
2006-07-31,31.757339477539062,,0.3084209765198324,
2006-08-01,31.22664833068848,,0.2929192832578343,
2006-08-02,31.577592849731445,,0.3027575191249096,
2006-08-03,31.774471282958984,,0.3083813111185065,
2006-08-04,31.62895393371582,,0.3041046482304452,
2006-08-07,31.423513412475582,,0.2981396321119631,
2006-08-08,31.22664833068848,,0.2924977240744768,
2006-08-09,31.269437789916992,,0.2936624035811914,
2006-08-10,31.49200820922852,,0.2998952293768225,
2006-08-11,31.269437789916992,,0.2934979900832691,
2006-08-14,31.47486686706543,,0.2992446553677316,
2006-08-15,32.27096176147461,,0.3219124634187568,
2006-08-16,33.03279113769531,,0.3446693560767351,
2006-08-17,33.15263366699219,,0.3483762548858874,
2006-08-18,33.2039909362793,,0.3499503333451866,
2006-08-21,32.88726043701172,,0.3398907294702161,
2006-08-22,32.89582824707031,,0.340112522866242,
2006-08-23,32.64759063720703,,0.3323689982201523,
2006-08-24,32.74174880981445,,0.3352018499854892,
2006-08-25,32.80167770385742,,0.3369992138518203,
2006-08-28,33.049896240234375,,0.3446062078184114,
2006-08-29,33.15263366699219,,0.3477754294369125,
2006-08-30,33.30670547485352,,0.3525792596865124,
2006-08-31,33.272464752197266,,0.3514463705445143,
2006-09-01,33.45222091674805,,0.3570971474860409,
2006-09-05,33.77748489379883,,0.3674674992345631,
2006-09-06,33.101253509521484,,0.3453497907746757,
2006-09-07,32.94718170166016,,0.3404828790664131,
2006-09-08,33.14405822753906,,0.3465426366388923,
2006-09-11,33.34950637817383,,0.3529422073693768,
2006-09-12,33.965816497802734,,0.3724641441279233,
2006-09-13,34.19693756103516,,0.3800194079752152,
2006-09-14,34.231178283691406,,0.3811118963058451,
2006-09-15,34.35365295410156,,0.3851534310304632,
2006-09-18,34.36222076416016,,0.3853919111440769,
2006-09-19,34.1309700012207,,0.3775613606514696,
2006-09-20,34.627723693847656,,0.3939981157890073,
2006-09-21,34.41361999511719,,0.3866389951317405,
2006-09-22,34.14809799194336,,0.3776396466595659,
2006-09-25,34.747642517089844,,0.3974817932128016,
2006-09-26,34.91891860961914,,0.4033082442152194,
2006-09-27,34.876121520996094,,0.4017733101590701,
2006-09-28,34.9703254699707,,0.404977165536416,
2006-09-29,34.816162109375,,0.3995690057312734,
2006-10-02,34.37934112548828,,0.3844778760691285,
2006-10-03,34.52495574951172,,0.3893136703974299,
2006-10-04,35.37287139892578,,0.4179474888821115,
2006-10-05,35.544158935546875,,0.4239650997377588,
2006-10-06,35.46708679199219,,0.4211524873467122,
2006-10-09,35.58699417114258,,0.4253696567786335,
2006-10-10,35.64696502685547,,0.4274652625464057,
2006-10-11,35.57843399047852,,0.4249447147750677,
2006-10-12,36.14371871948242,,0.4451449759133989,
2006-10-13,36.3406982421875,,0.4523655259085063,
2006-10-16,36.37495040893555,,0.4535862653648798,
2006-10-17,35.972412109375,,0.4384690974282685,
2006-10-18,35.801124572753906,,0.4321490358568182,
2006-10-19,35.886756896972656,,0.4351942384307849,
2006-10-20,35.972412109375,,0.4382542805745245,
2006-10-23,36.3406982421875,,0.4516583006722384,
2006-10-24,36.09232711791992,,0.4423394291510655,
2006-10-25,36.3406982421875,,0.4514143007172538,
2006-10-26,36.67473220825195,,0.4638038979259974,
2006-10-27,36.15226364135742,,0.4439219949802068,
2006-10-30,36.38354110717773,,0.4523844490071501,
2006-10-31,36.46916580200195,,0.4555199953104453,
2006-11-01,35.972412109375,,0.4368470419116166,
2006-11-02,36.00666809082031,,0.4380386888838368,
2006-11-03,35.9124641418457,,0.4345440626763769,
2006-11-06,36.43490219116211,,0.4534526412543578,
2006-11-07,36.68330001831055,,0.4626684851233234,
2006-11-08,36.85458755493164,,0.4690898895077432,
2006-11-09,36.68330001831055,,0.4624888593323293,
2006-11-10,36.85458755493164,,0.4689077706793391,
2006-11-13,37.23144912719727,,0.4832319124058801,
2006-11-14,37.62543487548828,,0.498510346186087,
2006-11-15,37.77959442138672,,0.5045735432215418,
2006-11-16,37.94233322143555,,0.5110289235200307,
2006-11-17,37.94233322143555,,0.5109629912437774,
2006-11-20,38.01941680908203,,0.514011282429366,
2006-11-21,38.07080459594727,,0.5160292084608264,
2006-11-22,38.31061553955078,,0.5257141547788068,
2006-11-24,38.24211502075195,,0.5228263502500551,
2006-11-27,37.37706756591797,,0.4872794562656079,
2006-11-28,37.48837661743164,,0.4915699484202533,
2006-11-29,37.74532318115234,,0.501614236395283,
2006-11-30,37.71964645385742,,0.5005258307506039,
2006-12-01,37.39417266845703,,0.4875045014145403,
2006-12-04,37.90806198120117,,0.5075401919476243,
2006-12-05,38.045108795166016,,0.5129793514841914,
2006-12-06,37.90806198120117,,0.5073695756584021,
2006-12-07,37.42844009399414,,0.4880460310248143,
2006-12-08,37.5997428894043,,0.4946841433528621,
2006-12-11,37.73677444458008,,0.5000289210038077,
2006-12-12,37.51408004760742,,0.4911120107157105,
2006-12-13,37.58259582519531,,0.4937395514490473,
2006-12-14,38.00227737426758,,0.5102164885358607,
2006-12-15,38.10003662109375,,0.5140881919126131,
2006-12-18,37.72272872924805,,0.4987486881246842,
2006-12-19,37.6026725769043,,0.4939223955995741,
2006-12-20,37.465457916259766,,0.4884516030741026,
2006-12-21,37.19965362548828,,0.4779924049880418,
2006-12-22,36.813751220703125,,0.4630549176132437,
2006-12-26,36.96811294555664,,0.46882000555433,
2006-12-27,37.15675354003906,,0.4759363920709601,
2006-12-28,36.9766960144043,,0.468955981745657,
2006-12-29,37.01097106933594,,0.4701995551325,
2007-01-03,37.0795783996582,,0.4727537209075124,
2007-01-04,37.78277206420898,,0.4995892641691605,
2007-01-05,37.6026725769043,,0.4923806175932729,
2007-01-08,37.62840270996094,,0.4933278454217331,
2007-01-09,37.81706237792969,,0.5006844747490055,
2007-01-10,38.262977600097656,,0.5183311546096686,
2007-01-11,38.65742874145508,,0.5342946308270141,
2007-01-12,38.85466766357422,,0.5424039720519352,
2007-01-16,38.82894134521485,,0.5412565878744371,
2007-01-17,38.51167297363281,,0.5279190545409014,
2007-01-18,37.79988861083984,,0.4985794652433462,
2007-01-19,37.877098083496094,,0.5015703114834245,
2007-01-22,37.465457916259766,,0.4851527242708214,
2007-01-23,37.37115097045898,,0.4814264941168268,
2007-01-24,37.98857116699219,,0.5052257634482182,
2007-01-25,37.49979019165039,,0.4856590771591607,
2007-01-26,37.3625602722168,,0.480264631753738,
2007-01-29,37.3968620300293,,0.4815254303326561,
2007-01-30,37.41402053833008,,0.4821261081446735,
2007-01-31,37.79132461547852,,0.4966499993637344,
2007-02-01,37.73131942749024,,0.4942201747902494,
2007-02-02,37.86850738525391,,0.4995472422348467,
2007-02-05,37.83421325683594,,0.498125605210541,
2007-02-06,37.78277206420898,,0.4960295120351934,
2007-02-07,38.125789642333984,,0.5094753899089148,
2007-02-08,38.11719512939453,,0.5090651123252246,
2007-02-09,37.62840270996094,,0.4894155815317099,
2007-02-12,37.482608795166016,,0.4836636116446158,
2007-02-13,37.61124038696289,,0.4885806729284604,
2007-02-14,38.24580383300781,,0.5132471139586389,
2007-02-15,38.46876907348633,,0.5221572736629585,
2007-02-16,38.34014892578125,,0.516852414486817,
2007-02-20,38.6317253112793,,0.5285777006270042,
2007-02-21,38.75175857543945,,0.5334365614297462,
2007-02-22,38.948997497558594,,0.5415130035205681,
2007-02-23,38.81180191040039,,0.5357207936822695,
2007-02-26,38.623138427734375,,0.5278392877833592,
2007-02-27,37.03670883178711,,0.4627288388202558,
2007-02-28,37.15675354003906,,0.467168578053995,
2007-03-01,36.98526382446289,,0.4606399294725359,
2007-03-02,36.427879333496094,,0.4397543481655708,
2007-03-05,36.14487075805664,,0.4294482432536365,
2007-03-06,36.74515151977539,,0.4507891933336398,
2007-03-07,36.599369049072266,,0.4453656589302848,
2007-03-08,36.848087310791016,,0.454387910092118,
2007-03-09,36.813751220703125,,0.4530590510405027,
2007-03-12,37.05385971069336,,0.4618654911878013,
2007-03-13,36.33353042602539,,0.4348698222590097,
2007-03-14,36.86520004272461,,0.45390410453211,
2007-03-15,36.77946090698242,,0.4506785438252236,
2007-03-16,36.75114822387695,,0.44957960620948,
2007-03-19,37.128692626953125,,0.4633771906923675,
2007-03-20,37.3946647644043,,0.4732756418952505,
2007-03-21,38.1154670715332,,0.5005825093238573,
2007-03-22,37.97816848754883,,0.4951083673739775,
2007-03-23,37.85804748535156,,0.4903465601270578,
2007-03-26,38.012489318847656,,0.4962843998707161,
2007-03-27,37.74649810791016,,0.4858021659870376,
2007-03-28,37.34321212768555,,0.4701684649592629,
2007-03-29,37.3861198425293,,0.4717284888969879,
2007-03-30,37.351783752441406,,0.470367895127977,
2007-04-02,37.40325927734375,,0.4722518898495212,
2007-04-03,37.89236068725586,,0.4907170785488142,
2007-04-04,38.04682540893555,,0.4966548559322105,
2007-04-05,38.2355842590332,,0.5039828271998236,
2007-04-09,38.14121627807617,,0.500186213958335,
2007-04-10,38.33857727050781,,0.5078862925195461,
2007-04-11,37.93526077270508,,0.4917920863373362,
2007-04-12,38.2355842590332,,0.5034088019374289,
2007-04-13,38.31283187866211,,0.5063949738219361,
2007-04-16,38.66461563110352,,0.5202786101904725,
2007-04-17,38.75043487548828,,0.5236758860111539,
2007-04-18,38.62172317504883,,0.5183900672789212,
2007-04-19,38.74185180664063,,0.5231603715262143,
2007-04-20,38.95640182495117,,0.5317845649942955,
2007-04-23,39.01642990112305,,0.5341742417743325,
2007-04-24,39.21378326416016,,0.5422112225520949,
2007-04-25,39.7371940612793,,0.5638529602025623,
2007-04-26,39.943138122558594,,0.5725469742081458,
2007-04-27,39.9603271484375,,0.5732122700689504,
2007-04-30,39.4368896484375,,0.5506129139862008,
2007-05-01,39.40255737304688,,0.5491038458486754,
2007-05-02,39.83158493041992,,0.5669694523381246,
2007-05-03,39.97745513916016,,0.5731253256493086,
2007-05-04,40.01179885864258,,0.5745284584454556,
2007-05-07,40.01179885864258,,0.5744543335431376,
2007-05-08,40.09761428833008,,0.5780764063444458,
2007-05-09,40.18340301513672,,0.5817122019595191,
2007-05-10,39.63424301147461,,0.5577875219416334,
2007-05-11,40.14049911499024,,0.57908975126518,
2007-05-14,39.86593246459961,,0.567131872231251,
2007-05-15,39.5570068359375,,0.5538743941743054,
2007-05-16,39.943138122558594,,0.5700226824070584,
2007-05-17,39.75437927246094,,0.561867889003518,
2007-05-18,40.0804328918457,,0.5756202185277199,
2007-05-21,40.33787536621094,,0.5866378309733901,
2007-05-22,40.372169494628906,,0.5880583727459838,
2007-05-23,40.18340301513672,,0.5797338217561699,
2007-05-24,39.6085205078125,,0.5547771978416577,
2007-05-25,39.85734558105469,,0.5651611349676333,
2007-05-29,40.16626739501953,,0.578229379968148,
2007-05-30,40.4923210144043,,0.5922362788773428,
2007-05-31,40.68110275268555,,0.6004431727914129,
2007-06-01,40.70683288574219,,0.6015050159066032,
2007-06-04,40.82696914672852,,0.6067529953307421,
2007-06-05,40.82696914672852,,0.6066747128612683,
2007-06-06,40.38935470581055,,0.5870880404681441,
2007-06-07,39.76295471191406,,0.5596967848347328,
2007-06-08,40.252052307128906,,0.5802779444655406,
2007-06-11,40.1748275756836,,0.5768632375014034,
2007-06-12,39.93456268310547,,0.5664390481848462,
2007-06-13,40.372169494628906,,0.5849872490708878,
2007-06-14,40.638179779052734,,0.5964751333942457,
2007-06-15,41.01345443725586,,0.6129226868943174,
2007-06-18,41.02204895019531,,0.6132289287028713,
2007-06-19,41.01345443725586,,0.6127643786800586,
2007-06-20,40.62701797485352,,0.5953645778127186,
2007-06-21,40.99628829956055,,0.6115220699537354,
2007-06-22,40.60984802246094,,0.5941501365488424,
2007-06-25,40.43810272216797,,0.5865352228437613,
2007-06-26,40.20625305175781,,0.5763709451060679,
2007-06-27,40.82453918457031,,0.6028866376913901,
2007-06-28,40.80735397338867,,0.602047493284918,
2007-06-29,40.87606430053711,,0.6050109521348479,
2007-07-02,41.245304107666016,,0.6213283667669627,
2007-07-03,41.48575592041016,,0.6321148613768628,
2007-07-05,41.78633499145508,,0.6457729983852479,
2007-07-06,41.95808410644531,,0.6536524001110569,
2007-07-09,41.98383331298828,,0.6547714842255212,
2007-07-10,41.63174057006836,,0.6382135020552682,
2007-07-11,41.915138244628906,,0.6511645975722987,
2007-07-12,42.55918884277344,,0.6810971591009956,
2007-07-13,42.85115432739258,,0.6950267180396487,
2007-07-16,42.8082389831543,,0.6928488430613727,
2007-07-17,43.13455581665039,,0.7086037091875234,
2007-07-18,43.0830307006836,,0.705972960866728,
2007-07-19,43.21183395385742,,0.7122137168185487,
2007-07-20,42.97997283935547,,0.7006572833271234,
2007-07-23,42.99715042114258,,0.7014069695869786,
2007-07-24,42.36169052124024,,0.6702179488064762,
2007-07-25,42.42179870605469,,0.6729844510240373,
2007-07-26,42.06111907958984,,0.6557320302164228,
2007-07-27,41.210968017578125,,0.6158859128601891,
2007-07-30,41.69184875488281,,0.6373663197098866,
2007-07-31,40.815948486328125,,0.5971129739670732,
2007-08-01,41.13368225097656,,0.6109807014537388,
2007-08-02,41.51152801513672,,0.6277389124779774,
2007-08-03,40.72148513793945,,0.5918167467220735,
2007-08-06,41.19378662109375,,0.6123326604465774,
2007-08-07,41.48575592041016,,0.6252737530533861,
2007-08-08,41.94091033935547,,0.6457733577435412,
2007-08-09,40.970516204833984,,0.6008659295546056,
2007-08-10,40.60124588012695,,0.5845414580304662,
2007-08-13,40.87606430053711,,0.5963358317110857,
2007-08-14,40.180477142333984,,0.5658153889443396,
2007-08-15,39.41619110107422,,0.5334547076212669,
2007-08-16,39.029781341552734,,0.5176969912526104,
2007-08-17,39.76826095581055,,0.5470161184427234,
2007-08-20,39.95720291137695,,0.5547422855226691,
2007-08-21,40.37797927856445,,0.57219614761732,
2007-08-22,40.92756652832031,,0.5954869183420429,
2007-08-23,40.815948486328125,,0.5905380369375051,
2007-08-24,41.391300201416016,,0.6154349576232898,
2007-08-27,41.11650848388672,,0.6030981655518947,
2007-08-28,40.13753128051758,,0.5599413546862383,
2007-08-29,41.28824996948242,,0.6080286493382038,
2007-08-30,41.50292205810547,,0.6174342647143789,
2007-08-31,41.96665573120117,,0.6380513439529042,
2007-09-04,42.662235260009766,,0.6696953150676772,
2007-09-05,42.23286819458008,,0.6493887960810355,
2007-09-06,42.19853973388672,,0.6477214700222379,
2007-09-07,41.41705703735352,,0.6116520745588018,
2007-09-10,41.391300201416016,,0.6104320198732277,
2007-09-11,42.018184661865234,,0.6380888264141803,
2007-09-12,42.02677536010742,,0.6383978764812032,
2007-09-13,42.23286819458008,,0.6477073258604484,
2007-09-14,42.267208099365234,,0.6492037285450275,
2007-09-17,41.915138244628906,,0.6328971046991023,
2007-09-18,42.97138214111328,,0.6806616735896919,
2007-09-19,43.0830307006836,,0.6858793559457161,
2007-09-20,42.96278762817383,,0.6800480764267177,
2007-09-21,43.2686767578125,,0.6944858833982472,
2007-09-24,43.46629333496094,,0.7039118435884713,
2007-09-25,43.878692626953125,,0.7238567401777662,
2007-09-26,44.09347915649414,,0.734393201656276,
2007-09-27,44.31687545776367,,0.745460695253032,
2007-09-28,44.17082214355469,,0.7379941639111423,
2007-10-01,44.67773818969727,,0.7633071979560946,
2007-10-02,44.68631362915039,,0.76364824433326,
2007-10-03,44.37702941894531,,0.7476935663015856,
2007-10-04,44.48012161254883,,0.7528079964200222,
2007-10-05,45.38228988647461,,0.7985173652159081,
2007-10-08,45.665809631347656,,0.8133802306926977,
2007-10-09,45.863426208496094,,0.8238348799892139,
2007-10-10,45.97511291503906,,0.8297472029071598,
2007-10-11,45.24478912353516,,0.7900980531246458,
2007-10-12,45.992305755615234,,0.829157184680516,
2007-10-15,45.6400260925293,,0.8099973331671901,
2007-10-16,45.425235748291016,,0.7984568397825174,
2007-10-17,46.00946807861328,,0.8291616530527784,
2007-10-18,46.20709228515625,,0.8397391557088806,
2007-10-19,45.0557746887207,,0.7768608089894362,
2007-10-22,45.59705352783203,,0.8047590981426219,
2007-10-23,46.550758361816406,,0.8551521269475799,
2007-10-24,46.19850158691406,,0.8356285918685088,
2007-10-25,45.57987594604492,,0.8019520762910312,
2007-10-26,46.33595657348633,,0.8417570394603249,
2007-10-29,46.52498626708984,,0.851950398257866,
2007-10-30,46.6194953918457,,0.8570323416940945,
2007-10-31,47.28108215332031,,0.8934087304592446,
2007-11-01,46.39611053466797,,0.8431270126255384,
2007-11-02,46.756961822509766,,0.8626907964391625,
2007-11-05,46.45625686645508,,0.8459349944310655,
2007-11-06,46.980350494384766,,0.874455956050459,
2007-11-07,45.837623596191406,,0.810533627408014,
2007-11-08,44.44573211669922,,0.7365917930328302,
2007-11-09,42.9593620300293,,0.662596659523802,
2007-11-12,41.86819076538086,,0.6120211462034082,
2007-11-13,43.595157623291016,,0.687675590468747,
2007-11-14,43.03670120239258,,0.6611593785089214,
2007-11-15,42.80472183227539,,0.6503825971028764,
2007-11-16,43.19991683959961,,0.668312676409047,
2007-11-19,42.701602935791016,,0.6450993585469804,
2007-11-20,42.87342834472656,,0.6528035034016627,
2007-11-21,42.36651992797852,,0.6295642670138043,
2007-11-23,42.8218879699707,,0.6497832772210527,
2007-11-26,42.082984924316406,,0.6160628941655533,
2007-11-27,42.924991607666016,,0.6529624229786947,
2007-11-28,44.230953216552734,,0.7124758971979445,
2007-11-29,44.41999816894531,,0.7215194302564164,
2007-11-30,44.08489990234375,,0.705097215129476,
2007-12-03,43.715450286865234,,0.6872792293468147,
2007-12-04,43.53500747680664,,0.678679978646268,
2007-12-05,44.31687545776367,,0.7151587229128918,
2007-12-06,44.952674865722656,,0.7458468839675342,
2007-12-07,44.96126556396485,,0.7461782618563912,
2007-12-10,45.141693115234375,,0.7550651310713036,
2007-12-11,44.09347915649414,,0.70236868002123,
2007-12-12,44.48871994018555,,0.7211655308397434,
2007-12-13,44.248138427734375,,0.7093729532217323,
2007-12-14,43.79277038574219,,0.6873804571095701,
2007-12-17,42.72737884521485,,0.6371239487578346,
2007-12-18,42.86484909057617,,0.6431913588151119,
2007-12-19,42.85626220703125,,0.6427218339702575,
2007-12-20,43.73263549804688,,0.6820682184810833,
2007-12-21,44.59529113769531,,0.7223429815733777,
2007-12-24,44.93071746826172,,0.7385492324511999,
2007-12-26,45.15436172485352,,0.749482411631585,
2007-12-27,44.612491607666016,,0.7224034624080482,
2007-12-28,44.569480895996094,,0.7202208606361122,
2007-12-31,44.05343627929688,,0.6951108581370158,
2008-01-02,43.35676193237305,,0.6620430966813367,
2008-01-03,43.53739547729492,,0.6702323202435223,
2008-01-04,41.62800979614258,,0.581964275480243,
2008-01-07,41.430171966552734,,0.5735918056561061,
2008-01-08,40.35507583618164,,0.5288643786420916,
2008-01-09,41.21517562866211,,0.5626116789603969,
2008-01-10,41.27537536621094,,0.5650043782920555,
2008-01-11,40.46686935424805,,0.5317294022959683,
2008-01-14,41.17218017578125,,0.5594638767678857,
2008-01-15,40.03684997558594,,0.5131097473881987,
2008-01-16,39.60680770874024,,0.4965093628354862,
2008-01-17,39.05635070800781,,0.4757437827886077,
2008-01-18,39.0047607421875,,0.4737971572737783,
2008-01-22,37.99845886230469,,0.4370648919673068,
2008-01-23,37.85224533081055,,0.4319631819175476,
2008-01-24,38.6263427734375,,0.4584090431602444,
2008-01-25,37.83505630493164,,0.430177452207691,
2008-01-28,38.12746810913086,,0.440095952422993,
2008-01-29,38.196285247802734,,0.4424221895563935,
2008-01-30,38.1618766784668,,0.4411694600005769,
2008-01-31,38.815528869628906,,0.4637821323327643,
2008-02-01,39.21117401123047,,0.4779042342488641,
2008-02-04,38.660736083984375,,0.4577164287738214,
2008-02-05,37.559818267822266,,0.4185550537764793,
2008-02-06,36.82015609741211,,0.3937733496847705,
2008-02-07,37.078155517578125,,0.402000073964892,
2008-02-08,37.49962615966797,,0.4156569186235423,
2008-02-11,37.90385818481445,,0.4290451721589363,
2008-02-12,37.6888427734375,,0.4216883449658519,
2008-02-13,38.51449203491211,,0.4493477117231536,
2008-02-14,37.81784057617188,,0.4249062868066899,
2008-02-15,37.6888427734375,,0.4205033612130454,
2008-02-19,37.620025634765625,,0.4181456809922034,
2008-02-20,37.79203796386719,,0.4238274711036281,
2008-02-21,37.43081283569336,,0.4116196634819444,
2008-02-22,37.56842041015625,,0.4161062913058834,
2008-02-25,37.75763702392578,,0.4223398722988716,
2008-02-26,37.90385818481445,,0.4271920741357992,
2008-02-27,38.09306716918945,,0.4335343476437042,
2008-02-28,37.94685745239258,,0.4284864080692175,
2008-02-29,36.940547943115234,,0.3943421406718915,
2008-03-03,36.699737548828125,,0.3865792752598154,
2008-03-04,36.90614318847656,,0.3930519644246591,
2008-03-05,37.0867919921875,,0.3987730052645267,
2008-03-06,36.26969146728516,,0.3723641160707245,
2008-03-07,36.18368911743164,,0.3696672353190862,
2008-03-10,35.48700714111328,,0.3482667849169848,
2008-03-11,36.83735275268555,,0.3879784189113926,
2008-03-12,36.73414611816406,,0.3846673832611185,
2008-03-13,37.01795959472656,,0.393533746233516,
2008-03-14,36.33849334716797,,0.3718129862907267,
2008-03-17,35.676246643066406,,0.3514368261018437,
2008-03-18,37.26737594604492,,0.3984128066163105,
2008-03-19,36.34709548950195,,0.3688461903940581,
2008-03-20,37.08992004394531,,0.3914128995834192,
2008-03-24,38.37245559692383,,0.4319665015283999,
2008-03-25,38.58763885498047,,0.4391778542869406,
2008-03-26,38.47574234008789,,0.4353006055924181,
2008-03-27,37.62359237670898,,0.4063216960597848,
2008-03-28,37.43424987792969,,0.4001347738145572,
2008-03-31,37.63222122192383,,0.4064314972623561,
2008-04-01,39.241817474365234,,0.4585304287252812,
2008-04-02,39.15573501586914,,0.4554537163339611,
2008-04-03,39.241817474365234,,0.4583988495596177,
2008-04-04,39.47420501708984,,0.4664835338842512,
2008-04-07,39.38815689086914,,0.4633727464599545,
2008-04-08,39.086891174316406,,0.4526804528360382,
2008-04-09,38.64790344238281,,0.4373697868354884,
2008-04-10,39.19879531860352,,0.4560163230156952,
2008-04-11,38.11423110961914,,0.4181058928036831,
2008-04-14,37.94206237792969,,0.4123859742496431,
2008-04-15,37.99371719360352,,0.414017051593203,
2008-04-16,39.05245208740234,,0.4485746975564751,
2008-04-17,38.96637725830078,,0.4455507360204013,
2008-04-18,40.20586395263672,,0.4880110001179902,
2008-04-21,40.48992156982422,,0.498291546830459,
2008-04-22,39.887393951416016,,0.475982135620726,
2008-04-23,40.32636642456055,,0.4916356941926898,
2008-04-24,40.687896728515625,,0.5047949679864655,
2008-04-25,40.58460235595703,,0.5008852707112735,
2008-04-28,40.66207885742188,,0.5036892354495748,
2008-04-29,40.9719352722168,,0.5151390087248683,
2008-04-30,40.63623809814453,,0.5024104123223277,
2008-05-01,41.918758392333984,,0.5499153164556554,
2008-05-02,41.9790267944336,,0.5522162778245383,
2008-05-05,41.85850524902344,,0.5473888023010537,
2008-05-06,42.11675262451172,,0.5574495766426181,
2008-05-07,41.35066223144531,,0.5269581614227788,
2008-05-08,41.66053771972656,,0.5387370036600359,
2008-05-09,41.49699783325195,,0.5323230041164179,
2008-05-12,42.25445938110352,,0.5614044482047575,
2008-05-13,42.36635971069336,,0.565792232842117,
2008-05-14,42.27169799804688,,0.5619266839485819,
2008-05-15,43.01192474365234,,0.5913741602293122,
2008-05-16,43.04635238647461,,0.5927179066009843,
2008-05-19,42.73649215698242,,0.5798417645846565,
2008-05-20,42.40938568115234,,0.566452572013594,
2008-05-21,41.47116470336914,,0.5287846728960492,
2008-05-22,41.61750411987305,,0.5343142217212362,
2008-05-23,41.488380432128906,,0.5292719483247738,
2008-05-27,42.22003555297852,,0.5572050830406992,
2008-05-28,42.39219284057617,,0.5639494059878731,
2008-05-29,42.77092361450195,,0.578991574981267,
2008-05-30,43.04635238647461,,0.5901023426748284,
2008-06-02,42.52128601074219,,0.5684325392171394,
2008-06-03,42.28887939453125,,0.5590386348896793,
2008-06-04,42.831153869628906,,0.5804723312689588,
2008-06-05,43.511173248291016,,0.6080454759165409,
2008-06-06,42.20281982421875,,0.5531163995309769,
2008-06-09,41.9790267944336,,0.5442458435243572,
2008-06-10,41.78104782104492,,0.5364754066356519,
2008-06-11,40.77396774291992,,0.4976129783884168,
2008-06-12,40.8170051574707,,0.4991244865143996,
2008-06-13,41.63470077514648,,0.5290572864281147,
2008-06-16,42.00482940673828,,0.5430988389016902,
2008-06-17,41.78104782104492,,0.5343486585718884,
2008-06-18,41.333457946777344,,0.5171066885942679,
2008-06-19,41.9790267944336,,0.5412693484931381,
2008-06-20,40.84547805786133,,0.4973522485392619,
2008-06-23,40.52677536010742,,0.4856460941652218,
2008-06-24,40.32003402709961,,0.4781510822131446,
2008-06-25,40.97468566894531,,0.501379728611984,
2008-06-26,39.32088470458984,,0.4406056838759735,
2008-06-27,39.32088470458984,,0.4405488375130162,
2008-06-30,38.90744018554688,,0.4265953755871637,
2008-07-01,39.45867919921875,,0.4446722940676086,
2008-07-02,38.511207580566406,,0.4125828540377022,
2008-07-03,38.44227981567383,,0.4103142877319031,
2008-07-07,38.67486190795898,,0.4177087555574224,
2008-07-08,39.59650802612305,,0.447517645046911,
2008-07-09,38.54566955566406,,0.4118303440235675,
2008-07-10,39.00217819213867,,0.4264095238575706,
2008-07-11,38.38198471069336,,0.4060128446204556,
2008-07-14,38.097747802734375,,0.3969403049380325,
2008-07-15,38.10636520385742,,0.3971584462436331,
2008-07-16,39.053855895996094,,0.4267324868137926,
2008-07-17,39.31227493286133,,0.4351484862093415,
2008-07-18,38.4078483581543,,0.4050589875100156,
2008-07-21,38.571475982666016,,0.4101837036102608,
2008-07-22,38.571475982666016,,0.4101307822509867,
2008-07-23,39.07969284057617,,0.4262894882638287,
2008-07-24,38.49396133422852,,0.4070666424916031,
2008-07-25,38.993560791015625,,0.4228636435602766,
2008-07-28,38.26142501831055,,0.3989902612346611,
2008-07-29,39.053855895996094,,0.4237291991430503,
2008-07-30,39.2519760131836,,0.4301232617913342,
2008-07-31,39.1572265625,,0.4269529736281239,
2008-08-01,38.657623291015625,,0.4105555334673796,
2008-08-04,38.27002334594727,,0.3981532817422269,
2008-08-05,39.562042236328125,,0.4384275917166402,
2008-08-06,40.16501998901367,,0.4584176722711206,
2008-08-07,39.85491943359375,,0.4477406637155289,
2008-08-08,40.75935363769531,,0.4781648531063905,
2008-08-11,41.12970733642578,,0.4911374786407671,
2008-08-12,41.17278671264648,,0.492617369243754,
2008-08-13,41.086647033691406,,0.4894619229218021,
2008-08-14,41.56039810180664,,0.5063300483521553,
2008-08-15,41.48288345336914,,0.5034316410091502,
2008-08-18,41.000518798828125,,0.4858049181852336,
2008-08-19,40.49233627319336,,0.4676782563915932,
2008-08-20,40.56122970581055,,0.4700050326063072,
2008-08-21,40.37173080444336,,0.4633569126238788,
2008-08-22,40.90577697753906,,0.4816852937111811,
2008-08-25,40.0444221496582,,0.4511945391355629,
2008-08-26,39.99273300170898,,0.4493891273746023,
2008-08-27,40.25113677978516,,0.458042018956019,
2008-08-28,40.57844543457031,,0.4691568521449246,
2008-08-29,39.7257080078125,,0.4395189736892518,
2008-09-02,39.23473358154297,,0.423166076468786,
2008-09-03,38.86436080932617,,0.4111275175743811,
2008-09-04,37.60676193237305,,0.3711638601742654,
2008-09-05,37.4259033203125,,0.3657609642848142,
2008-09-08,37.35698699951172,,0.3636932298757095,
2008-09-09,36.56454086303711,,0.340501456011442,
2008-09-10,36.86602783203125,,0.3488801729297908,
2008-09-11,37.55509948730469,,0.3683981666291744,
2008-09-12,37.40865707397461,,0.3640410392334741,
2008-09-15,36.2458381652832,,0.33004627639884,
2008-09-16,36.53009414672852,,0.3377688032785887,
2008-09-17,34.63510513305664,,0.285160221637758,
2008-09-18,35.80655288696289,,0.3140579726219741,
2008-09-19,36.97705459594727,,0.3448167369868948,
2008-09-22,35.23593521118164,,0.2960636288128256,
2008-09-23,34.9687614440918,,0.2892907920307748,
2008-09-24,35.2100715637207,,0.2952424244936215,
2008-09-25,35.770347595214844,,0.3092983614807739,
2008-09-26,35.40834045410156,,0.2998678668203039,
2008-09-29,32.598411560058594,,0.2284385929475295,
2008-09-30,33.537940979003906,,0.248160828994643,
2008-10-01,33.18453598022461,,0.2402838508091933,
2008-10-02,31.67615127563477,,0.207486941613629,
2008-10-03,31.18484306335449,,0.19780558628801,
2008-10-06,30.04708480834961,,0.1761296499664693,
2008-10-07,28.14221572875977,,0.14260910814088,
2008-10-08,27.91810607910156,,0.1391837194627946,
2008-10-09,27.1682186126709,,0.127950231303774,
2008-10-10,26.995838165283203,,0.1254982175215482,
2008-10-13,30.279834747314453,,0.1712819430874277,
2008-10-14,28.96967315673828,,0.149026530676969,
2008-10-15,26.375242233276367,,0.1089682905163399,
2008-10-16,27.806053161621094,,0.1266882511723541,
2008-10-17,27.840539932250977,,0.1271432856130855,
2008-10-20,28.616273880004883,,0.1377548397379005,
2008-10-21,27.13374328613281,,0.1163269665215542,
2008-10-22,26.383861541748047,,0.1066673469211788,
2008-10-23,26.280418395996094,,0.105398953569931,
2008-10-24,25.435726165771484,,0.0952223117844149,
2008-10-27,24.72894287109375,,0.0872721905279322,
2008-10-28,27.46128463745117,,0.1161894764732852,
2008-10-29,27.392332077026367,,0.1152992651267957,
2008-10-30,28.30597686767578,,0.1268214763877524,
2008-10-31,28.34907913208008,,0.127384457361709,
2008-11-03,28.28874015808105,,0.1265546364472546,
2008-11-04,29.090335845947266,,0.1372965448818858,
2008-11-05,27.57333374023437,,0.1157996207031172,
2008-11-06,26.34076690673828,,0.1002554622153439,
2008-11-07,26.8837833404541,,0.1064428438495369,
2008-11-10,26.521772384643555,,0.1021291048365535,
2008-11-11,25.944276809692383,,0.0954445295540059,
2008-11-12,24.74617958068848,,0.0822094348629397,
2008-11-13,26.254573822021484,,0.0972319655741298,
2008-11-14,24.978900909423828,,0.0830463263981371,
2008-11-17,24.453123092651367,,0.0777915161026584,
2008-11-18,24.42726325988769,,0.0775346797071899,
2008-11-19,23.151599884033203,,0.0653774107227861,
2008-11-20,22.031078338623047,,0.0558763103845589,
2008-11-21,22.987838745117188,,0.063148850469616,
2008-11-24,24.39278793334961,,0.0747191199011481,
2008-11-25,24.28073501586914,,0.0736797702118779,
2008-11-26,25.297822952270508,,0.0829293090700662,
2008-11-28,25.09957695007324,,0.080968986858159,
2008-12-01,23.21194076538086,,0.0626905046259704,
2008-12-02,23.9876766204834,,0.0689677079939772,
2008-12-03,24.668607711791992,,0.0748321077417359,
2008-12-04,23.97044563293457,,0.068468838661567,
2008-12-05,24.944429397583008,,0.0768062248595991,
2008-12-08,25.92702865600586,,0.085872859734115,
2008-12-09,25.86669540405273,,0.0852622916020367,
2008-12-10,25.780506134033203,,0.0843989950581225,
2008-12-11,25.073711395263672,,0.0774464929932225,
2008-12-12,25.58226776123047,,0.0821489154471745,
2008-12-15,25.134052276611328,,0.0778204333596109,
2008-12-16,26.34076690673828,,0.0890191374171955,
2008-12-17,26.021852493286133,,0.0857743197754302,
2008-12-18,25.565021514892575,,0.0812457770878407,
2008-12-19,25.774778366088867,,0.0832351200987394,
2008-12-22,25.21369743347168,,0.0777886442134387,
2008-12-23,25.084230422973636,,0.076580323254543,
2008-12-24,25.153289794921875,,0.077202942617226,
2008-12-26,25.1446475982666,,0.0771134055643112,
2008-12-29,24.93748664855957,,0.0751974978285672,
2008-12-30,25.45539093017578,,0.0798729240001212,
2008-12-31,25.67119407653809,,0.0818940347636754,
2009-01-02,26.78470230102539,,0.0925401233202432,
2009-01-05,26.776071548461918,,0.092438727154568,
2009-01-06,27.04366683959961,,0.0951982493690375,
2009-01-07,26.27542304992676,,0.0870729255087972,
2009-01-08,26.5516414642334,,0.0898077342733646,
2009-01-09,25.95604705810547,,0.0837525680324174,
2009-01-12,25.48128700256348,,0.0791460270929872,
2009-01-13,25.48992347717285,,0.0792162916165738,
2009-01-14,24.71306037902832,,0.0719631840076954,
2009-01-15,25.118757247924805,,0.0754980058059474,
2009-01-16,25.39497756958008,,0.0779789238160612,
2009-01-20,24.134721755981445,,0.0663594739610129,
2009-01-21,25.16191864013672,,0.0748238807444046,
2009-01-22,24.82526206970215,,0.0718108848205398,
2009-01-23,24.94611930847168,,0.0728504142719466,
2009-01-26,25.127391815185547,,0.074429131224583,
2009-01-27,25.308652877807617,,0.0760302531606952,
2009-01-28,26.197742462158203,,0.0840332416553859,
2009-01-29,25.5330810546875,,0.0776263922690693,
2009-01-30,25.084230422973636,,0.0735225520116359,
2009-02-02,25.386343002319336,,0.0761695664430864,
2009-02-03,25.78340721130371,,0.0797338114708166,
2009-02-04,25.81793594360352,,0.0800438591082999,
2009-02-05,26.387630462646484,,0.0853322376207128,
2009-02-06,27.078197479248047,,0.092020688603322,
2009-02-09,27.190404891967773,,0.09315277013577,
2009-02-10,26.18910789489746,,0.0828495931666188,
2009-02-11,26.06825828552246,,0.0816919759538966,
2009-02-12,26.387630462646484,,0.0846839548502152,
2009-02-13,26.266801834106445,,0.0835097287406343,
2009-02-17,25.222332000732425,,0.0735369430990754,
2009-02-18,25.23960494995117,,0.0736785358457588,
2009-02-19,24.851163864135746,,0.0702672607124293,
2009-02-20,24.920223236083984,,0.0708439960053048,
2009-02-23,24.04840087890625,,0.0633995235861435,
2009-02-24,24.842533111572266,,0.0696721280372447,
2009-02-25,24.678529739379883,,0.0682832720232958,
2009-02-26,23.98798370361328,,0.0625424259010194,
2009-02-27,23.76355361938477,,0.0607789276142557,
2009-03-02,22.99531364440918,,0.0548764118365805,
2009-03-03,22.978050231933597,,0.0547457386414406,
2009-03-04,23.59092330932617,,0.0591192284650934,
2009-03-05,22.883100509643555,,0.0537901554491606,
2009-03-06,22.70181655883789,,0.0525048102707382,
2009-03-09,22.218441009521484,,0.0491441801324107,
2009-03-10,23.59092330932617,,0.0582450740977981,
2009-03-11,23.953453063964844,,0.0609227750790916,
2009-03-12,24.747583389282227,,0.0669742446036086,
2009-03-13,24.808006286621094,,0.0674561701084756,
2009-03-16,24.393678665161133,,0.0640676362103324,
2009-03-17,25.31728744506836,,0.0713366775111717,
2009-03-18,25.63666534423828,,0.0740272129962573,
2009-03-19,25.619409561157227,,0.073868181172657,
2009-03-20,25.22945976257324,,0.0704856360173448,
2009-03-23,26.716598510742188,,0.0829407709548659,
2009-03-24,26.2237606048584,,0.0783400745211572,
2009-03-25,26.344816207885746,,0.0794148808021602,
2009-03-26,27.15754508972168,,0.0867544033570328,
2009-03-27,26.64742851257324,,0.0818545293010305,
2009-03-30,25.99032211303711,,0.075788547279173,
2009-03-31,26.21512222290039,,0.0777453404301641,
2009-04-01,26.60420036315918,,0.0811969392136033,
2009-04-02,27.460168838500977,,0.0890237994243595,
2009-04-03,27.970291137695312,,0.0939736479256531,
2009-04-06,27.9011287689209,,0.0932644153351198,
2009-04-07,27.166194915771484,,0.0858824466621147,
2009-04-08,27.62444496154785,,0.0902174627481722,
2009-04-09,28.480411529541016,,0.098592213984285,
2009-04-13,28.43718719482422,,0.0981305975449356,
2009-04-14,28.09134292602539,,0.0945376350029285,
2009-04-15,28.01352882385254,,0.0937398192086629,
2009-04-16,28.73979759216309,,0.1010185204934938,
2009-04-17,28.80032157897949,,0.1016437008565812,
2009-04-20,27.87518882751465,,0.0918354966417421,
2009-04-21,28.264259338378903,,0.0956690553101465,
2009-04-22,28.350727081298828,,0.0965347420103351,
2009-04-23,28.627391815185547,,0.0993484325972944,
2009-04-24,29.128877639770508,,0.1045566804393463,
2009-04-27,29.163454055786133,,0.1049155217329882,
2009-04-28,28.94729804992676,,0.1025691220719272,
2009-04-29,29.34502220153809,,0.10678366333034,
2009-04-30,29.638992309570312,,0.1099790715861276,
2009-05-01,29.716800689697266,,0.1108310344933948,
2009-05-04,30.30474853515625,,0.1173951218322399,
2009-05-05,30.278810501098636,,0.1170785378926519,
2009-05-06,30.287466049194336,,0.1171638373359513,
2009-05-07,29.578474044799805,,0.1089207407905592,
2009-05-08,29.59576416015625,,0.1090976970403944,
2009-05-11,29.69951820373535,,0.1102310147042371,
2009-05-12,29.33638381958008,,0.1061734270869506,
2009-05-13,28.54958915710449,,0.0976170924365513,
2009-05-14,28.86948776245117,,0.1008859012771935,
2009-05-15,28.85219955444336,,0.1006916415307206,
2009-05-18,29.60441398620605,,0.1085541372632222,
2009-05-19,29.74275016784668,,0.1100618945056672,
2009-05-20,29.638992309570312,,0.1088958386632795,
2009-05-21,29.09428596496582,,0.1028779154929421,
2009-05-22,28.999177932739254,,0.1018557312116835,
2009-05-26,30.0799503326416,,0.11323079512908,
2009-05-27,29.87244033813477,,0.1108727792795703,
2009-05-28,30.21828842163086,,0.1147093623740333,
2009-05-29,30.59009552001953,,0.1189287292576285,
2009-06-01,31.463342666625977,,0.1290984636068468,
2009-06-02,31.50657081604004,,0.1296139207913705,
2009-06-03,31.411455154418945,,0.1284233179161244,
2009-06-04,31.76595497131348,,0.132754784598517,
2009-06-05,31.80052947998047,,0.1331711332319069,
2009-06-08,31.705415725708008,,0.131959027560179,
2009-06-09,31.947525024414062,,0.1349650039932919,
2009-06-10,31.83511734008789,,0.133522963862949,
2009-06-11,31.83511734008789,,0.1335057369066372,
2009-06-12,31.688135147094727,,0.1316393310521441,
2009-06-15,31.03968048095703,,0.1235408865283165,
2009-06-16,30.73704719543457,,0.1199114194905567,
2009-06-17,31.03102302551269,,0.1233365256651251,
2009-06-18,30.97048759460449,,0.1225987969409884,
2009-06-19,31.30293655395508,,0.1265310453515667,
2009-06-22,30.36799430847168,,0.1151772008106612,
2009-06-23,30.29872703552246,,0.1143742073605154,
2009-06-24,30.80949211120605,,0.1201436890757444,
2009-06-25,31.41547393798828,,0.1272173891095781,
2009-06-26,31.48470497131348,,0.1280420317241372,
2009-06-29,31.55397605895996,,0.1288706471095916,
2009-06-30,31.493377685546875,,0.1281115448689063,
2009-07-01,31.51068687438965,,0.1283062516307656,
2009-07-02,30.818140029907227,,0.1198298926417882,
2009-07-06,30.653675079345703,,0.117895969648185,
2009-07-07,29.891868591308597,,0.1090908913190762,
2009-07-08,30.04768943786621,,0.1107828291784456,
2009-07-09,30.099632263183597,,0.1113430601477478,
2009-07-10,30.2294921875,,0.1127698089010886,
2009-07-13,30.80949211120605,,0.1192462531342765,
2009-07-14,30.92202377319336,,0.1205375088667344,
2009-07-15,31.96084213256836,,0.1326702479049727,
2009-07-16,32.34174346923828,,0.137396523634676,
2009-07-17,32.51487731933594,,0.139585355986464,
2009-07-20,32.826507568359375,,0.143580803737834,
2009-07-21,33.051605224609375,,0.1465159624326095,
2009-07-22,33.3286018371582,,0.1501807917424315,
2009-07-23,34.06443786621094,,0.160108586934493,
2009-07-24,33.80472946166992,,0.1564259103987852,
2009-07-27,34.06443786621094,,0.1600110042695609,
2009-07-28,33.83072280883789,,0.1566968681685669,
2009-07-29,34.0557746887207,,0.1598038317745312,
2009-07-30,34.25489044189453,,0.1625862154026183,
2009-07-31,34.15100860595703,,0.1610860553921177,
2009-08-03,34.6617546081543,,0.1682926481776115,
2009-08-04,34.6617546081543,,0.1682709352825867,
2009-08-05,34.393394470214844,,0.1643408357913832,
2009-08-06,34.09042739868164,,0.1599766597046396,
2009-08-07,34.52323913574219,,0.1660492061078577,
2009-08-10,34.28086853027344,,0.1625305343446299,
2009-08-11,33.98653030395508,,0.1583230651177877,
2009-08-12,34.51458740234375,,0.1656823519445888,
2009-08-13,34.705039978027344,,0.1684036970683081,
2009-08-14,34.30681610107422,,0.1625849121405453,
2009-08-17,33.31129455566406,,0.1484101783456125,
2009-08-18,33.78742218017578,,0.1547548348847734,
2009-08-19,34.02115249633789,,0.1579464983470271,
2009-08-20,34.41935348510742,,0.163472180369992,
2009-08-21,34.87818145751953,,0.1699885982313738,
2009-08-24,34.84355163574219,,0.1694603320840672,
2009-08-25,34.94742965698242,,0.1709540893452441,
2009-08-26,34.8868408203125,,0.1700428767475893,
2009-08-27,34.97341537475586,,0.1712868640409546,
2009-08-28,35.00802993774414,,0.1717733528491555,
2009-08-31,34.65310287475586,,0.1665266456751724,
2009-09-01,34.003849029541016,,0.1571451273779577,
2009-09-02,33.977867126464844,,0.1567646350178997,
2009-09-03,34.20293045043945,,0.1598595522924518,
2009-09-04,34.938777923583984,,0.1701566615538067,
2009-09-08,35.267730712890625,,0.1749408443647915,
2009-09-09,35.57072830200195,,0.1794272103404345,
2009-09-10,35.90834426879883,,0.1845131064886472,
2009-09-11,35.94295883178711,,0.1850228960932581,
2009-09-14,36.08146667480469,,0.187138007372972,
2009-09-15,36.19400405883789,,0.1888649023540926,
2009-09-16,36.72206878662109,,0.197107061368734,
2009-09-17,36.713409423828125,,0.1969421925267456,
2009-09-18,36.774932861328125,,0.1979068760967997,
2009-09-21,36.8875846862793,,0.1997000734640886,
2009-09-22,36.9569091796875,,0.2008002243562453,
2009-09-23,36.78360366821289,,0.1979494232208904,
2009-09-24,36.454322814941406,,0.1926078506676386,
2009-09-25,36.13372039794922,,0.1875012541575346,
2009-09-28,36.74892807006836,,0.1970541734172214,
2009-09-29,36.58431243896485,,0.1943806564168934,
2009-09-30,36.61029052734375,,0.1947696599098029,
2009-10-01,35.52716064453125,,0.1774575193935043,
2009-10-02,35.42317581176758,,0.1758764170300877,
2009-10-05,35.709110260009766,,0.1801127277481574,
2009-10-06,36.3416748046875,,0.1896612426627925,
2009-10-07,36.44567489624024,,0.1912650511015889,
2009-10-08,36.60163497924805,,0.1936957861248731,
2009-10-09,36.80960464477539,,0.196972521032289,
2009-10-12,36.8875846862793,,0.1981989490014158,
2009-10-13,36.896244049072266,,0.1983129592817003,
2009-10-14,37.39882659912109,,0.2063913389632226,
2009-10-15,37.31216812133789,,0.2049299950831426,
2009-10-16,37.06954193115234,,0.2009058205149058,
2009-10-19,37.4421501159668,,0.2069381743762611,
2009-10-20,37.45083236694336,,0.2070554326973971,
2009-10-21,37.38149642944336,,0.2058787002443211,
2009-10-22,37.52879333496094,,0.2082858524524243,
2009-10-23,37.372825622558594,,0.2056621041912501,
2009-10-26,37.25151062011719,,0.203632785969856,
2009-10-27,36.688289642333984,,0.1943700888996729,
2009-10-28,35.86509323120117,,0.1812614286318944,
2009-10-29,36.47165298461914,,0.1904346633208821,
2009-10-30,35.49247741699219,,0.175071964957251,
2009-11-02,35.63980484008789,,0.1772295211973419,
2009-11-03,35.75244903564453,,0.1788871254946228,
2009-11-04,35.81309509277344,,0.1797743720658983,
2009-11-05,36.696964263916016,,0.1930617022034175,
2009-11-06,36.91357803344727,,0.1964555905795915,
2009-11-09,37.70210266113281,,0.2090199262834153,
2009-11-10,37.79741287231445,,0.2105781542150865,
2009-11-11,38.04004669189453,,0.2146062935632244,
2009-11-12,37.823429107666016,,0.2109124034650276,
2009-11-13,38.135372161865234,,0.2161035969932235,
2009-11-16,38.525299072265625,,0.2227045698395106,
2009-11-17,38.64662551879883,,0.2247799051351789,
2009-11-18,38.42998504638672,,0.2209707741739475,
2009-11-19,37.83208465576172,,0.2106285596173307,
2009-11-20,37.64146041870117,,0.2074175070374594,
2009-11-23,38.24799728393555,,0.2174174320216585,
2009-11-24,38.11804962158203,,0.215173352374314,
2009-11-25,38.28266143798828,,0.2179332527484389,
2009-11-27,37.70210266113281,,0.2079902241065632,
2009-11-30,37.74543380737305,,0.2086805209566998,
2009-12-01,38.135372161865234,,0.2151210714068644,
2009-12-02,38.18735885620117,,0.2159730852965193,
2009-12-03,38.03138732910156,,0.2132988749592363,
2009-12-04,38.23067855834961,,0.2166245274689757,
2009-12-07,38.04872131347656,,0.2135035339265399,
2009-12-08,37.814754486083984,,0.2095374000819014,
2009-12-09,38.19601440429688,,0.2158482262715391,
2009-12-10,38.38665390014648,,0.2190523273567357,
2009-12-11,38.23934173583984,,0.2165021677332872,
2009-12-14,38.603275299072266,,0.2226557538722328,
2009-12-15,38.38665390014648,,0.2188787440667617,
2009-12-16,38.43865585327149,,0.2197400420794354,
2009-12-17,37.97072982788086,,0.2116867945229901,
2009-12-18,38.58958435058594,,0.222009823678256,
2009-12-21,39.02356719970703,,0.2294714233519258,
2009-12-22,39.25791931152344,,0.2335760199806736,
2009-12-23,39.54434585571289,,0.2386584098894748,
2009-12-24,39.90888977050781,,0.245227915137818,
2009-12-28,40.1171989440918,,0.2490362645375629,
2009-12-29,39.9522819519043,,0.2459328595844653,
2009-12-30,40.07379150390625,,0.2481450459038776,
2009-12-31,39.709251403808594,,0.2413411118193054,
2010-01-04,40.290794372558594,,0.2519133139596824,
2010-01-05,40.290794372558594,,0.2518808124368851,
2010-01-06,40.04774856567383,,0.2472900598346279,
2010-01-07,40.07379150390625,,0.2477405908887154,
2010-01-08,40.40363693237305,,0.2538260499816977,
2010-01-11,40.23870849609375,,0.2506849329771445,
2010-01-12,39.73527908325195,,0.2412435775719584,
2010-01-13,40.23003387451172,,0.2502238212784235,
2010-01-14,40.264739990234375,,0.2508391357619773,
2010-01-15,39.79605865478516,,0.2420474746561558,
2010-01-19,40.43833923339844,,0.2537356773311732,
2010-01-20,39.85680770874024,,0.2427562526135552,
2010-01-21,39.483585357666016,,0.235905365336058,
2010-01-22,38.32920837402344,,0.2151835161166373,
2010-01-25,38.45938873291016,,0.217348285062962,
2010-01-26,38.49411010742188,,0.217908913211015,
2010-01-27,38.79790115356445,,0.2230399343943919,
2010-01-28,37.79973220825195,,0.2057964483020348,
2010-01-29,37.140098571777344,,0.1949959902648517,
2010-02-01,37.54801940917969,,0.2013959304055012,
2010-02-02,37.88653945922852,,0.2068170962331023,
2010-02-03,38.09484100341797,,0.2102016762623112,
2010-02-04,36.9925422668457,,0.191927594048907,
2010-02-05,37.30500411987305,,0.1967662486994388,
2010-02-08,37.03593444824219,,0.1924832164942654,
2010-02-09,37.41783142089844,,0.1984127691965401,
2010-02-10,37.33971405029297,,0.1971444886204924,
2010-02-11,37.90389633178711,0.2060552835464477,0.2060552835464477,6912000.0
2010-02-12,37.98200607299805,0.2068984508514404,0.2073025722121497,17203200.0
2010-02-16,38.46805953979492,0.2149129211902618,0.2152343422728717,19238400.0
2010-02-17,38.68504333496094,0.2185600250959396,0.2188487399263215,38361600.0
2010-02-18,38.92809677124024,0.2227035015821457,0.22294550463646,77721600.0
2010-02-19,38.91072082519531,0.2227035015821457,0.2226181986225528,92966400.0
2010-02-22,38.83262252807617,0.2211400419473648,0.221249015641967,50995200.0
2010-02-23,38.32920837402344,0.2125063091516494,0.2126158581717261,82252800.0
2010-02-24,38.71977615356445,0.2189325392246246,0.2190879794831123,70617600.0
2010-02-25,38.71111297607422,0.2188077270984649,0.2189126565572123,91238400.0
2010-02-26,38.84996795654297,0.2215373516082763,0.2212401016048078,57600000.0
2010-03-01,39.41413497924805,0.2310400605201721,0.2308498951343765,28454400.0
2010-03-02,39.53564453125,0.2324291169643402,0.2329551676082231,48422400.0
2010-03-03,39.57905197143555,0.233720064163208,0.2336924186790464,47961600.0
2010-03-04,39.709251403808594,0.2363000959157943,0.235968534975214,29452800.0
2010-03-05,40.30815505981445,0.2467450350522995,0.2466148785264935,26880000.0
2010-03-08,40.38627624511719,0.2480607777833938,0.2480169525709703,25344000.0
2010-03-09,40.61192321777344,0.2524519562721252,0.252142128890129,46425600.0
2010-03-10,40.9417610168457,0.2586295008659363,0.2582530649553731,40089600.0
2010-03-11,41.09799575805664,0.2610114216804504,0.2611762451410209,53913600.0
2010-03-12,41.10667419433594,0.2616068422794342,0.2613080019531701,36134400.0
2010-03-15,41.00252914428711,0.2598451375961303,0.2592881922517402,42393600.0
2010-03-16,41.26289749145508,0.2647585570812225,0.2641942226832086,46579200.0
2010-03-17,41.37572860717773,0.2665944695472717,0.2663274102537096,39820800.0
2010-03-18,41.514610290527344,0.2692982852458954,0.2689749111133649,52185600.0
2010-03-19,41.26352310180664,0.2645345628261566,0.2640597948669377,40051200.0
2010-03-22,41.63711929321289,0.2716801166534424,0.2711980464389477,58790400.0
2010-03-23,41.923858642578125,0.2773623466491699,0.2767659769629473,55334400.0
2010-03-24,41.724029541015625,0.2734169960021972,0.2727726731186111,89241600.0
2010-03-25,41.66320037841797,0.2717049419879913,0.2715444603936134,93926400.0
2010-03-26,41.70661926269531,0.2731198072433471,0.2723583880523191,84288000.0
2010-03-29,41.90647888183594,0.2768658995628357,0.2762387022990798,38054400.0
2010-03-30,42.04549407958984,0.2797690033912658,0.2789521392570391,39897600.0
2010-03-31,41.84567260742188,0.2759980261325836,0.2749389838894049,59558400.0
2010-04-01,41.84567260742188,0.2754521071910858,0.2749035116251077,116620800.0
2010-04-05,42.23664855957031,0.2834160029888153,0.2825735476735817,67584000.0
2010-04-06,42.35831069946289,0.2855749130249023,0.2849789391572847,58713600.0
2010-04-07,42.25404739379883,0.2839619517326355,0.2828377784049592,106252800.0
2010-04-08,42.34961318969727,0.2849795222282409,0.2847203659821742,69657600.0
2010-04-09,42.60160446166992,0.2901148200035095,0.2897661136140417,58099200.0
2010-04-12,42.6363525390625,0.2912809550762176,0.2904377731709438,48806400.0
2010-04-13,42.85357284545898,0.2956731021404266,0.2948393992486764,67238400.0
2010-04-14,43.36621856689453,0.3060932159423828,0.3053826118377833,61094400.0
2010-04-15,43.5573844909668,0.3101871907711029,0.3093817526815049,45772800.0
2010-04-16,43.03604507446289,0.2991458475589752,0.2982328430172863,129484800.0
2010-04-19,43.00997161865234,0.2986752092838287,0.2976523108945939,112742400.0
2010-04-20,43.22719955444336,0.3030911386013031,0.3021239132842221,56102400.0
2010-04-21,43.47047805786133,0.3084255754947662,0.3071859062541788,83980800.0
2010-04-22,43.71379470825195,0.3129911124706268,0.3123044946374744,122841600.0
2010-04-23,43.896244049072266,0.3171346187591553,0.3161746203906865,82368000.0
2010-04-26,43.80067443847656,0.3147774934768677,0.3140687297253456,80524800.0
2010-04-27,42.87094497680664,0.2953501343727112,0.2940285887981818,133747200.0
2010-04-28,42.897010803222656,0.2960446178913116,0.2945269677695963,125068800.0
2010-04-29,43.64424896240234,0.3111552000045776,0.3098803756466204,84748800.0
2010-04-30,42.78404998779297,0.2928195595741272,0.2915177900635699,88512000.0
2010-05-03,43.383602142333984,0.3047784566879272,0.3037356889379797,52608000.0
2010-05-04,42.08026885986328,0.2778339684009552,0.2763219534036663,137241600.0
2010-05-05,41.86302947998047,0.2732683718204498,0.2720067666168209,138508800.0
2010-05-06,40.464134216308594,0.2464972883462906,0.2447035330494206,217804800.0
2010-05-07,39.45620346069336,0.2285590469837188,0.2263858259824419,248256000.0
2010-05-10,41.50679397583008,0.2626490592956543,0.2616533206656787,189273600.0
2010-05-11,41.46335983276367,0.2624756991863251,0.2607981532794544,147033600.0
2010-05-12,42.24534606933594,0.2766182422637939,0.2755202247521436,108556800.0
2010-05-13,41.57632064819336,0.2641135454177856,0.2623947124558772,105561600.0
2010-05-14,40.77692413330078,0.2478616088628769,0.2472255064417135,154176000.0
2010-05-17,40.90725326538086,0.2512114644050598,0.2495641185226814,136857600.0
2010-05-18,40.34247970581055,0.2416097074747085,0.2391953266273403,190617600.0
2010-05-19,40.02098846435547,0.2352330535650253,0.2334459873462369,237772800.0
2010-05-20,38.53520584106445,0.2114392220973968,0.2074157616506775,272985600.0
2010-05-21,38.9609375,0.2130769938230514,0.2142635036432212,234316800.0
2010-05-24,38.80455017089844,0.2148386240005493,0.2116557294565774,155020800.0
2010-05-25,38.83930587768555,0.2133247107267379,0.2121971370086458,172646400.0
2010-05-26,38.40487289428711,0.20672507584095,0.2050492331362815,208320000.0
2010-05-27,39.85589599609375,0.2291049808263778,0.2282644516179213,173222400.0
2010-05-28,39.62130355834961,0.2259037494659423,0.2242042966617241,166694400.0
2010-06-01,39.25639343261719,0.2196518778800964,0.2179806407137952,202713600.0
2010-06-02,40.186065673828125,0.2351091653108596,0.2334392085857827,113433600.0
2010-06-03,40.568389892578125,0.2412124127149582,0.2400718077223329,114854400.0
2010-06-04,39.17817687988281,0.2173938602209091,0.215360217961372,245952000.0
2010-06-07,38.46567916870117,0.2047900259494781,0.2035827538538955,168729600.0
2010-06-08,38.39616775512695,0.2036486864089965,0.2024528033469989,265920000.0
2010-06-09,38.07469177246094,0.1991574168205261,0.1973415105152294,229440000.0
2010-06-10,39.16080093383789,0.2156818211078643,0.2142039939057309,155520000.0
2010-06-11,39.5344123840332,0.221314400434494,0.220307161574086,125337600.0
2010-06-14,39.52573013305664,0.2214382737874984,0.2201335912184572,227404800.0
2010-06-15,40.58578872680664,0.2376149296760559,0.237816779591772,200102400.0
2010-06-16,40.7508659362793,0.2424033731222152,0.2406879595977078,158361600.0
2010-06-17,40.88118362426758,0.2448347359895706,0.2429660031831079,163046400.0
2010-06-18,40.91514205932617,0.245504543185234,0.2435401237182745,139584000.0
2010-06-21,40.56694412231445,0.2390535175800323,0.2372909431708155,219916800.0
2010-06-22,40.25354766845703,0.2333970963954925,0.2317608156064158,179596800.0
2010-06-23,40.0881462097168,0.2302711755037307,0.228874004925519,224716800.0
2010-06-24,39.478763580322266,0.2191059440374374,0.2184070880891833,239424000.0
2010-06-25,39.48662185668945,0.2189573049545288,0.2185093317606323,177561600.0
2010-06-28,39.3470458984375,0.2169966101646423,0.2161640020740644,164160000.0
2010-06-29,37.829345703125,0.1927816867828369,0.1911223813019484,438220800.0
2010-06-30,37.25367736816406,0.1832542568445205,0.1823725043899004,183667200.0
2010-07-01,37.14899826049805,0.1814678907394409,0.1808116294356272,252326400.0
2010-07-02,37.04433059692383,0.1804751306772232,0.1792599857895658,147379200.0
2010-07-06,37.15770721435547,0.1814183294773101,0.1808827689374726,156556800.0
2010-07-07,38.34397888183594,0.1985619664192199,0.1981836521473114,160780800.0
2010-07-08,38.553314208984375,0.2019117921590805,0.2014039774842912,207360000.0
2010-07-09,38.9196662902832,0.2075692266225814,0.2071195041639424,142656000.0
2010-07-12,39.03304290771485,0.2099262773990631,0.2089028571721454,98918400.0
2010-07-13,39.538944244384766,0.2170966267585754,0.2169985793464353,174144000.0
2010-07-14,39.73957061767578,0.2205693423748016,0.2202738298557268,109516800.0
2010-07-15,39.774444580078125,0.2213391661643982,0.2208253226666163,114201600.0
2010-07-16,38.67542266845703,0.2035248130559921,0.2024917215341379,181363200.0
2010-07-19,39.00688171386719,0.2081151008605957,0.2076718261236305,124224000.0
2010-07-20,39.47789001464844,0.2146899700164795,0.2151679477400992,127948800.0
2010-07-21,38.93709945678711,0.2071718871593475,0.2062977088143353,172492800.0
2010-07-22,39.9227294921875,0.2211400419473648,0.221937376451292,126451200.0
2010-07-23,40.17569351196289,0.2268965095281601,0.2261275549454692,138854400.0
2010-07-26,40.507137298583984,0.2318831980228424,0.2316949412611062,100761600.0
2010-07-27,40.48968505859375,0.231833666563034,0.2313655754531612,119692800.0
2010-07-28,40.16697311401367,0.2270946949720382,0.2258036171290095,77568000.0
2010-07-29,39.87041091918945,0.221685990691185,0.2207730008540704,152755200.0
2010-07-30,39.95761489868164,0.2231998741626739,0.2221931314465492,129830400.0
2010-08-02,40.70775604248047,0.2352082133293151,0.2346784402683792,90163200.0
2010-08-03,40.53331756591797,0.2327768504619598,0.2316312717107909,64012800.0
2010-08-04,40.94327545166016,0.2395003587007522,0.238629610060899,80908800.0
2010-08-05,40.84731674194336,0.238086462020874,0.2369209945188296,66470400.0
2010-08-06,40.7862548828125,0.2369698733091354,0.2358279215287344,152755200.0
2010-08-09,41.06538391113281,0.2411133795976638,0.2406393043169431,85632000.0
2010-08-10,40.70775604248047,0.2360019087791443,0.2343212598869194,158016000.0
2010-08-11,39.5999870300293,0.2165754586458206,0.215161467323264,154905600.0
2010-08-12,39.28598785400391,0.2104712426662445,0.2100154843251687,145920000.0
2010-08-13,39.00688171386719,0.2062782198190689,0.2055122419924055,57945600.0
2010-08-16,39.07666015625,0.2074443995952606,0.2065886343186439,95424000.0
2010-08-17,39.57383728027344,0.2153349965810775,0.2144473378715729,120076800.0
2010-08-18,39.73082733154297,0.2172700017690658,0.2169718183119648,71155200.0
2010-08-19,39.12899017333984,0.2092803418636322,0.2070838462851922,102412800.0
2010-08-20,39.18132400512695,0.2085609883069992,0.2078880335998328,88588800.0
2010-08-23,38.79753112792969,0.2028055191040039,0.201752234331713,108211200.0
2010-08-24,38.07358551025391,0.1911687105894088,0.190432368939091,144806400.0
2010-08-25,38.43992614746094,0.1969003975391388,0.1959047693124863,144153600.0
2010-08-26,37.97762680053711,0.1904741674661636,0.1888113237315443,132979200.0
2010-08-27,38.43992614746094,0.1967755854129791,0.1956821299096776,192460800.0
2010-08-30,38.03866958618164,0.1903998255729675,0.1895289782595204,105139200.0
2010-08-31,37.90784454345703,0.1894566118717193,0.1875490046692974,156441600.0
2010-09-01,39.04178237915039,0.2053359597921371,0.2043552746267065,129638400.0
2010-09-02,39.47789001464844,0.2123824506998062,0.2111770258060347,54297600.0
2010-09-03,40.13207626342773,0.2231998741626739,0.2216479935536099,135283200.0
2010-09-07,39.86168670654297,0.2177663892507553,0.2171393418384021,97382400.0
2010-09-08,40.34139251708984,0.2254578918218612,0.2249506592029431,113894400.0
2010-09-09,40.49842071533203,0.2283104062080383,0.2275484864453136,90355200.0
2010-09-10,40.6467170715332,0.2307675033807754,0.2300188267596669,63936000.0
2010-09-13,41.21366882324219,0.2409399449825287,0.2396142503738623,83712000.0
2010-09-14,41.38811492919922,0.2439915984869003,0.242625998987696,84748800.0
2010-09-15,41.649784088134766,0.2481350600719452,0.2471965777543445,67660800.0
2010-09-16,41.81550598144531,0.2516335546970367,0.2501154240764726,93772800.0
2010-09-17,41.957157135009766,0.2543126344680786,0.2526249727362934,114816000.0
2010-09-20,42.69154357910156,0.2675614655017853,0.2658576505502903,105561600.0
2010-09-21,42.68280792236328,0.2667182683944702,0.2656601484574567,173875200.0
2010-09-22,42.56915664672852,0.2654530704021454,0.2635037579300282,96576000.0
2010-09-23,42.55166244506836,0.2646584808826446,0.2631448928623952,137088000.0
2010-09-24,43.417213439941406,0.2796451449394226,0.2791689745908398,126528000.0
2010-09-27,43.18115615844727,0.2764438390731811,0.2745794720965536,97113600.0
2010-09-28,43.16366195678711,0.2771384418010711,0.2742103208771687,146227200.0
2010-09-29,43.093727111816406,0.2749062180519104,0.2728420953577767,63859200.0
2010-09-30,42.9013786315918,0.2711838185787201,0.2691534085952289,177484800.0
2010-10-01,42.84892272949219,0.2703406512737274,0.2681313938867058,117043200.0
2010-10-04,42.38555145263672,0.2609617710113525,0.259398024433101,123840000.0
2010-10-05,43.417213439941406,0.2803891599178314,0.2783057581156489,109785600.0
2010-10-06,43.041263580322266,0.2732436060905456,0.2710402987876476,88512000.0
2010-10-07,43.19863510131836,0.2759227156639099,0.2739783387174979,78950400.0
2010-10-08,43.49592208862305,0.2814809679985046,0.2795994326439723,68544000.0
2010-10-11,43.51337814331055,0.2820517718791961,0.2798999908582996,38131200.0
2010-10-12,43.810638427734375,0.2879072427749634,0.2856002626810741,97728000.0
2010-10-13,44.169090270996094,0.2949032783508301,0.2925736259665257,96844800.0
2010-10-14,44.0816650390625,0.2932664453983307,0.2907985787124083,79756800.0
2010-10-15,45.01716232299805,0.3119736015796661,0.3092749671447116,119577600.0
2010-10-18,44.85104751586914,0.3119736015796661,0.3058113605454346,86976000.0
2010-10-19,44.43137741088867,0.2995679080486297,0.2971874979204122,127296000.0
2010-10-20,44.75486373901367,0.3057960271835327,0.3036402498591788,93465600.0
2010-10-21,44.84230422973633,0.3079291582107544,0.3053807997627179,109708800.0
2010-10-22,45.14830017089844,0.3139333724975586,0.3115929933923343,58713600.0
2010-10-25,45.36688232421875,0.3186970949172973,0.3160784553147112,77184000.0
2010-10-26,45.4892807006836,0.3206073343753814,0.3185959835395543,74841600.0
2010-10-27,45.62914657592773,0.3239075839519501,0.3214936395798005,112857600.0
2010-10-28,45.7253303527832,0.3257682919502258,0.3234852345868663,107788800.0
2010-10-29,45.62041091918945,0.3242048621177673,0.3212167318166623,80755200.0
2010-11-01,45.65538787841797,0.3249499201774597,0.3219141150312041,85209600.0
2010-11-02,46.14498901367188,0.3347993791103363,0.3322290497674994,68121600.0
2010-11-03,46.35482406616211,0.3396373689174652,0.3367184202779887,115161600.0
2010-11-04,46.92310333251953,0.351671427488327,0.3490588079514196,111859200.0
2010-11-05,46.92310333251953,0.3520926237106323,0.3490137728453908,113971200.0
2010-11-08,46.98430252075195,0.3529862463474273,0.3503343411805221,103449600.0
2010-11-09,46.73078536987305,0.3472793400287628,0.3446181561394673,121881600.0
2010-11-10,46.966827392578125,0.352588951587677,0.3497957996446877,91968000.0
2010-11-11,46.66957473754883,0.3466590046882629,0.3431091054426877,121843200.0
2010-11-12,45.908935546875,0.3290190100669861,0.3262884541754758,218265600.0
2010-11-15,45.73406600952149,0.3254958391189575,0.3225178074924282,119193600.0
2010-11-16,44.98219680786133,0.309343934059143,0.3065695939394378,181632000.0
2010-11-17,45.11333084106445,0.3122708797454834,0.3092112153000423,111168000.0
2010-11-18,45.8389892578125,0.3267858922481537,0.3240925241740189,138739200.0
2010-11-19,45.87395858764648,0.327554702758789,0.3247924345482703,93427200.0
2010-11-22,46.25865173339844,0.3361893892288208,0.3329215336249068,147456000.0
2010-11-23,45.52425765991211,0.320310115814209,0.3170223725285521,185856000.0
2010-11-24,46.44223785400391,0.3390171229839325,0.3361593952403033,129484800.0
2010-11-26,46.13624954223633,0.336883932352066,0.3294715870992252,59673600.0
2010-11-29,46.10128021240234,0.3321945071220398,0.3286799024404922,176524800.0
2010-11-30,45.54173278808594,0.3195659518241882,0.3166695864629303,200716800.0
2010-12-01,46.50344467163086,0.3398860096931457,0.3366902135064639,206860800.0
2010-12-02,46.97557830810547,0.3502070903778076,0.3469016774023022,132134400.0
2010-12-03,47.09796905517578,0.3531349003314972,0.34956838624364,175449600.0
2010-12-06,47.08048629760742,0.3525147140026092,0.3491340062278377,99072000.0
2010-12-07,47.10671615600586,0.3528376221656799,0.3496724984390206,164428800.0
2010-12-08,47.28157424926758,0.3577251732349396,0.3535212917337697,93427200.0
2010-12-09,47.325286865234375,0.3580967783927917,0.3544561901441117,99878400.0
2010-12-10,47.64003753662109,0.3656148910522461,0.3614827025776438,88204800.0
2010-12-13,47.473907470703125,0.3613227903842926,0.357654383329806,80755200.0
2010-12-14,47.56134414672852,0.3628356754779815,0.3595844054341565,76876800.0
2010-12-15,47.35151290893555,0.359139084815979,0.3547787666287514,95577600.0
2010-12-16,47.71872329711914,0.3666323721408844,0.362986908185732,86131200.0
2010-12-17,47.76074981689453,0.367748886346817,0.3638991384136242,61209600.0
2010-12-20,47.79581069946289,0.3687407970428467,0.3646535972116574,126144000.0
2010-12-21,48.084903717041016,0.3748193085193634,0.3712233732293479,33600000.0
2010-12-22,48.076133728027344,0.3752166330814361,0.3709723612032639,43200000.0
2010-12-23,47.9534912109375,0.3723630607128143,0.3680854404157195,36864000.0
2010-12-27,47.97978591918945,0.3725126981735229,0.3686434559171652,64166400.0
2010-12-28,47.89216995239258,0.3708997070789337,0.3665763527434243,63475200.0
2010-12-29,47.99728393554688,0.3731081783771515,0.3689427485911145,45465600.0
2010-12-30,47.8834114074707,0.3703042268753052,0.3662692217795666,28761600.0
2010-12-31,47.70820236206055,0.3669048547744751,0.3622013453616312,48729600.0
2011-01-03,48.45283508300781,0.3834786713123321,0.3791144009891268,133516800.0
2011-01-04,48.41777420043945,0.3828832805156708,0.3782424969586561,131520000.0
2011-01-05,48.82953643798828,0.3923859298229217,0.387843828993134,122880000.0
2011-01-06,48.9871940612793,0.3959340453147888,0.3915505244913279,104524800.0
2011-01-07,48.94340133666992,0.3950155079364776,0.390449912459838,152409600.0
2011-01-10,49.12736511230469,0.399457186460495,0.3948022944845098,86054400.0
2011-01-11,49.19743347167969,0.4012931287288666,0.3964406288985803,109939200.0
2011-01-12,49.54786682128906,0.409431517124176,0.4048610212007557,134092800.0
2011-01-13,49.56537628173828,0.410721480846405,0.4052380016972438,131443200.0
2011-01-14,49.93330001831055,0.4196286499500274,0.4142099622208786,61286400.0
2011-01-18,50.07346725463867,0.4229775667190552,0.4176446945606052,138124800.0
2011-01-19,49.50405502319336,0.4088112711906433,0.4033430256581559,149952000.0
2011-01-20,49.153656005859375,0.3996306657791137,0.394726173358959,189465600.0
2011-01-21,48.77696228027344,0.3905004858970642,0.3856001814065283,104832000.0
2011-01-24,49.45149993896485,0.4066275358200073,0.401547851345121,86438400.0
2011-01-25,49.52158737182617,0.4080414772033691,0.403203381145075,95846400.0
2011-01-26,49.78438186645508,0.4143686890602112,0.4095703566824676,99379200.0
2011-01-27,50.09099197387695,0.4223573207855224,0.4170848522248681,111360000.0
2011-01-28,48.82075500488281,0.3905004858970642,0.3853009881801275,254553600.0
2011-01-31,49.05728912353516,0.3962817192077636,0.3908515692640064,159974400.0
2011-02-01,49.97711181640625,0.4182882308959961,0.4127865075508122,203443200.0
2011-02-02,49.89826965332031,0.416402667760849,0.4107796572283592,92121600.0
2011-02-03,49.98587417602539,0.4180155992507934,0.412890230345746,131558400.0
2011-02-04,50.26620864868164,0.4255585670471191,0.4197837642800506,135936000.0
2011-02-07,50.50273132324219,0.4317360818386078,0.4256553573196182,103795200.0
2011-02-08,50.83560943603516,0.4409414827823639,0.434017292639688,133977600.0
2011-02-09,50.74799728393555,0.4382614195346832,0.4317172872614443,130406400.0
2011-02-10,50.82684326171875,0.4403955936431885,0.4336738348574215,142080000.0
2011-02-11,51.194766998291016,0.4494266211986542,0.4430356759237682,94540800.0
2011-02-14,51.31741714477539,0.4522553384304046,0.4461627315670507,59635200.0
2011-02-15,51.24734115600586,0.4510892033576965,0.4442774089945057,93235200.0
2011-02-16,51.58022689819336,0.459425687789917,0.4528777252888718,141120000.0
2011-02-17,51.562721252441406,0.4590283632278442,0.4523581935005926,86745600.0
2011-02-18,51.44881439208984,0.4564236402511596,0.4493019265256532,128179200.0
2011-02-22,49.95957565307617,0.4162292182445526,0.4102274419210814,241843200.0
2011-02-23,49.54786682128906,0.4059577286243438,0.4000326597084582,194265600.0
2011-02-24,49.8106575012207,0.4117380082607269,0.4063460962919558,320524800.0
2011-02-25,50.50273132324219,0.4293790161609649,0.4232310993147385,108345600.0
2011-02-28,50.60784149169922,0.4325050115585327,0.4258190779380408,104313600.0
2011-03-01,49.79312896728516,0.4117132723331451,0.4051989388107377,122899200.0
2011-03-02,50.05595397949219,0.4175193011760711,0.4115629926062351,114105600.0
2011-03-03,51.04584884643555,0.4424296915531158,0.4359268144430974,132825600.0
2011-03-04,50.78304290771485,0.4358795881271362,0.4291375567205532,109420800.0
2011-03-07,50.09975051879883,0.4185120165348053,0.4117598865189917,137568000.0
2011-03-08,50.30122756958008,0.4228784441947937,0.4166744612447028,128774400.0
2011-03-09,49.95957565307617,0.414343774318695,0.4081303950551783,97056000.0
2011-03-10,49.17992401123047,0.3953880369663238,0.3889703185560032,174892800.0
2011-03-11,49.48653030395508,0.4019877314567566,0.3961950994484781,102547200.0
2011-03-14,49.31132507324219,0.3980680704116821,0.3919358405811051,78912000.0
2011-03-15,48.61050033569336,0.3817914426326751,0.3751744064773587,187852800.0
2011-03-16,47.43662643432617,0.3537551462650299,0.347946229626874,216768000.0
2011-03-17,47.87466049194336,0.3629852533340454,0.3575402380189139,116486400.0
2011-03-18,47.766746520996094,0.3609998226165771,0.3550763210482646,118713600.0
2011-03-21,48.68787384033203,0.3811464607715606,0.3755722372528831,95251200.0
2011-03-22,48.600135803222656,0.3801040947437286,0.3734933803178955,64358400.0
2011-03-23,48.87207794189453,0.3858606219291687,0.3797148411407365,104544000.0
2011-03-24,49.74059677124024,0.4068504571914673,0.3999098942549898,130656000.0
2011-03-25,49.863407135009766,0.4098277986049652,0.4028204510233734,148300800.0
2011-03-28,49.59144973754883,0.4028814136981964,0.3961774738837078,88838400.0
2011-03-29,50.07392501831055,0.4144428968429565,0.4076895931080651,67296000.0
2011-03-30,50.31078720092773,0.4205461740493774,0.4134224145997029,67545600.0
2011-03-31,50.3809928894043,0.4223325252532959,0.4150997939972801,56428800.0
2011-04-01,50.40729904174805,0.4229775667190552,0.4156964644454264,75552000.0
2011-04-04,50.24064636230469,0.4191570878028869,0.4115198021795105,62419200.0
2011-04-05,50.10902786254883,0.4143933355808258,0.4082324575139989,53932800.0
2011-04-06,50.23184585571289,0.4175193011760711,0.411181539880453,66393600.0
2011-04-07,50.19674682617188,0.4174202084541321,0.4102665620880369,71942400.0
2011-04-08,49.95990753173828,0.4111683368682861,0.4044064463519803,50457600.0
2011-04-11,49.79320526123047,0.4074459373950958,0.4003060959718403,56083200.0
2011-04-12,49.45108795166016,0.3994076550006866,0.3920032241371031,66566400.0
2011-04-13,49.87218475341797,0.4089351594448089,0.4019668651213017,70848000.0
2011-04-14,49.78443908691406,0.4067018926143646,0.3997933292106754,67872000.0
2011-04-15,49.69672393798828,0.4040722846984863,0.3976285621117653,149683200.0
2011-04-18,49.3458137512207,0.3962817192077636,0.3891542559066912,125760000.0
2011-04-19,49.652862548828125,0.4034273028373718,0.3963684540143801,107328000.0
2011-04-20,50.77573776245117,0.4302728176116943,0.4232083515459996,131155200.0
2011-04-21,51.17927551269531,0.4411891996860504,0.4332440342339621,64972800.0
2011-04-25,51.31086349487305,0.4444637894630432,0.4365299029179088,45350400.0
2011-04-26,51.60035705566406,0.4521056711673736,0.4438622280490911,44793600.0
2011-04-27,51.95127487182617,0.4614846408367157,0.4528606642024572,62668800.0
2011-04-28,51.872314453125,0.460790067911148,0.4507373364199085,66028800.0
2011-04-29,51.82847213745117,0.4585567712783813,0.4495362975825565,52416000.0
2011-05-02,51.73195266723633,0.4560758173465729,0.4469668027065716,53875200.0
2011-05-03,51.48633575439453,0.4492274522781372,0.4405427063508363,52204800.0
2011-05-04,51.40736770629883,0.4465979337692261,0.4384587983801724,81945600.0
2011-05-05,51.12663650512695,0.4398992657661438,0.431219071962557,95750400.0
2011-05-06,51.29335021972656,0.4437197148799896,0.4353817935479407,76838400.0
2011-05-09,51.48633575439453,0.4485330283641815,0.4402398481267315,41875200.0
2011-05-10,51.92496109008789,0.4600459337234497,0.4514345984283875,55353600.0
2011-05-11,51.54773712158203,0.4501212239265442,0.4415376214706117,64704000.0
2011-05-12,51.85478973388672,0.4580603539943695,0.4493709302348735,60288000.0
2011-05-13,51.240699768066406,0.4418342709541321,0.433347937188359,74054400.0
2011-05-16,50.35464477539063,0.4188588559627533,0.4108116490119315,79718400.0
2011-05-17,50.49502944946289,0.4222829639911651,0.4141945755185333,89740800.0
2011-05-18,50.91611099243164,0.432554543018341,0.4245031283184806,42566400.0
2011-05-19,51.06525802612305,0.4362767934799194,0.4281788122531083,52627200.0
2011-05-20,50.67925262451172,0.4266504049301147,0.4184136798760505,43660800.0
2011-05-23,49.93357467651367,0.4081404507160187,0.3998904905772375,77433600.0
2011-05-24,49.62653732299805,0.400450050830841,0.3924622181934984,67929600.0
2011-05-25,49.81954193115234,0.4049154818058014,0.3969906061179821,53913600.0
2011-05-26,50.12657928466797,0.4125078320503235,0.4042793346750557,47136000.0
2011-05-27,50.3809928894043,0.4186607301235199,0.410382841264541,35059200.0
2011-05-31,51.196807861328125,0.438807338476181,0.430265773614325,55315200.0
2011-06-01,50.08271789550781,0.4107710421085357,0.4021213158462839,92352000.0
2011-06-02,50.1879768371582,0.4131528437137604,0.4046048520451208,46790400.0
2011-06-03,49.43353271484375,0.3943952620029449,0.3863061437252914,81388800.0
2011-06-06,49.02998733520508,0.3848678767681122,0.3767955958293228,53472000.0
2011-06-07,48.94227600097656,0.3826356530189514,0.3747247965806436,55852800.0
2011-06-08,48.59136199951172,0.3743982017040252,0.3666161683450579,93523200.0
2011-06-09,48.679107666015625,0.3760359585285187,0.3685549605217975,44064000.0
2011-06-10,47.93341445922852,0.3587674498558044,0.3515702304097374,55699200.0
2011-06-13,47.93341445922852,0.3590151965618133,0.3515248712833026,58982400.0
2011-06-14,48.5474967956543,0.3723630607128143,0.3649898353964902,58521600.0
2011-06-15,47.62639617919922,0.3520182073116302,0.344167686365797,89337600.0
2011-06-16,47.442161560058594,0.3471059203147888,0.340129219703664,85171200.0
2011-06-17,47.2935791015625,0.344525933265686,0.3368896200017919,89971200.0
2011-06-20,47.53974533081055,0.3490904867649078,0.3421067536809953,47212800.0
2011-06-21,48.55964660644531,0.3723630607128143,0.3640809358991918,74284800.0
2011-06-22,48.20797348022461,0.3639770448207855,0.3561238465510046,62208000.0
2011-06-23,48.6563835144043,0.3740503787994385,0.3660154368910407,115852800.0
2011-06-24,47.812313079833984,0.3543505370616913,0.346919769446353,94041600.0
2011-06-27,48.577239990234375,0.3715694546699524,0.3635256333653526,74361600.0
2011-06-28,49.29819869995117,0.3882425129413605,0.379664519905179,57676800.0
2011-06-29,49.50044631958008,0.3931053280830383,0.3842882978202834,68409600.0
2011-06-30,50.159854888916016,0.4080414772033691,0.3995963363536252,90432000.0
2011-07-01,50.915977478027344,0.4269476532936096,0.4176156356596621,76723200.0
2011-07-05,51.17095184326172,0.4331004321575165,0.4238356965638787,73286400.0
2011-07-06,51.3380126953125,0.4377155601978302,0.4279321787151818,79833600.0
2011-07-07,52.04140472412109,0.4554308354854584,0.4454665118014705,107097600.0
2011-07-08,51.90070724487305,0.4516599178314209,0.4417959912108872,146035200.0
2011-07-11,50.95994567871094,0.4274440109729767,0.41771477018087,135417600.0
2011-07-12,50.57309341430664,0.4170229434967041,0.4081478820611567,100646400.0
2011-07-13,50.78411102294922,0.4225812256336212,0.4132042477984192,114796800.0
2011-07-14,50.19502639770508,0.4080414772033691,0.3987716989417759,123436800.0
2011-07-15,50.86322021484375,0.4242685437202453,0.4146455399264742,96403200.0
2011-07-18,50.590667724609375,0.4172715246677398,0.4079263614581308,84691200.0
2011-07-19,51.742462158203125,0.4466970562934875,0.4357354299621752,144864000.0
2011-07-20,51.52263641357422,0.4404451847076416,0.4301255992319359,107078400.0
2011-07-21,51.86555480957031,0.4493770897388458,0.4386584454319654,131212800.0
2011-07-22,52.40187454223633,0.4633204340934753,0.4522097938205882,91468800.0
2011-07-25,52.296382904052734,0.4605918228626251,0.449420382822974,80102400.0
2011-07-26,52.428253173828125,0.4631223082542419,0.4527621670512706,103353600.0
2011-07-27,51.07423782348633,0.4279899001121521,0.4176245600190489,144057600.0
2011-07-28,51.16217041015625,0.4302728176116943,0.4197277039560843,123398400.0
2011-07-29,50.99510955810547,0.4261044859886169,0.4155619155970567,149740800.0
2011-08-01,50.75773620605469,0.4203479886054992,0.4097051953594023,197337600.0
2011-08-02,49.47404479980469,0.3884406983852386,0.3785673182974893,177004800.0
2011-08-03,49.94883346557617,0.3985139429569244,0.3894174922449828,175584000.0
2011-08-04,47.62767791748047,0.3442772328853607,0.3350777796746911,292108800.0
2011-08-05,47.3287467956543,0.3366848528385162,0.3287252857253008,317836800.0
2011-08-08,44.48005294799805,0.2775357365608215,0.2693254372171398,385459200.0
2011-08-09,46.625370025634766,0.3155464231967926,0.3082601882239816,425856000.0
2011-08-10,44.717430114746094,0.2783294320106506,0.2703778057402162,323577600.0
2011-08-11,46.68690490722656,0.3140572011470794,0.3060673992867739,286348800.0
2011-08-12,47.10015106201172,0.3220469951629638,0.3141553189427835,250291200.0
2011-08-15,47.794734954833984,0.3359407484531402,0.3280132917863353,151488000.0
2011-08-16,47.39028549194336,0.3273069858551025,0.3196438120720823,150643200.0
2011-08-17,47.10895156860352,0.3219972550868988,0.313909845357876,212236800.0
2011-08-18,44.79658126831055,0.2753025591373443,0.2676440028569669,328723200.0
2011-08-19,43.9876823425293,0.2598699927330017,0.2531108019986628,287328000.0
2011-08-22,44.14594650268555,0.2622022926807403,0.2558101631949657,216460800.0
2011-08-23,45.96595001220703,0.2946555912494659,0.2874159908940255,286137600.0
2011-08-24,46.326416015625,0.3016029596328735,0.2941406766623194,197164800.0
2011-08-25,45.5703010559082,0.2871126234531402,0.2797003070834912,152582400.0
2011-08-26,46.71329116821289,0.3078548014163971,0.3007104728811318,222412800.0
2011-08-29,48.01454162597656,0.3340552747249603,0.3258015453381644,226464000.0
2011-08-30,48.33105850219727,0.3408530950546264,0.3322026643589705,228940800.0
2011-08-31,48.410194396972656,0.3428385555744171,0.3337916214733761,256454400.0
2011-09-01,47.9705696105957,0.3331625163555145,0.3246548266615941,197836800.0
2011-09-02,46.84516525268555,0.3098393976688385,0.3017634330392291,154137600.0
2011-09-06,46.85396194458008,0.3097898662090301,0.301894497395546,170054400.0
2011-09-07,48.04091644287109,0.3332119882106781,0.3247992868169987,160089600.0
2011-09-08,47.82109069824219,0.3285970091819763,0.3202987294953921,199046400.0
2011-09-09,46.757232666015625,0.306962102651596,0.2988807045850496,207648000.0
2011-09-12,47.35512161254883,0.318474143743515,0.3103075868800832,239712000.0
2011-09-13,47.9881591796875,0.3308302760124206,0.3227120148450731,280243200.0
2011-09-14,48.6739616394043,0.3451213836669922,0.3365060853590505,233625600.0
2011-09-15,49.39493179321289,0.360801488161087,0.3514158913437594,235372800.0
2011-09-16,49.847686767578125,0.370229959487915,0.3610338082840169,246220800.0
2011-09-19,49.86531066894531,0.371172159910202,0.3613701641572506,247449600.0
2011-09-20,49.64509582519531,0.3659130930900574,0.3565358993179851,239155200.0
2011-09-21,48.781856536865234,0.3473040759563446,0.3378913376227207,234451200.0
2011-09-22,47.1963119506836,0.3135122656822204,0.3049005482577377,335462400.0
2011-09-23,47.69840240478516,0.3232873082160949,0.3145921182788682,261504000.0
2011-09-26,48.25333404541016,0.3342534303665161,0.3255315908721048,246988800.0
2011-09-27,48.75541687011719,0.3444763720035553,0.3356511991495217,259027200.0
2011-09-28,48.03312301635742,0.3282492160797119,0.3206902407991672,269184000.0
2011-09-29,47.46055221557617,0.3185236752033233,0.309180662800325,336556800.0
2011-09-30,46.236175537109375,0.2937618792057037,0.28521225259355,287462400.0
2011-10-03,45.047019958496094,0.2707378566265106,0.2631691965401186,410649600.0
2011-10-04,45.971900939941406,0.2872117757797241,0.2793449844197465,689280000.0
2011-10-05,47.15227127075195,0.3090457618236542,0.3008262526374666,520569600.0
2011-10-06,47.94505310058594,0.3249251544475555,0.315961020448422,456460800.0
2011-10-07,47.627906799316406,0.3182254135608673,0.309650211274456,288364800.0
2011-10-10,49.275123596191406,0.3508768677711487,0.3417381282930138,216960000.0
2011-10-11,49.609859466552734,0.3583701252937317,0.3486585261469069,200947200.0
2011-10-12,49.85649871826172,0.3641266226768493,0.3538136911379888,258950400.0
2011-10-13,50.31452941894531,0.3739018440246582,0.3635194814144979,187161600.0
2011-10-14,51.24825286865234,0.3944953083992004,0.3837108697185501,191481600.0
2011-10-17,50.45545959472656,0.3762341439723968,0.365853728684185,1094342400.0
2011-10-18,51.08087158203125,0.3898802101612091,0.3794111579740837,285792000.0
2011-10-19,50.09433364868164,0.3674012720584869,0.3573792127397132,242246400.0
2011-10-20,49.847686767578125,0.3627366125583648,0.3520542754778282,203174400.0
2011-10-21,50.47309494018555,0.3756385743618011,0.3652598772897578,188428800.0
2011-10-24,51.52130126953125,0.3991093933582306,0.3879694928772263,197356800.0
2011-10-25,50.50832748413086,0.376481831073761,0.3650355284176622,200755200.0
2011-10-26,50.44667053222656,0.3749935925006866,0.3636516042609277,383692800.0
2011-10-27,51.83843231201172,0.4052136838436126,0.3937027919136103,330528000.0
2011-10-28,51.91769027709961,0.40655317902565,0.3954578433004969,127161600.0
2011-10-31,51.04564666748047,0.3864066004753113,0.3754797131952624,157977600.0
2011-11-01,49.71554565429688,0.3564846813678741,0.3460795431740531,392870400.0
2011-11-02,50.13836669921875,0.3652670681476593,0.3548649100305595,243648000.0
2011-11-03,51.17776870727539,0.3874983787536621,0.37688888942656,285561600.0
2011-11-04,50.91352081298828,0.3814941942691803,0.3710022544872799,158323200.0
2011-11-07,51.27467346191406,0.3899793326854706,0.3788494490380275,223084800.0
2011-11-08,51.86484909057617,0.4029804766178131,0.3918823335609574,205900800.0
2011-11-09,50.04146957397461,0.3612979352474212,0.3505002994569264,222144000.0
2011-11-10,50.015045166015625,0.3598088920116424,0.3498998331130996,177945600.0
2011-11-11,50.95756149291992,0.3800050914287567,0.369635915591916,171532800.0
2011-11-14,50.64046478271485,0.3735540509223938,0.3626877581259596,113126400.0
2011-11-15,51.204193115234375,0.3855633735656738,0.3747532566086141,220108800.0
2011-11-16,50.35857391357422,0.3665579855442047,0.3561381526012739,242092800.0
2011-11-17,49.1782341003418,0.3413494825363159,0.3310499516653776,445920000.0
2011-11-18,48.79947280883789,0.3331625163555145,0.3233581910510291,236198400.0
2011-11-21,47.86576461791992,0.3138094842433929,0.3047554808221493,272352000.0
2011-11-22,48.02430725097656,0.3165391087532043,0.307744426451653,320659200.0
2011-11-23,46.94085693359375,0.295498788356781,0.2868761569977992,310272000.0
2011-11-25,46.579708099365234,0.2887999415397644,0.2802177280219203,123552000.0
2011-11-28,48.200477600097656,0.3186227083206177,0.3094326176341664,262752000.0
2011-11-29,47.90098571777344,0.3128663897514343,0.30362475072002,234432000.0
2011-11-30,49.67152786254883,0.3472050428390503,0.337253804275847,242457600.0
2011-12-01,50.015045166015625,0.3546488583087921,0.3442074104490245,183475200.0
2011-12-02,49.87410736083984,0.351274162530899,0.3412531666255578,129081600.0
2011-12-05,50.42024230957031,0.362786203622818,0.3524195816779272,189158400.0
2011-12-06,50.27931213378906,0.3600080013275146,0.3494189573818215,140025600.0
2011-12-07,50.27931213378906,0.36055389046669,0.3493738758097892,154080000.0
2011-12-08,49.43367767333984,0.3421935737133026,0.3317007194523437,259795200.0
2011-12-09,50.22645950317383,0.3584198355674743,0.3476166578102103,196243200.0
2011-12-12,49.6627082824707,0.3466590046882629,0.3358666646801483,214579200.0
2011-12-13,49.1165771484375,0.3349490165710449,0.3247429506445502,231590400.0
2011-12-14,48.350215911865234,0.3193667829036712,0.3095002535169636,409939200.0
2011-12-15,48.21808624267578,0.3168859183788299,0.3069229499078919,306950400.0
2011-12-16,48.46637344360352,0.3208560049533844,0.3116246243216599,280934400.0
2011-12-19,47.9892807006836,0.3119736015796661,0.3023817179868102,199296000.0
2011-12-20,49.411659240722656,0.3396621346473694,0.3292300387028677,267705600.0
2011-12-21,48.704872131347656,0.3255206644535064,0.3150595877757731,343718400.0
2011-12-22,49.12012100219727,0.3334597945213318,0.3230773612274398,200947200.0
2011-12-23,49.54415512084961,0.3420945107936859,0.3314026664044875,110918400.0
2011-12-27,49.728965759277344,0.3447240889072418,0.3350685246382787,139776000.0
2011-12-28,49.15422058105469,0.3336579501628876,0.3234075774227526,200294400.0
2011-12-29,49.507911682128906,0.3401585221290588,0.3303471271133283,135436800.0
2011-12-30,49.3664436340332,0.3373803496360779,0.3274726216216104,115622400.0
2012-01-03,50.31255722045898,0.3565838038921356,0.3462585232340744,202732800.0
2012-01-04,50.524784088134766,0.3608511090278625,0.350595580292137,119692800.0
2012-01-05,50.94035720825195,0.3697335124015808,0.3592014338108767,138796800.0
2012-01-06,51.11720275878906,0.3735540509223938,0.3628961225002615,207494400.0
2012-01-09,50.94920349121094,0.3704280853271484,0.3592712728387109,153945600.0
2012-01-10,51.32059097290039,0.3780205249786377,0.3670815014416126,157305600.0
2012-01-11,51.42667388916016,0.3806501030921936,0.3693104833021473,137241600.0
2012-01-12,51.63008117675781,0.3851661086082458,0.3736450229214622,154329600.0
2012-01-13,51.44438171386719,0.3807491660118103,0.3695651149224586,155155200.0
2012-01-17,51.91301727294922,0.3909721076488495,0.3796171582381113,129024000.0
2012-01-18,52.60271072387695,0.4065037071704864,0.3946984589296144,213830400.0
2012-01-19,52.92988204956055,0.4146410226821899,0.4020122139837056,226790400.0
2012-01-20,52.85028839111328,0.4128051102161407,0.4001467613623329,80179200.0
2012-01-23,52.86796569824219,0.4127556085586548,0.4004966569200613,137664000.0
2012-01-24,52.77071380615234,0.4104727208614349,0.398234815725667,95596800.0
2012-01-25,53.43387985229492,0.4261539876461029,0.4131972072225888,202521600.0
2012-01-26,53.24820327758789,0.4216379523277282,0.4088364590316824,187084800.0
2012-01-27,53.40736389160156,0.4258062839508056,0.4124497879705034,168844800.0
2012-01-30,53.45158004760742,0.4265007972717285,0.4134209804030571,168672000.0
2012-01-31,53.52230453491211,0.4279899001121521,0.4150086959619937,198201600.0
2012-02-01,53.95560073852539,0.4385091960430145,0.4250344093621304,175737600.0
2012-02-02,54.12358474731445,0.4430252015590668,0.4289494462688774,145190400.0
2012-02-03,54.8663215637207,0.4606414139270782,0.4465534964963656,155040000.0
2012-02-06,54.82212448120117,0.4601944983005523,0.4454167310360068,130828800.0
2012-02-07,54.93707275390625,0.4621790647506714,0.4481610461409936,130176000.0
2012-02-08,55.22886657714844,0.4698705077171325,0.4552443385561928,154886400.0
2012-02-09,55.62679672241211,0.4802916646003723,0.465025862278433,152544000.0
2012-02-10,55.23770904541016,0.4700191915035248,0.4552078434128718,194803200.0
2012-02-13,55.75056457519531,0.4826734960079193,0.4678282699859968,159206400.0
2012-02-14,55.89204025268555,0.4868913888931274,0.4713294711062132,173875200.0
2012-02-15,55.50298309326172,0.4760233461856842,0.4614260729644139,383865600.0
2012-02-16,56.26342010498047,0.4959224462509155,0.4803323028242568,252268800.0
2012-02-17,56.0865592956543,0.4917045831680298,0.4757406404868189,161932800.0
2012-02-21,56.2457389831543,0.4958729445934295,0.479729870371808,164371200.0
2012-02-22,55.98930740356445,0.4893226623535156,0.4731065251689332,125376000.0
2012-02-23,56.36069488525391,0.4986014664173126,0.4824600961170153,210144000.0
2012-02-24,56.55520248413086,0.5034652948379517,0.4873929348052424,134572800.0
2012-02-27,56.63478088378906,0.5058966279029846,0.4893874728011735,184819200.0
2012-02-28,57.20955276489258,0.5210309624671936,0.5042243369108371,191980800.0
2012-02-29,56.9531135559082,0.5141836404800415,0.4973787948274947,266092800.0
2012-03-01,57.404075622558594,0.5266883969306946,0.5091295511747019,234643200.0
2012-03-02,57.3598518371582,0.5251001119613647,0.5078871721013102,166252800.0
2012-03-05,56.767425537109375,0.5087243914604187,0.4920849037779175,244454400.0
2012-03-06,56.21036911010742,0.4941360056400299,0.4775349884786967,215558400.0
2012-03-07,56.64362335205078,0.5053507089614868,0.4885155071052279,187238400.0
2012-03-08,57.25373458862305,0.5213786363601685,0.5042379527155011,124761600.0
2012-03-09,57.49248123168945,0.5276800990104675,0.5104808756029999,154944000.0
2012-03-12,57.51901245117188,0.5285241603851318,0.5111217332371566,151507200.0
2012-03-13,58.58892440795898,0.5582975745201111,0.5395779365580996,191462400.0
2012-03-14,58.79230499267578,0.564549446105957,0.545127455123025,243052800.0
2012-03-15,58.96030044555664,0.5688661336898804,0.5497301296203807,196819200.0
2012-03-16,58.91866683959961,0.567625880241394,0.5484946622233956,138297600.0
2012-03-19,59.33496856689453,0.579981803894043,0.5600503952484389,191961600.0
2012-03-20,59.44126510620117,0.5831574201583862,0.5629880708925495,184396800.0
2012-03-21,59.45013427734375,0.5829591155052185,0.5631674435604337,156576000.0
2012-03-22,59.32614135742188,0.5794360637664795,0.5595710526659889,213216000.0
2012-03-23,59.29069519042969,0.5786421895027161,0.5584958604619688,157497600.0
2012-03-26,60.326995849609375,0.6088623404502869,0.587708481524364,158553600.0
2012-03-27,60.41556167602539,0.6111935377120972,0.5902210937151207,179251200.0
2012-03-28,60.17645263671875,0.6040481328964233,0.5831371206165892,190368000.0
2012-03-29,59.94610977172852,0.5978458523750305,0.5763655045171248,172300800.0
2012-03-30,59.83100128173828,0.5936774611473083,0.5729709323413655,126451200.0
2012-04-02,60.45101165771485,0.6117891669273376,0.5907095762338161,125452800.0
2012-04-03,60.43326950073242,0.6118397116661072,0.590113250184161,167500800.0
2012-04-04,59.60955047607422,0.5868797898292542,0.5659069864843127,205152000.0
2012-04-05,59.98154067993164,0.5975978970527649,0.5764285105392764,154656000.0
2012-04-09,59.52984237670898,0.5838528871536255,0.5633315450167935,143904000.0
2012-04-10,58.573238372802734,0.5556669235229492,0.5361018024869985,293433600.0
2012-04-11,58.856666564941406,0.5637060403823853,0.5438150135517561,168806400.0
2012-04-12,59.52984237670898,0.5826113224029541,0.5624045784166255,178291200.0
2012-04-13,58.62638473510742,0.5562622547149658,0.5367259337595531,183321600.0
2012-04-16,57.9709358215332,0.538746178150177,0.5186547353414352,200486400.0
2012-04-17,59.14895248413086,0.5705038905143738,0.5502062799807675,189254400.0
2012-04-18,58.99840545654297,0.5663358569145203,0.5459341069425742,128294400.0
2012-04-19,58.33409118652344,0.5480249524116516,0.5274222329597306,199200000.0
2012-04-20,58.17465972900391,0.5421198606491089,0.5230297317771768,171033600.0
2012-04-23,57.64323425292969,0.5284746885299683,0.5086286224668732,140140800.0
2012-04-24,57.33321762084961,0.5191454887390137,0.5003564860712215,129696000.0
2012-04-25,58.856666564941406,0.5603811740875244,0.540178104514072,152409600.0
2012-04-26,59.202110290527344,0.5704048275947571,0.5496197114152167,142483200.0
2012-04-27,59.55638885498047,0.5801800489425659,0.5594159391344926,104928000.0
2012-04-30,59.13125991821289,0.5681220293045044,0.5473639962167459,96172800.0
2012-05-01,59.22869491577149,0.5713481307029724,0.549999173768224,104678400.0
2012-05-02,59.39697647094727,0.5751190185546875,0.5546162140602906,77184000.0
2012-05-03,58.76810073852539,0.5572552680969238,0.5369283737508631,100550400.0
2012-05-04,57.30666732788086,0.5163663625717163,0.4968024167614534,182169600.0
2012-05-07,57.35978698730469,0.517110288143158,0.4981198333129765,211046400.0
2012-05-08,57.147220611572266,0.511404275894165,0.4925177045808445,276480000.0
2012-05-09,56.97008895874024,0.5085757374763489,0.4878743853717192,269529600.0
2012-05-10,56.85491180419922,0.5033650994300842,0.484852414884814,406137600.0
2012-05-11,56.8460693359375,0.5028696656227112,0.4845636370859499,96172800.0
2012-05-14,56.31463241577149,0.4889750182628631,0.4709109972686878,164400000.0
2012-05-15,56.12864303588867,0.4847076535224914,0.4661844316998111,151276800.0
2012-05-16,55.74777603149414,0.474187433719635,0.4566342498963616,148598400.0
2012-05-17,54.56977081298828,0.4450096786022186,0.4276279460232284,260640000.0
2012-05-18,53.86117935180664,0.4271458685398102,0.4109144571678541,281923200.0
2012-05-21,55.36690521240234,0.4630727469921112,0.445323619970322,206409600.0
2012-05-22,55.30490493774414,0.461385428905487,0.4437701347421224,193238400.0
2012-05-23,55.41117858886719,0.4639654755592346,0.4462711200593787,161952000.0
2012-05-24,55.04804992675781,0.4556289911270141,0.4374398346875936,154800000.0
2012-05-25,54.97718811035156,0.4530490040779114,0.4356940845522323,62496000.0
2012-05-29,55.67689514160156,0.4699201285839081,0.4522734015350091,141360000.0
2012-05-30,55.207481384277344,0.4585071802139282,0.4407756534830018,124617600.0
2012-05-31,54.96833038330078,0.4519571363925934,0.4349906518240736,166080000.0
2012-06-01,53.50687789916992,0.4164275228977203,0.4002390153652637,224342400.0
2012-06-04,53.914306640625,0.4253594279289245,0.4093302509101669,228345600.0
2012-06-05,54.13574600219727,0.4312149286270141,0.4143211007096394,196483200.0
2012-06-06,55.37576675415039,0.4606909155845642,0.4427386725943449,171724800.0
2012-06-07,55.154327392578125,0.4555298686027527,0.4373702149724546,171408000.0
2012-06-08,55.68576431274414,0.4689283370971679,0.4499565662771246,126384000.0
2012-06-11,54.74689483642578,0.4464988708496094,0.4271395287893584,181795200.0
2012-06-12,55.41117858886719,0.4605918228626251,0.4426328002186019,134995200.0
2012-06-13,55.030311584472656,0.4515598714351654,0.4334484241605708,96998400.0
2012-06-14,55.23405075073242,0.4566217064857483,0.4382067800041134,131414400.0
2012-06-15,55.9202880859375,0.4734929502010345,0.4544833120879898,168758400.0
2012-06-18,56.44407272338867,0.4857004284858703,0.4671956060712267,176668800.0
2012-06-19,57.02999877929688,0.5016788840293884,0.4816847086440871,162518400.0
2012-06-20,57.07438659667969,0.5034652948379517,0.4827472826426935,194428800.0
2012-06-21,55.65394592285156,0.4657519161701202,0.446641832597628,155788800.0
2012-06-22,56.2398796081543,0.4802420735359192,0.4606911584023673,140044800.0
2012-06-25,55.15679168701172,0.4517589211463928,0.4340152503049206,134160000.0
2012-06-26,55.5030403137207,0.4604917764663696,0.442132890502745,136684800.0
2012-06-27,55.84039306640625,0.4689283370971679,0.4501378242556973,116985600.0
2012-06-28,55.21895980834961,0.4520562291145324,0.4350513466189906,209184000.0
2012-06-29,56.9589729309082,0.496219664812088,0.4761221262531899,246595200.0
2012-07-02,57.12765502929688,0.5001897811889648,0.4802907569913195,125107200.0
2012-07-03,57.607032775878906,0.5120989084243774,0.4923196439184078,92947200.0
2012-07-05,57.642555236816406,0.5138853788375854,0.493166868733583,118560000.0
2012-07-06,56.9234733581543,0.4936395287513733,0.4746467018815196,145248000.0
2012-07-09,56.8169174194336,0.4919522106647491,0.4719199678707929,96124800.0
2012-07-10,56.25764846801758,0.4768674969673157,0.4579232574617879,172665600.0
2012-07-11,55.94693374633789,0.4703174829483032,0.4502767552914362,221088000.0
2012-07-12,55.42314529418945,0.4567207992076874,0.4375718681080793,215356800.0
2012-07-13,56.26652526855469,0.4765692949295044,0.4574911479738599,141120000.0
2012-07-16,56.10673141479492,0.4729965031147003,0.4535343735696672,108739200.0
2012-07-17,56.399681091308594,0.4802420735359192,0.4605799665329128,173606400.0
2012-07-18,57.16314697265625,0.4997923076152801,0.4792247494118257,187440000.0
2012-07-19,57.7934684753418,0.5160689949989319,0.4950157389448772,216249600.0
2012-07-20,57.02999877929688,0.496219664812088,0.4753339369889521,164726400.0
2012-07-23,56.33751678466797,0.4778603017330169,0.4579575022027777,221788800.0
2012-07-24,55.89365005493164,0.4669427871704101,0.4470740796135159,252192000.0
2012-07-25,55.52079391479492,0.456522673368454,0.4380693546945683,196675200.0
2012-07-26,56.25764846801758,0.4743865728378296,0.4554545925653251,231024000.0
2012-07-27,57.58929443359375,0.5103124380111694,0.4877383271540416,271305600.0
2012-07-30,57.544898986816406,0.5072360634803772,0.4865474109352848,183235200.0
2012-07-31,57.52714157104492,0.5075333714485168,0.4860342154831583,132748800.0
2012-08-01,57.35847091674805,0.5025715231895447,0.4816963237790533,150921600.0
2012-08-02,57.15428161621094,0.4973115622997284,0.476489831946259,165830400.0
2012-08-03,58.23735809326172,0.5255964398384094,0.50351687384512,195081600.0
2012-08-06,58.68124771118164,0.5374066233634949,0.5149654436606018,127612800.0
2012-08-07,59.16951370239258,0.5507049560546875,0.527753541666287,140601600.0
2012-08-08,59.142879486083984,0.5498114228248596,0.5269727719917411,85929600.0
2012-08-09,59.32042694091797,0.5544759631156921,0.5316507136294369,77500800.0
2012-08-10,59.35592269897461,0.5567587018013,0.5325364974907694,93350400.0
2012-08-13,59.49798202514648,0.5601333975791931,0.5362914244006678,71904000.0
2012-08-14,59.52461242675781,0.5609270334243774,0.5369423407092221,110160000.0
2012-08-15,59.6755256652832,0.5648971199989319,0.5409570080906756,71654400.0
2012-08-16,60.3857536315918,0.5851427912712097,0.5602018058042267,139017600.0
2012-08-17,60.65205383300781,0.5931811928749084,0.5675409721438373,113606400.0
2012-08-20,60.740840911865234,0.5954638719558716,0.5699601773828853,91910400.0
2012-08-21,60.50116729736328,0.5886165499687195,0.5631397275846175,218227200.0
2012-08-22,60.74973678588867,0.5949674844741821,0.5700080631150463,113750400.0
2012-08-23,60.25259017944336,0.581768274307251,0.5559405065130225,109641600.0
2012-08-24,60.62541580200195,0.5920892357826233,0.5661887775745268,104236800.0
2012-08-27,60.723087310791016,0.5949674844741821,0.5688522300678863,75379200.0
2012-08-28,60.723087310791016,0.594868540763855,0.5687788375050509,87657600.0
2012-08-29,60.723087310791016,0.5950666666030884,0.568705454411227,73737600.0
2012-08-30,60.11051940917969,0.5769056081771851,0.551420964440239,124272000.0
2012-08-31,60.510032653808594,0.5892121195793152,0.5623445675540623,168816000.0
2012-09-04,60.4478874206543,0.5867301225662231,0.5605393911305051,149625600.0
2012-09-05,60.3857536315918,0.5840510129928589,0.5587385522950054,100828800.0
2012-09-06,61.72627639770508,0.6226571202278137,0.595877315056609,154656000.0
2012-09-07,61.637508392333984,0.6199770569801331,0.5932296582596976,109670400.0
2012-09-10,60.84738159179688,0.5971511006355286,0.5703394151931984,150604800.0
2012-09-11,60.74973678588867,0.5945712924003601,0.5675200750613038,140352000.0
2012-09-12,60.927276611328125,0.5997313857078552,0.5724225507475244,153888000.0
2012-09-13,61.752925872802734,0.6236489415168762,0.5956200605171675,233616000.0
2012-09-14,62.30328369140625,0.6396273374557495,0.6114681678824452,286377600.0
2012-09-17,62.32993698120117,0.6408182382583618,0.6121740336958629,152323200.0
2012-09-18,62.38323593139648,0.6420091986656189,0.6136654801597321,100742400.0
2012-09-19,62.498634338378906,0.6462762951850891,0.6169918370533316,137520000.0
2012-09-20,62.43647384643555,0.6447883248329163,0.6150712725823746,144921600.0
2012-09-21,62.454288482666016,0.6447883248329163,0.6155184010348463,145056000.0
2012-09-24,62.08925628662109,0.6328790783882141,0.6046462604187784,139872000.0
2012-09-25,61.216796875,0.6074724197387695,0.5790793317632418,153148800.0
2012-09-26,60.718223571777344,0.5914938449859619,0.5648558806414675,244800000.0
2012-09-27,61.55510330200195,0.6166034936904907,0.5881392421820614,183244800.0
2012-09-28,61.047607421875,0.6018158197402954,0.5735164808132756,157977600.0
2012-10-01,60.95856475830078,0.5992348790168762,0.5709329318562768,156499200.0
2012-10-02,61.136661529541016,0.6031058430671692,0.5758633902238987,165043200.0
2012-10-03,61.52839660644531,0.6145187020301819,0.5868586813119133,159820800.0
2012-10-04,61.74204635620117,0.6216645240783691,0.5928963482129349,152342400.0
2012-10-05,61.41264724731445,0.6109461188316345,0.5833303950148049,116534400.0
2012-10-08,60.85176849365234,0.5947694182395935,0.5672725491712609,104841600.0
2012-10-09,59.88134002685547,0.5642026662826538,0.5400597664275315,182188800.0
2012-10-10,59.57863235473633,0.5573543310165405,0.5317998793951425,155808000.0
2012-10-11,59.39165496826172,0.552392303943634,0.526724377341736,142396800.0
2012-10-12,59.36495590209961,0.5522932410240173,0.5259460652619269,109180800.0
2012-10-15,59.80120086669922,0.5633088946342468,0.5374729945352424,116332800.0
2012-10-16,60.64698791503906,0.587821900844574,0.5602085954152184,142742400.0
2012-10-17,60.61138153076172,0.5860357880592346,0.5591496077438266,133401600.0
2012-10-18,59.90803146362305,0.5659889578819275,0.5396119192329935,173520000.0
2012-10-19,58.47465133666992,0.5251001119613647,0.5008094791387613,285312000.0
2012-10-22,58.77734375,0.5333376526832581,0.508522144561874,211132800.0
2012-10-23,58.21648406982422,0.5175572633743286,0.4938994181596792,282038400.0
2012-10-24,58.01171112060547,0.512397050857544,0.4886239122323171,207052800.0
2012-10-25,58.01171112060547,0.512397050857544,0.488560870621006,233625600.0
2012-10-26,58.18086624145508,0.5177563428878784,0.4927715900553275,192192000.0
2012-10-31,57.82475662231445,0.507732629776001,0.4836596415096602,148204800.0
2012-11-01,58.643821716308594,0.5292683839797974,0.5041497901655645,183724800.0
2012-11-02,58.02060317993164,0.5099154114723206,0.4880116714782489,183427200.0
2012-11-05,58.403438568115234,0.5224201679229736,0.497608801692511,150355200.0
2012-11-06,58.5102767944336,0.5255964398384094,0.5002754490666125,182582400.0
2012-11-07,57.13032150268555,0.4878831207752228,0.4648141606893044,383731200.0
2012-11-08,56.23110961914063,0.4650572836399078,0.4428061392663697,310473600.0
2012-11-09,56.47148895263672,0.4701192080974579,0.448427793150586,436598400.0
2012-11-12,56.46258163452149,0.4708137512207031,0.4481577443705471,164419200.0
2012-11-13,56.07086181640625,0.4605918228626251,0.4387723868097034,345734400.0
2012-11-14,55.41204452514648,0.4441169798374176,0.4232494103470229,294950400.0
2012-11-15,55.2250862121582,0.4401469826698303,0.4189107168522154,310396800.0
2012-11-16,55.4654655456543,0.4451097846031189,0.4243268726260047,372614400.0
2012-11-19,56.78310394287109,0.4771648049354553,0.454513072400303,345580800.0
2012-11-20,56.800899505615234,0.4772647619247436,0.4548817586229374,218467200.0
2012-11-21,56.91664505004883,0.4806385040283203,0.4576038645535273,160761600.0
2012-11-23,57.78022766113281,0.5026705861091614,0.4783741663231049,129321600.0
2012-11-26,58.029518127441406,0.5091216564178467,0.4845042253716014,196944000.0
2012-11-27,57.833641052246094,0.5033650994300842,0.4795354223944627,359788800.0
2012-11-28,58.33220672607422,0.5168628096580505,0.4918753266253564,281001600.0
2012-11-29,58.6794319152832,0.5257946848869324,0.5005955981931064,249177600.0
2012-11-30,58.58150100708008,0.5239091515541077,0.4980246594452363,228470400.0
2012-12-03,58.46575927734375,0.5213291645050049,0.4950085054094618,336825600.0
2012-12-04,58.430137634277344,0.5179545879364014,0.4940398532383704,336748800.0
2012-12-05,57.78022766113281,0.5019760727882385,0.4774907112899252,436617600.0
2012-12-06,58.15414810180664,0.511206328868866,0.486699242814028,306249600.0
2012-12-07,57.80693817138672,0.5024725198745728,0.4779189212406456,240748800.0
2012-12-10,57.9760971069336,0.5069379806518555,0.4820528257979518,210441600.0
2012-12-11,58.73284149169922,0.5264893174171448,0.5008668993010492,344976000.0
2012-12-12,58.60819625854492,0.522916316986084,0.4976133975921394,301238400.0
2012-12-13,58.1452522277832,0.5111061930656433,0.4857573052693012,338515200.0
2012-12-14,57.59326553344727,0.4966168701648712,0.4718604049686418,274128000.0
2012-12-17,58.35892868041992,0.51596999168396,0.4906187120131913,193219200.0
2012-12-18,59.24921798706055,0.5398876667022705,0.5130091798961328,456326400.0
2012-12-19,58.99103927612305,0.5321465730667114,0.5062366732990654,361286400.0
2012-12-20,58.99103927612305,0.5325429439544678,0.5061713593126014,291580800.0
2012-12-21,58.3706169128418,0.51596999168396,0.4901354910289167,336624000.0
2012-12-24,58.25423049926758,0.5116026997566223,0.4871403796794537,52425600.0
2012-12-26,57.74393844604492,0.4994950592517853,0.4742758567471604,158563200.0
2012-12-27,57.65441131591797,0.4967159032821655,0.4720086915728894,308150400.0
2012-12-28,57.09935760498047,0.4823258221149444,0.4583153497405017,164284800.0
2012-12-31,58.30794143676758,0.5137863159179688,0.4873587799711275,423052800.0
2013-01-02,60.1611328125,0.5617206692695618,0.5337648249778434,354720000.0
2013-01-03,59.84778594970703,0.5535832047462463,0.5253556808855883,310732800.0
2013-01-04,59.65083694458008,0.5481250286102295,0.520101328437399,152208000.0
2013-01-07,59.66874313354492,0.5487204194068909,0.5205026029523391,182822400.0
2013-01-08,59.55236053466797,0.5455439686775208,0.517389761030926,175036800.0
2013-01-09,59.77617645263672,0.5511021614074707,0.5231565332381177,153993600.0
2013-01-10,60.13426971435547,0.560827910900116,0.5324910509471334,235555200.0
2013-01-11,60.21487045288086,0.5629116296768188,0.5345635166890262,106060800.0
2013-01-14,59.94624710083008,0.5556669235229492,0.5273403562309449,147369600.0
2013-01-15,59.65083694458008,0.5474295616149902,0.5194762502682807,216844800.0
2013-01-16,59.89255142211914,0.5535832047462463,0.52572422403825,152217600.0
2013-01-17,60.17904281616211,0.562117874622345,0.5332006794609443,230620800.0
2013-01-18,60.044769287109375,0.5589425563812256,0.5295628000895264,206044800.0
2013-01-22,60.14324951171875,0.561225175857544,0.5321001055693688,252566400.0
2013-01-23,60.5102653503418,0.5703551769256592,0.5417726560021124,225081600.0
2013-01-24,59.677696228027344,0.5476287007331848,0.5193397821633301,246124800.0
2013-01-25,59.98207473754883,0.5557660460472107,0.5272192574127094,170409600.0
2013-01-28,60.11635208129883,0.5597360134124756,0.530691974164869,249590400.0
2013-01-29,60.12532424926758,0.5597360134124756,0.530861117086701,213888000.0
2013-01-30,59.99999237060547,0.5566597580909729,0.5274728691321922,159158400.0
2013-01-31,59.86568832397461,0.5530869364738464,0.5238627277887891,203433600.0
2013-02-01,60.57296752929688,0.5712481141090393,0.5423625641006443,286070400.0
2013-02-04,59.51655960083008,0.542170524597168,0.5139157668549911,274224000.0
2013-02-05,60.39389801025391,0.5659889578819275,0.5365764835339343,280089600.0
2013-02-06,60.196922302246094,0.5607289671897888,0.5312570956311359,250972800.0
2013-02-07,60.25064849853516,0.562117874622345,0.5326110061488122,218572800.0
2013-02-08,60.868385314941406,0.5791882872581482,0.5489245243701373,203913600.0
2013-02-11,60.88629150390625,0.5789891481399536,0.5493381487383873,111062400.0
2013-02-12,60.63561630249024,0.5722408890724182,0.5424822267952409,129542400.0
2013-02-13,60.8504753112793,0.5788900852203369,0.5481790052610255,186806400.0
2013-02-14,60.83256530761719,0.5776991248130798,0.547624246505373,137001600.0
2013-02-15,60.65352249145508,0.5727372169494629,0.5427182786307073,118598400.0
2013-02-19,61.09222030639648,0.5852419137954712,0.5544244571322109,127296000.0
2013-02-20,60.15217971801758,0.5585451126098633,0.5287597413109634,163958400.0
2013-02-21,59.507591247558594,0.54038405418396,0.5116930135856083,265286400.0
2013-02-22,60.10742568969727,0.5562622547149658,0.5271005387647036,132364800.0
2013-02-25,59.364356994628906,0.5355202555656433,0.5074839378296319,240604800.0
2013-02-26,59.58814239501953,0.5419712066650391,0.5131576388509536,168460800.0
2013-02-27,60.196922302246094,0.5584461688995361,0.5288193962814216,171072000.0
2013-02-28,60.07159805297852,0.5563614964485168,0.5254483141055505,163516800.0
2013-03-01,60.32226943969727,0.562117874622345,0.5319584149297889,123216000.0
2013-03-04,60.5908203125,0.5693626403808594,0.5389945165443362,150969600.0
2013-03-05,61.48611831665039,0.594372034072876,0.5628177397623471,228086400.0
2013-03-06,61.33391571044922,0.5906010866165161,0.5585655322619993,207619200.0
2013-03-07,61.49506759643555,0.5957620739936829,0.5628962783342797,110284800.0
2013-03-08,61.56667709350586,0.5964565873146057,0.5647900909068423,169718400.0
2013-03-11,61.7457275390625,0.6026095151901245,0.5696448515785872,123878400.0
2013-03-12,61.52190780639648,0.5952657461166382,0.5633767050670714,178108800.0
2013-03-13,61.44132614135742,0.5933803915977478,0.5610902791015662,160838400.0
2013-03-14,61.64726257324219,0.5994340777397156,0.5666598037981765,154339200.0
2013-03-15,61.47585678100586,0.5937766432762146,0.5618600232686116,159888000.0
2013-03-18,61.34125518798828,0.5897074341773987,0.5580969496584978,214742400.0
2013-03-19,61.22461318969727,0.5873255729675293,0.5548412369645503,287500800.0
2013-03-20,61.65531539916992,0.5985404253005981,0.5664792244683738,153484800.0
2013-03-21,60.955413818359375,0.5793862342834473,0.547114385095362,214742400.0
2013-03-22,61.54764175415039,0.5953648686408997,0.5629906869518053,142761600.0
2013-03-25,61.32332229614258,0.5893111824989319,0.5567623428559758,228931200.0
2013-03-26,61.65531539916992,0.59834223985672,0.5657331345645757,123830400.0
2013-03-27,61.73608016967773,0.6015176177024841,0.5678833739933553,191798400.0
2013-03-28,61.88863754272461,0.6049913167953491,0.5720200333730578,266697600.0
2013-04-01,61.46689987182617,0.5932802557945251,0.5602522084761581,249628800.0
2013-04-02,61.95145034790039,0.6066787242889404,0.5734295187491287,337776000.0
2013-04-03,61.38612365722656,0.5906010866165161,0.5576573553450924,177206400.0
2013-04-04,61.404090881347656,0.5908983945846558,0.5580750725833638,189936000.0
2013-04-05,60.89260482788086,0.5764089822769165,0.5440570477110186,338284800.0
2013-04-08,61.215614318847656,0.5852419137954712,0.5526448311577191,223603200.0
2013-04-09,61.62838363647461,0.5967538356781006,0.5637527769267369,332620800.0
2013-04-10,62.83082962036133,0.6316882967948914,0.5966785839923344,182448000.0
2013-04-11,62.803897857666016,0.6305962800979614,0.5958343216421419,167558400.0
2013-04-12,62.75904846191406,0.6299017071723938,0.5944809597913614,218592000.0
2013-04-15,61.52073669433594,0.5915939211845398,0.5592147802666503,203846400.0
2013-04-16,62.33731842041016,0.6163052320480347,0.5814104677039263,193718400.0
2013-04-17,61.1169319152832,0.580280065536499,0.5471883898593993,315619200.0
2013-04-18,60.2734489440918,0.5551705956459045,0.5244623313497845,253670400.0
2013-04-19,61.09899139404297,0.5781954526901245,0.545944747691034,183014400.0
2013-04-22,61.72711181640625,0.595960259437561,0.5627118575766202,161088000.0
2013-04-23,62.31933975219727,0.6135259866714478,0.5788357228762412,272966400.0
2013-04-24,62.29245376586914,0.6120377779006958,0.5780118734079717,224179200.0
2013-04-25,62.62445831298828,0.6219624876976013,0.5871793127747639,192508800.0
2013-04-26,62.4269905090332,0.6167025566101074,0.5815490640661946,91881600.0
2013-04-29,63.00132369995117,0.6330773234367371,0.5975249238748827,137097600.0
2013-04-30,63.45894241333008,0.646972119808197,0.610468443510793,123897600.0
2013-05-01,63.16282272338867,0.6387345194816589,0.6018437595756143,128688000.0
2013-05-02,63.96146011352539,0.6618585586547852,0.6245954383450901,97516800.0
2013-05-03,64.7151870727539,0.684981644153595,0.646595701599083,133996800.0
2013-05-06,64.96647644042969,0.6938145160675049,0.6540444808847665,97008000.0
2013-05-07,64.93059539794922,0.6921272873878479,0.6528764088920466,104275200.0
2013-05-08,65.24465942382812,0.7029456496238708,0.6622659064199296,85305600.0
2013-05-09,65.15489196777344,0.7004637718200684,0.6594469080973954,110918400.0
2013-05-10,65.54975128173828,0.712372899055481,0.6713511994936343,127027200.0
2013-05-13,65.63050842285156,0.7151522636413574,0.6737458919979719,133286400.0
2013-05-14,65.97150421142578,0.7256723642349243,0.6841606909520836,133920000.0
2013-05-15,66.1060562133789,0.7310316562652588,0.6882585556723932,131366400.0
2013-05-16,66.03427124023438,0.7283514738082886,0.6859276048633802,155404800.0
2013-05-17,66.67140197753906,0.7488952875137329,0.7056935959347697,150000000.0
2013-05-20,66.57266998291016,0.745520830154419,0.7024674168325556,151363200.0
2013-05-21,66.64445495605469,0.7483001351356506,0.704649186596911,160915200.0
2013-05-22,66.06118774414062,0.7300387024879456,0.6860571650812042,316982400.0
2013-05-23,65.90863037109375,0.7220996022224426,0.6812156446673354,145737600.0
2013-05-24,65.87274932861328,0.7217022180557251,0.6800151818243019,67747200.0
2013-05-28,66.30347442626953,0.736588716506958,0.6932667843827544,161817600.0
2013-05-29,65.98941040039062,0.7254732251167297,0.6833258129668374,159638400.0
2013-05-30,66.33937072753906,0.7372834086418152,0.6941092557358248,86121600.0
2013-05-31,65.72919464111328,0.7162440419197083,0.6748668739161982,123331200.0
2013-06-03,65.8458480834961,0.7204122543334961,0.6783729805079403,222633600.0
2013-06-04,65.50487518310547,0.7095949053764343,0.6677468979147216,138556800.0
2013-06-05,64.65239715576172,0.682401716709137,0.641590645659204,190560000.0
2013-06-06,64.96647644042969,0.6907382011413574,0.6508583492022585,190944000.0
2013-06-07,65.85482788085938,0.7196186780929565,0.6774738827580662,233088000.0
2013-06-10,65.88175201416016,0.7199158072471619,0.6782174126431544,135331200.0
2013-06-11,65.22669982910156,0.6990746855735779,0.6578996738842391,222105600.0
2013-06-12,64.4729232788086,0.6748588681221008,0.6350062180775056,223488000.0
2013-06-13,65.28948974609375,0.6990746855735779,0.6590518508459846,151699200.0
2013-06-14,64.85877227783203,0.6867680549621582,0.6459234437699081,124339200.0
2013-06-17,65.4869155883789,0.7058228850364685,0.6646069979835992,158851200.0
2013-06-18,66.02530670166016,0.722495973110199,0.680913159405952,101404800.0
2013-06-19,65.28948974609375,0.699769139289856,0.6580600629720874,175708800.0
2013-06-20,63.73711395263672,0.6481630206108093,0.6110354536517378,241257600.0
2013-06-21,63.39866256713867,0.639031708240509,0.6012226136380084,236985600.0
2013-06-24,62.7685546875,0.6192825436592102,0.5832187151315593,221136000.0
2013-06-25,63.227657318115234,0.6324818134307861,0.5959408281954842,132422400.0
2013-06-26,63.79476165771485,0.6497501730918884,0.6118993583050681,119865600.0
2013-06-27,64.0647964477539,0.6569948792457581,0.6195906790616879,113683200.0
2013-06-28,64.15481567382812,0.6587811708450317,0.6221225525424731,156076800.0
2013-07-01,64.55087280273438,0.6728743314743042,0.6335642314628095,103891200.0
2013-07-02,64.57784271240234,0.6731723546981812,0.6342766155930353,124377600.0
2013-07-03,64.83892822265625,0.6823025345802307,0.6418878433448704,53769600.0
2013-07-05,65.33403778076172,0.6973872184753418,0.6565093797547531,114441600.0
2013-07-08,65.39705657958984,0.6996699571609497,0.6583244118537326,88281600.0
2013-07-09,65.79309844970703,0.7124729752540588,0.6701998319467921,84316800.0
2013-07-10,66.17119598388672,0.7244814038276672,0.6816678082579299,100867200.0
2013-07-11,67.48542785644531,0.7696375846862793,0.7221958510728681,153024000.0
2013-07-12,67.7824478149414,0.777675986289978,0.7316383587705548,83510400.0
2013-07-15,67.93548583984375,0.783729612827301,0.7364996046183969,91622400.0
2013-07-16,67.84551239013672,0.7806532382965088,0.7334783321925709,85219200.0
2013-07-17,68.01651000976562,0.7862106561660767,0.7389296693485886,79104000.0
2013-07-18,67.84551239013672,0.7804550528526306,0.7332611919873896,101136000.0
2013-07-19,67.14334106445312,0.7567355036735535,0.7103997914553821,108595200.0
2013-07-22,67.34139251708984,0.7621939778327942,0.7165944953982228,85852800.0
2013-07-23,66.84628295898438,0.7452235817909241,0.7006963338368931,86428800.0
2013-07-24,67.06231689453125,0.7522690892219543,0.707399465876644,105744000.0
2013-07-25,67.48542785644531,0.765865683555603,0.720697616318135,81110400.0
2013-07-26,67.84551239013672,0.7785695791244507,0.7321409929355035,77654400.0
2013-07-29,67.719482421875,0.7749967575073242,0.7279664530706089,72345600.0
2013-07-30,68.07952117919922,0.7865087985992432,0.7394834948989699,120960000.0
2013-07-31,68.20555114746094,0.7914706468582153,0.7434949210092666,110179200.0
2013-08-01,68.8986587524414,0.8155874013900757,0.7660652738168516,77596800.0
2013-08-02,69.28575897216797,0.8291839957237244,0.7788786203373081,97104000.0
2013-08-05,69.33074951171875,0.830970287322998,0.7802954192765428,79440000.0
2013-08-06,68.91664123535156,0.8161828517913818,0.7662127778383767,93820800.0
2013-08-07,68.79064178466797,0.8115181922912598,0.761911349780296,120585600.0
2013-08-08,69.13269805908203,0.8223357200622559,0.7731786890333548,130598400.0
2013-08-09,68.85368347167969,0.8135029077529907,0.7637174541285949,98534400.0
2013-08-12,69.01569366455078,0.8185646533966064,0.7690099178217834,68822400.0
2013-08-13,69.40275573730469,0.8321611881256104,0.7818492615388549,154483200.0
2013-08-14,69.14173126220703,0.822931170463562,0.7729267591413113,94368000.0
2013-08-15,67.97151947021484,0.7816459536552429,0.7335820837192113,132883200.0
2013-08-16,67.94450378417969,0.7788669466972351,0.7326127381978613,70176000.0
2013-08-19,67.82745361328125,0.7757904529571533,0.7287319312474446,90115200.0
2013-08-20,68.1245346069336,0.7864096760749817,0.7382133439380751,88752000.0
2013-08-21,67.89051055908203,0.7785695791244507,0.7305102831543517,159686400.0
2013-08-22,68.55662536621094,0.8007999062538147,0.7519184666017952,71260800.0
2013-08-23,69.01569366455078,0.8176711797714233,0.7669264254164412,76512000.0
2013-08-26,69.05169677734375,0.8183656334877014,0.768027714969274,74918400.0
2013-08-27,67.63845825195312,0.7668583989143372,0.7207723751944678,200131200.0
2013-08-28,67.89949035644531,0.7767830491065979,0.7290242528161662,102038400.0
2013-08-29,68.37657928466797,0.7928608059883118,0.7442974414637619,129465600.0
2013-08-30,67.93548583984375,0.7780731916427612,0.7297971511242698,121996800.0
2013-09-03,68.32258605957031,0.7908751964569092,0.7421782693163289,85699200.0
2013-09-04,69.05169677734375,0.8166792988777161,0.7658431840334731,83078400.0
2013-09-05,69.16870880126953,0.820252001285553,0.7696376703370879,48451200.0
2013-09-06,69.24974822998047,0.8232293725013733,0.7722435409002797,122121600.0
2013-09-09,70.05989837646484,0.8522079586982727,0.7992472496897534,94281600.0
2013-09-10,70.40196990966797,0.8651099801063538,0.8108512455692334,151929600.0
2013-09-11,70.26693725585938,0.8607434630393982,0.8060809346530551,106118400.0
2013-09-12,70.22193908691406,0.85687255859375,0.804428319228355,66921600.0
2013-09-13,70.26693725585938,0.8596516847610474,0.8058709642454347,80860800.0
2013-09-16,70.07788848876953,0.852406919002533,0.7992625566873404,132374400.0
2013-09-17,70.5459976196289,0.8694764375686646,0.815176276528479,66940800.0
2013-09-18,71.3921127319336,0.9014332294464112,0.8444023054750948,127507200.0
2013-09-19,71.56317138671875,0.9069905877113342,0.8503630374440478,71404800.0
2013-09-20,71.31755828857422,0.8970670104026794,0.8414976912322487,108153600.0
2013-09-23,71.17314147949219,0.8920049667358398,0.836277067959968,134889600.0
2013-09-24,71.17314147949219,0.8922032117843628,0.83616917259802,82003200.0
2013-09-25,70.9293212890625,0.8837675452232361,0.8274678137862093,108662400.0
2013-09-26,71.4801025390625,0.9040132761001588,0.8466374451353139,89020800.0
2013-09-27,71.3897933959961,0.8997458815574646,0.8433192458635833,73200000.0
2013-09-30,71.21827697753906,0.89408940076828,0.8371321320005554,123292800.0
2013-10-01,71.94054412841797,0.9208853244781494,0.862493699533562,87888000.0
2013-10-02,71.91350555419922,0.9191981554031372,0.8614099270108266,86313600.0
2013-10-03,71.07381439208984,0.8872411847114563,0.8311242774343527,161577600.0
2013-10-04,71.68775177001953,0.9100671410560608,0.8525548634705512,92112000.0
2013-10-07,71.0918960571289,0.8875395655632019,0.8311860194177422,99340800.0
2013-10-08,69.71952056884766,0.8373214602470398,0.782942521384896,234777600.0
2013-10-09,69.5028076171875,0.8280920386314392,0.7755405195868738,218448000.0
2013-10-10,70.9744873046875,0.8806911706924438,0.8247052570912053,144720000.0
2013-10-11,71.53424072265625,0.900539755821228,0.8441114262260807,130147200.0
2013-10-14,72.03986358642578,0.9191981554031372,0.8619017260752206,140956800.0
2013-10-15,71.76001739501953,0.9093724489212036,0.8517460893896881,162076800.0
2013-10-16,72.57256317138672,0.9404357075691224,0.8805694139418244,129302400.0
2013-10-17,72.98789978027344,0.9556207060813904,0.8955744397182318,166368000.0
2013-10-18,74.17064666748047,1.0028600692749023,0.9389964343853338,135110400.0
2013-10-21,74.33318328857422,1.0086166858673096,0.9450484011917578,99369600.0
2013-10-22,74.44152069091797,1.0120903253555298,0.9490585739099268,157660800.0
2013-10-23,73.99007415771484,0.9958139061927797,0.9316695860913898,161184000.0
2013-10-24,74.31509399414062,1.0082197189331057,0.9438271557000716,108547200.0
2013-10-25,74.8478012084961,1.0283663272857666,0.9640020767862856,140467200.0
2013-10-28,74.86587524414062,1.0304509401321411,0.9645760560091868,83251200.0
2013-10-29,74.99227142333984,1.0354127883911133,0.9693370936639756,84105600.0
2013-10-30,74.92005157470703,1.0321370363235474,0.9664115273608068,198662400.0
2013-10-31,74.74848175048828,1.0254878997802734,0.959647482570034,141782400.0
2013-11-01,74.76654052734375,1.0249913930892944,0.960219205039838,163132800.0
2013-11-04,74.8749008178711,1.0299543142318726,0.964270299960224,91641600.0
2013-11-05,74.95613861083984,1.0343210697174072,0.96728453394249,132124800.0
2013-11-06,74.9381103515625,1.0325344800949097,0.9664617897435288,163910400.0
2013-11-07,73.52960205078125,0.975270688533783,0.911841350355576,232934400.0
2013-11-08,74.52278137207031,1.0137778520584106,0.9486729866866476,118080000.0
2013-11-11,74.40541076660156,1.0089142322540283,0.9440682162740988,63494400.0
2013-11-12,74.52278137207031,1.0138769149780271,0.9484140670801152,108777600.0
2013-11-13,75.42565155029297,1.0502002239227295,0.98276283192027,126470400.0
2013-11-14,75.66040802001953,1.0583374500274658,0.9918123556229412,118819200.0
2013-11-15,75.80485534667969,1.065682053565979,0.9973649591532202,89203200.0
2013-11-18,75.06450653076172,1.0362063646316528,0.968013958345039,143846400.0
2013-11-19,74.8478012084961,1.025984525680542,0.9595053261382964,102192000.0
2013-11-20,74.66722869873047,1.0188387632369995,0.9524370280328408,125865600.0
2013-11-21,75.42565155029297,1.0500009059906006,0.9813369187477312,86592000.0
2013-11-22,75.83189392089844,1.0665748119354248,0.9970667425255348,87014400.0
2013-11-25,76.01251220703125,1.0736215114593506,1.0040626171982383,92582400.0
2013-11-26,76.40975952148438,1.0913865566253662,1.0196750028981518,106713600.0
2013-11-27,76.94247436523438,1.11322021484375,1.0408704076696018,137894400.0
2013-11-29,77.40291595458984,1.1314804553985596,1.0594225448173853,91622400.0
2013-12-02,77.17720794677734,1.1244337558746338,1.0500179857306742,165936000.0
2013-12-03,77.1139907836914,1.121159553527832,1.047302251048973,134544000.0
2013-12-04,77.18622589111328,1.1240379810333252,1.0501102526514796,133996800.0
2013-12-05,77.08692932128906,1.120564103126526,1.0459220115452943,126480000.0
2013-12-06,77.64667510986328,1.143688082695007,1.0685711034294187,142588800.0
2013-12-09,77.96271514892578,1.1573834419250488,1.0814812370636122,112608000.0
2013-12-10,77.90850830078125,1.1552993059158323,1.079085870193355,93004800.0
2013-12-11,76.90634155273438,1.112128734588623,1.0373045731354251,148464000.0
2013-12-12,76.70770263671875,1.1030970811843872,1.0291330796148073,107347200.0
2013-12-13,76.60838317871094,1.097837209701538,1.025002805122306,81206400.0
2013-12-16,77.03274536132812,1.1166930198669434,1.041904170105003,74966400.0
2013-12-17,76.87924194335938,1.1096473932266235,1.035541126881841,72960000.0
2013-12-18,77.77308654785156,1.1479554176330566,1.0715270067041356,161596800.0
2013-12-19,77.55640411376953,1.1376341581344604,1.0624326635690604,117177600.0
2013-12-20,78.34619903564453,1.1718730926513672,1.0947534094339022,113750400.0
2013-12-23,79.17042541503906,1.209784746170044,1.1291636047973066,112502400.0
2013-12-24,79.20663452148438,1.2114720344543457,1.13056721244891,38006400.0
2013-12-26,79.46932220458984,1.2232807874679563,1.1416698786701172,55814400.0
2013-12-27,79.27006530761719,1.2143490314483645,1.1329349059170402,73939200.0
2013-12-30,79.15235900878906,1.207998275756836,1.127741929111559,53078400.0
2013-12-31,79.6685791015625,1.231717586517334,1.1496613324150502,64176000.0
2014-01-02,79.0436019897461,1.2029362916946411,1.1224567161704122,98976000.0
2014-01-03,78.47300720214844,1.1767354011535645,1.098003746758404,97545600.0
2014-01-06,78.18318176269531,1.1642309427261353,1.0856962666361225,125923200.0
2014-01-07,78.90776062011719,1.194401502609253,1.115741937730674,92313600.0
2014-01-08,79.07984924316406,1.203333616256714,1.1228978952984552,93264000.0
2014-01-09,78.81719207763672,1.1909277439117432,1.1115641835986267,105561600.0
2014-01-10,79.07081604003906,1.2028372287750244,1.1221513986754537,119942400.0
2014-01-13,77.90237426757812,1.1493444442749023,1.0722600018409478,173107200.0
2014-01-14,79.3877944946289,1.2151435613632202,1.133458302847551,138076800.0
2014-01-15,80.03994750976562,1.243526816368103,1.1612453865819434,120528000.0
2014-01-16,80.04899597167969,1.246107578277588,1.161489398252957,70512000.0
2014-01-17,79.59613037109375,1.2239768505096436,1.141626670297014,84460800.0
2014-01-21,80.20298767089844,1.2513680458068848,1.167591370078693,88022400.0
2014-01-22,80.41129302978516,1.2629789113998413,1.1765382282078205,78432000.0
2014-01-23,80.13958740234375,1.2477947473526,1.1644600461406198,129052800.0
2014-01-24,78.56359100341797,1.173857569694519,1.0956102474834668,141648000.0
2014-01-27,77.80277252197266,1.139717936515808,1.0636388618248789,177729600.0
2014-01-28,77.75749969482422,1.1393204927444458,1.061644863044997,109497600.0
2014-01-29,76.92423248291016,1.103394865989685,1.0273774010349808,136497600.0
2014-01-30,78.34619903564453,1.1615517139434814,1.0842189500308612,116438400.0
2014-01-31,78.13789367675781,1.1534138917922974,1.0754309644039557,84532800.0
2014-02-03,76.34455871582031,1.076996088027954,1.0012458891112397,183926400.0
2014-02-04,76.90608978271484,1.098035454750061,1.023209862697674,90672000.0
2014-02-05,76.70681762695312,1.087912678718567,1.015124100894535,108513600.0
2014-02-06,77.68504333496094,1.1295950412750244,1.0538301152907452,73977600.0
2014-02-07,79.07081604003906,1.189538836479187,1.1100899111253215,111456000.0
2014-02-10,79.52366638183594,1.211371898651123,1.1290196396300478,83284800.0
2014-02-11,80.42940521240234,1.2528561353683472,1.1674510543086434,117504000.0
2014-02-12,80.58338165283203,1.258811116218567,1.17400544015932,108451200.0
2014-02-13,81.18121337890625,1.2911640405654907,1.1999830945933465,106507200.0
2014-02-14,81.3442153930664,1.2949360609054563,1.2070565351823463,94876800.0
2014-02-18,81.74273681640625,1.3151817321777344,1.224641629498744,69292800.0
2014-02-19,81.18121337890625,1.2864001989364624,1.1992459735642174,136531200.0
2014-02-20,81.56156921386719,1.3050587177276611,1.2159476189392626,102643200.0
2014-02-21,81.45289611816406,1.298309326171875,1.2109303325492555,83976000.0
2014-02-24,81.88764953613281,1.3211363554000854,1.2301640587566371,99422400.0
2014-02-25,81.79705810546875,1.3163725137710571,1.2259225926013044,92985600.0
2014-02-26,81.72463989257812,1.3120052814483645,1.222508350518554,82929600.0
2014-02-27,82.25484466552734,1.337809443473816,1.246144418607711,87964800.0
2014-02-28,82.16387939453125,1.331059813499451,1.2418493258042496,136718400.0
2014-03-03,81.5545425415039,1.30188250541687,1.2140600084249662,158558400.0
2014-03-04,82.59136199951172,1.354283094406128,1.2602071461699351,108993600.0
2014-03-05,82.8187255859375,1.3653990030288696,1.270452129151769,77064000.0
2014-03-06,82.74596405029297,1.360237717628479,1.2669396972827585,92803200.0
2014-03-07,82.33670043945312,1.3407868146896362,1.2479772919652083,132518400.0
2014-03-10,82.40946197509766,1.3435649871826172,1.2511248191687576,75580800.0
2014-03-11,82.05476379394531,1.3268918991088867,1.234808519191306,119774400.0
2014-03-12,82.36399841308594,1.3417783975601196,1.2486098410609665,109612800.0
2014-03-13,81.19982147216797,1.2848128080368042,1.1955031829940803,188414400.0
2014-03-14,80.64505004882812,1.2584136724472046,1.1708452784149552,107318400.0
2014-03-17,81.35444641113281,1.291958570480347,1.201592333910853,116942400.0
2014-03-18,82.33670043945312,1.338404655456543,1.2449605169849616,113006400.0
2014-03-19,81.89107513427734,1.3163725137710571,1.224585849272702,136444800.0
2014-03-20,82.11843872070312,1.3266935348510742,1.234627729357902,87638400.0
2014-03-21,81.13027954101562,1.278063416481018,1.1898983497056377,198307200.0
2014-03-24,80.41928100585938,1.245908498764038,1.1584612214989705,266145600.0
2014-03-25,80.68360900878906,1.2574214935302734,1.1697349048024082,172516800.0
2014-03-26,79.64442443847656,1.209585189819336,1.124386313942377,201331200.0
2014-03-27,79.1977310180664,1.1881484985351562,1.1053225605072925,201993600.0
2014-03-28,79.35271453857422,1.195889592170715,1.1116690324027194,166440000.0
2014-03-31,79.91788482666016,1.2197082042694092,1.135278378155607,162441600.0
2014-04-01,81.32173156738281,1.2858049869537354,1.1949591970564797,178041600.0
2014-04-02,81.53136444091797,1.29592764377594,1.2040461980081365,163224000.0
2014-04-03,80.88414001464844,1.2653608322143557,1.1752164367239089,159619200.0
2014-04-04,78.73284149169922,1.1649256944656372,1.0812921123835115,371011200.0
2014-04-07,77.98534393310547,1.1299922466278076,1.0503549155384284,312662400.0
2014-04-08,78.7054672241211,1.1615517139434814,1.0793165997001513,243240000.0
2014-04-09,80.05461883544922,1.2210981845855713,1.1346815628816749,221961600.0
2014-04-10,77.57514953613281,1.108356475830078,1.0291043453879916,322276800.0
2014-04-11,76.67266082763672,1.069651484489441,0.9930545909276972,211876800.0
2014-04-14,77.27428436279297,1.0936689376831057,1.0163029237963623,281275200.0
2014-04-15,77.52952575683594,1.1045854091644287,1.0262425223071547,562051200.0
2014-04-16,78.55964660644531,1.1474590301513672,1.0670166167129198,251414400.0
2014-04-17,78.57788848876953,1.1480543613433838,1.0676222489580691,176625600.0
2014-04-21,79.1612548828125,1.1740566492080688,1.0912627576271567,144249600.0
2014-04-22,79.79026794433594,1.2028372287750244,1.1171353920961755,150321600.0
2014-04-23,79.08832550048828,1.1700867414474487,1.0875077873745724,131366400.0
2014-04-24,79.8449478149414,1.2046232223510742,1.1185793920930098,250776000.0
2014-04-25,78.56875610351562,1.1464662551879885,1.0647990541028851,244747200.0
2014-04-28,78.82398986816406,1.1587724685668943,1.0750388028134523,482083200.0
2014-04-29,79.4529800415039,1.1843775510787964,1.1006354979063415,243633600.0
2014-04-30,79.66264343261719,1.1948978900909424,1.109206685387359,184075200.0
2014-05-01,79.899658203125,1.205616474151611,1.1189640155307243,143750400.0
2014-05-02,79.75379943847656,1.1996614933013916,1.1126915603934049,151905600.0
2014-05-05,80.17314910888672,1.216731071472168,1.130099774568012,115790400.0
2014-05-06,79.13389587402344,1.1696892976760864,1.0860068439201542,161644800.0
2014-05-07,78.90603637695312,1.159170150756836,1.07648552855245,261907200.0
2014-05-08,78.8331069946289,1.1551997661590576,1.073361796991295,219216000.0
2014-05-09,79.12480163574219,1.1686975955963137,1.085138125312297,156475200.0
2014-05-12,80.42837524414062,1.225663185119629,1.138630765558008,127684800.0
2014-05-13,80.48306274414062,1.2282439470291138,1.1408065064979926,117729600.0
2014-05-14,80.063720703125,1.2099826335906982,1.1228274402852454,98640000.0
2014-05-15,79.43475341796875,1.1819959878921509,1.0962203372220718,201480000.0
2014-05-16,79.9543228149414,1.2040281295776367,1.1175894843294194,142910400.0
2014-05-19,80.5103988647461,1.2298310995101929,1.1407635362725423,120528000.0
2014-05-20,80.21870422363281,1.2163347005844116,1.1282171652464033,162331200.0
2014-05-21,80.98442077636719,1.250672459602356,1.160379327159585,123619200.0
2014-05-22,81.33995056152344,1.266154646873474,1.1755121638226154,126480000.0
2014-05-23,81.93244934082031,1.2945383787155151,1.201048598120826,95136000.0
2014-05-27,82.95344543457031,1.3431682586669922,1.2457940164090695,118387200.0
2014-05-28,82.69818115234375,1.330464482307434,1.2341326163759885,118435200.0
2014-05-29,83.22689056396484,1.3574599027633667,1.257643712358646,87302400.0
2014-05-30,83.23604583740234,1.3562685251235962,1.2578964895557367,113347200.0
2014-06-02,83.15396881103516,1.352894306182861,1.2540130546450965,101270400.0
2014-06-03,83.11749267578125,1.3509093523025513,1.2522010157950263,95102400.0
2014-06-04,83.42745971679688,1.365200400352478,1.2660488215270966,105355200.0
2014-06-05,84.1293716430664,1.4007292985916138,1.297840954953854,176107200.0
2014-06-06,84.61248016357422,1.4233572483062744,1.3200318608260024,79219200.0
2014-06-09,84.5486831665039,1.4207770824432373,1.3168756780402615,124171200.0
2014-06-10,84.69453430175781,1.4289153814315796,1.3235208257082751,72796800.0
2014-06-11,84.67630767822266,1.4267313480377195,1.3224955848900546,96979200.0
2014-06-12,83.91057586669922,1.3894157409667969,1.2864467899347252,120974400.0
2014-06-13,84.15673065185547,1.3989430665969849,1.297602332323999,72019200.0
2014-06-16,84.22962951660156,1.4041039943695068,1.300806973412584,89956800.0
2014-06-17,84.27520751953125,1.4060884714126587,1.3027508075411218,95640000.0
2014-06-18,84.74923706054688,1.4316930770874023,1.3245657902364434,114801600.0
2014-06-19,84.69453430175781,1.4261360168457031,1.321830009598931,105950400.0
2014-06-20,84.7941665649414,1.4312971830368042,1.3263243595476362,56592000.0
2014-06-23,84.81248474121094,1.4328843355178833,1.3270128208250316,69408000.0
2014-06-24,84.73014831542969,1.4289153814315796,1.3229767973908368,160248000.0
2014-06-25,85.2694320678711,1.4551591873168943,1.348067243199873,84523200.0
2014-06-26,85.31515502929688,1.459130048751831,1.3500618890743978,87580800.0
2014-06-27,85.68989562988281,1.4736219644546509,1.367677851234373,73857600.0
2014-06-30,85.83618927001953,1.4845408201217651,1.3745062784908786,54451200.0
2014-07-01,86.77760314941406,1.5343692302703855,1.4195538972829205,66057600.0
2014-07-02,86.92383575439453,1.5403246879577637,1.4265471990391874,81801600.0
2014-07-03,87.47227478027344,1.5699045658111572,1.4533652059663165,64636800.0
2014-07-07,87.20719909667969,1.5548171997070312,1.4399648757969477,87950400.0
2014-07-08,86.15606689453125,1.5006210803985596,1.387710222974326,151752000.0
2014-07-09,86.79586791992188,1.534568190574646,1.418446884217475,136963200.0
2014-07-10,86.52167510986328,1.520075798034668,1.404821028326027,123244800.0
2014-07-11,87.07921600341797,1.546479344367981,1.431797547418455,121689600.0
2014-07-14,87.60022735595703,1.576058268547058,1.4573129620969916,107059200.0
2014-07-15,87.29861450195312,1.5595817565917969,1.4420720928442277,148536000.0
2014-07-16,87.64593505859375,1.577249526977539,1.4590980396764874,106608000.0
2014-07-17,86.48511505126953,1.5143190622329712,1.4009350454189249,160924800.0
2014-07-18,87.85614013671875,1.5859849452972412,1.467380229204752,116976000.0
2014-07-21,87.74646759033203,1.580227255821228,1.4616956310106208,94900800.0
2014-07-22,88.30400085449219,1.6115938425064087,1.489369497743782,107457600.0
2014-07-23,88.8707275390625,1.6417694091796875,1.517853236894925,102460800.0
2014-07-24,88.7701644897461,1.636012315750122,1.5125047544019865,87460800.0
2014-07-25,88.42282104492188,1.6159613132476809,1.4945550460142394,92856000.0
2014-07-28,88.45028686523438,1.6179472208023071,1.4957549326908108,91963200.0
2014-07-29,88.29489135742188,1.6098074913024902,1.4876784189523649,79252800.0
2014-07-30,88.64221954345703,1.6290634870529177,1.5050428524407702,107611200.0
2014-07-31,86.8507080078125,1.5298033952713013,1.4135952627627937,138916800.0
2014-08-01,86.53083038330078,1.5121347904205322,1.3977937527425106,172324800.0
2014-08-04,87.12492370605469,1.5431041717529297,1.4264038411277782,144182400.0
2014-08-05,86.45769500732422,1.5069729089736938,1.3934483279120315,167539200.0
2014-08-06,86.39369201660156,1.5043927431106567,1.390173916998397,119299200.0
2014-08-07,86.11949157714844,1.4899011850357056,1.3767579568247004,153604800.0
2014-08-08,86.74104309082031,1.5216639041900637,1.4063898176270715,124464000.0
2014-08-11,87.25289916992188,1.5492581129074097,1.4311055490315374,74352000.0
2014-08-12,87.21631622314453,1.545684576034546,1.4291208299641298,90931200.0
2014-08-13,88.13951873779297,1.5959112644195557,1.4743190540130788,81278400.0
2014-08-14,88.59649658203125,1.6205276250839231,1.4970605895471976,103089600.0
2014-08-15,89.02609252929688,1.6425634622573853,1.5186447520696578,155956800.0
2014-08-18,89.71163940429688,1.6822680234909058,1.5535318644484064,79348800.0
2014-08-19,90.21434020996094,1.7112513780593872,1.5794471621292654,78628800.0
2014-08-20,90.21434020996094,1.7112513780593872,1.5792433839440625,70651200.0
2014-08-21,90.3971710205078,1.7209795713424685,1.5886412435210873,67900800.0
2014-08-22,90.53423309326172,1.727729082107544,1.5956624719135986,76814400.0
2014-08-25,90.85415649414062,1.7469853162765503,1.6123725155726538,67977600.0
2014-08-26,90.94557189941406,1.7529408931732178,1.6170314880946262,41716800.0
2014-08-27,90.96383666992188,1.753139853477478,1.6177971152680517,36715200.0
2014-08-28,90.86328887939452,1.7459930181503296,1.612223644349785,64838400.0
2014-08-29,91.20149230957033,1.7664406299591064,1.6300182732181163,52272000.0
2014-09-02,91.466552734375,1.7811315059661863,1.6440200186500935,64300800.0
2014-09-03,90.9272918701172,1.7505587339401243,1.614729881503847,82636800.0
2014-09-04,90.8450164794922,1.7450001239776611,1.6101382952151069,82084800.0
2014-09-05,91.30203247070312,1.771998643875122,1.634231030044867,83227200.0
2014-09-08,91.47570037841795,1.7809319496154783,1.643345720379558,70872000.0
2014-09-09,90.717041015625,1.7376551628112793,1.6022461308340772,129393600.0
2014-09-10,91.466552734375,1.7779546976089478,1.6417530825215765,72417600.0
2014-09-11,91.39341735839844,1.7765651941299438,1.6376030973174365,119318400.0
2014-09-12,90.9272918701172,1.748573660850525,1.6123354639934888,113740800.0
2014-09-15,90.0498046875,1.6959657669067385,1.5654482660444529,128486400.0
2014-09-16,90.83586883544922,1.7418242692947388,1.6062416996322408,126892800.0
2014-09-17,90.97296142578124,1.750360369682312,1.613307048666856,113553600.0
2014-09-18,91.65850830078124,1.788079023361206,1.6495711983610035,79512000.0
2014-09-19,91.60169982910156,1.784109115600586,1.6462912396408365,110217600.0
2014-09-22,90.74961853027344,1.7356692552566528,1.6001373106789258,108177600.0
2014-09-23,90.50227355957033,1.7205820083618164,1.5868469761381674,100800000.0
2014-09-24,91.47342681884766,1.776366949081421,1.637726206731768,116582400.0
2014-09-25,89.54940795898438,1.66360604763031,1.5341728935788408,212798400.0
2014-09-26,90.50227355957033,1.7168105840682983,1.582948834023298,148252800.0
2014-09-29,90.3831558227539,1.7110531330108645,1.576494243424443,114537600.0
2014-09-30,90.51139831542967,1.717405915260315,1.5830013958678668,154094400.0
2014-10-01,89.06381225585938,1.6352182626724243,1.5068443798374729,213480000.0
2014-10-02,89.06381225585938,1.6344237327575684,1.5066499687672776,217972800.0
2014-10-03,89.94338989257812,1.6836572885513306,1.5510937669757086,153676800.0
2014-10-06,89.75094604492188,1.6721432209014893,1.5409374360197925,147307200.0
2014-10-07,88.47746276855469,1.6014697551727295,1.4751451766177657,163651200.0
2014-10-08,90.19992065429688,1.693980097770691,1.5611081658830752,213129600.0
2014-10-09,88.74314880371094,1.6096092462539673,1.4852688236503109,223022400.0
2014-10-10,86.52596282958984,1.4891061782836914,1.3737519644348677,296428800.0
2014-10-13,85.16993713378906,1.4194254875183103,1.3089868403091445,273302400.0
2014-10-14,85.17911529541016,1.4220068454742432,1.3092411373126611,370809600.0
2014-10-15,84.6294174194336,1.391632914543152,1.28372491338083,485097600.0
2014-10-16,84.0979995727539,1.3699935674667358,1.25937640957853,335961600.0
2014-10-17,85.20661163330078,1.42359459400177,1.3090186739429337,264350400.0
2014-10-20,86.48014068603516,1.484937310218811,1.3675449957588528,154464000.0
2014-10-21,88.75228881835938,1.601072072982788,1.4751597139327854,211699200.0
2014-10-22,88.29421997070312,1.5762579441070557,1.4521285811724076,187920000.0
2014-10-23,89.6227035522461,1.6483206748962402,1.517487840973734,169886400.0
2014-10-24,90.3556671142578,1.6862378120422363,1.554523581160616,170563200.0
2014-10-27,90.41981506347656,1.692590832710266,1.557633917708368,138244800.0
2014-10-28,91.78495025634766,1.768227219581604,1.6279832268245562,159686400.0
2014-10-29,91.44595336914062,1.7469853162765503,1.6097348945256715,179404800.0
2014-10-30,91.63833618164062,1.757904291152954,1.6196868269338076,161985600.0
2014-10-31,92.9027099609375,1.8303639888763428,1.6865204172132096,176371200.0
2014-11-03,93.17754364013672,1.8492238521575928,1.7012705024263817,140961600.0
2014-11-04,92.86605834960938,1.8295700550079343,1.68398936134077,138648000.0
2014-11-05,92.87521362304688,1.8293720483779907,1.684270147508097,138744000.0
2014-11-06,93.16841888427734,1.8450548648834229,1.7000044704823871,97272000.0
2014-11-07,93.08589935302734,1.84048855304718,1.6952680418970196,110812800.0
2014-11-10,93.415771484375,1.8593482971191408,1.7130720830520805,103372800.0
2014-11-11,93.7089614868164,1.8770171403884888,1.7289807482207225,105619200.0
2014-11-12,93.87388610839844,1.887339949607849,1.7378865213677763,96201600.0
2014-11-13,94.27700805664062,1.91156005859375,1.7600512819969971,182164800.0
2014-11-14,94.57015991210938,1.9292277097702024,1.7762427008133896,114816000.0
2014-11-17,94.28617095947266,1.911162495613098,1.7600116569572335,141355200.0
2014-11-18,94.99162292480467,1.9540425539016724,1.7992899629478591,111820800.0
2014-11-19,94.56101989746094,1.9292277097702024,1.7745889357452338,148809600.0
2014-11-20,94.9824676513672,1.95483672618866,1.7980874062152588,99556800.0
2014-11-21,95.16573333740234,1.9689321517944336,1.8082634787640155,152947200.0
2014-11-24,95.9078369140625,2.01340126991272,1.850332762547997,126206400.0
2014-11-25,96.05442810058594,2.0199522972106934,1.8585785077748749,151536000.0
2014-11-26,96.6774444580078,2.061244487762451,1.8945033629185777,105633600.0
2014-11-28,97.12638854980467,2.092015027999878,1.9206516312890392,72571200.0
2014-12-01,96.02693939208984,2.0147900581359863,1.855179781027208,156187200.0
2014-12-02,96.41173553466795,2.0364291667938232,1.877242483046304,129892800.0
2014-12-03,96.58582305908205,2.054891347885132,1.8871693101633311,131942400.0
2014-12-04,96.54000854492188,2.0487372875213623,1.884240350703432,154036800.0
2014-12-05,96.54914855957033,2.0501272678375244,1.884532425100618,113630400.0
2014-12-08,95.8620376586914,2.005856990814209,1.8440543543564525,169281600.0
2014-12-09,96.1643524169922,2.0253124237060547,1.8612629108144,170688000.0
2014-12-10,94.6526107788086,1.9272422790527344,1.7732434067314575,134529600.0
2014-12-11,95.10159301757812,1.9574180841445925,1.798248629474101,136032000.0
2014-12-12,94.0662612915039,1.8926998376846316,1.7392862536331513,153787200.0
2014-12-15,93.09512329101562,1.8359228372573853,1.685192794809974,235948800.0
2014-12-16,91.60169982910156,1.7448021173477173,1.603874246938356,212856000.0
2014-12-17,93.26918029785156,1.83850371837616,1.6912561606225809,182726400.0
2014-12-18,95.51387786865234,1.9732990264892576,1.813147701597099,186744000.0
2014-12-19,95.93412017822266,1.995335340499878,1.8368462533661585,154828800.0
2014-12-22,96.1732406616211,2.0137417316436768,1.850344553081808,110457600.0
2014-12-23,95.83295440673828,1.994481921195984,1.830464804995234,115920000.0
2014-12-24,95.91575622558594,1.9986507892608645,1.8349733286033685,43982400.0
2014-12-26,96.59627532958984,2.0391557216644287,1.8737938071903293,86088000.0
2014-12-29,96.577880859375,2.03955340385437,1.872481593988468,62328000.0
2014-12-30,95.93412017822266,1.9974597692489624,1.8347957199164795,123859200.0
2014-12-31,94.95015716552734,1.9349148273468015,1.778102406134396,117091200.0
2015-01-02,94.6650619506836,1.9190306663513184,1.761856326356688,122227200.0
2015-01-05,93.27645874023438,1.8326596021652224,1.6840971569047771,127017600.0
2015-01-06,92.02574920654295,1.75998854637146,1.6161355693512385,168643200.0
2015-01-07,93.21208190917967,1.82769513130188,1.6784293842863391,137467200.0
2015-01-08,94.9961395263672,1.931936264038086,1.7745870823154644,144936000.0
2015-01-09,94.37078857421876,1.8928217887878416,1.7393122910323588,181420800.0
2015-01-12,93.38681030273438,1.8346446752548216,1.6846818938088466,165254400.0
2015-01-13,93.35921478271484,1.8330563306808472,1.6829710831634863,199708800.0
2015-01-14,92.84422302246094,1.8048619031906128,1.6549029352752214,216148800.0
2015-01-15,91.63955688476562,1.73318350315094,1.5902716650541275,196012800.0
2015-01-16,92.71546173095705,1.794933557510376,1.6460787970876667,141796800.0
2015-01-20,93.451171875,1.8346446752548216,1.6850520179655029,141892800.0
2015-01-21,93.92935943603516,1.8628392219543457,1.7107017354986962,133531200.0
2015-01-22,95.66744995117188,1.9664849042892456,1.8054466805719376,162657600.0
2015-01-23,95.87897491455078,1.9795891046524048,1.8171895116339096,142358400.0
2015-01-26,95.76858520507812,1.975221276283264,1.8106784279877903,100804800.0
2015-01-27,93.28564453125,1.822334051132202,1.6696113552460168,223987200.0
2015-01-28,92.80743408203124,1.7909631729125977,1.6437191447195745,188928000.0
2015-01-29,93.69947052001952,1.842786192893982,1.6909038389172013,176558400.0
2015-01-30,92.97297668457033,1.800493597984314,1.651354683183829,218222400.0
2015-02-02,93.78221130371094,1.8477494716644287,1.6942616854483368,198844800.0
2015-02-03,94.68343353271484,1.89818274974823,1.7428873131602989,182332800.0
2015-02-04,94.60071563720705,1.8932178020477293,1.7380945538891293,124632000.0
2015-02-05,95.4191436767578,1.9434529542922971,1.7829811282831414,100324800.0
2015-02-06,94.83978271484376,1.908109664916992,1.750273655958013,123528000.0
2015-02-09,94.53631591796876,1.8870632648468015,1.7332463462857564,95793600.0
2015-02-10,96.00769805908205,1.977406024932861,1.8139525041913716,119256000.0
2015-02-11,96.3571548461914,1.999643921852112,1.833526195032906,121852800.0
2015-02-12,97.47909545898438,2.0695343017578125,1.897335969760511,153100800.0
2015-02-13,98.3159408569336,2.121755123138428,1.9459563280072216,120897600.0
2015-02-17,98.40788269042967,2.127513647079468,1.9511646463137868,82728000.0
2015-02-18,98.54583740234376,2.136646270751953,1.9591187265622387,70478400.0
2015-02-19,99.03323364257812,2.168811798095703,1.9879346831450664,75590400.0
2015-02-20,99.69534301757812,2.2105085849761963,2.0275505808986085,90772800.0
2015-02-23,99.79653930664062,2.219245433807373,2.033463217059693,78974400.0
2015-02-24,99.8700942993164,2.2238121032714844,2.037697151665776,104601600.0
2015-02-25,99.62176513671876,2.205941677093506,2.0222339157520124,112550400.0
2015-02-26,100.12755584716795,2.239498376846313,2.052774324985761,116337600.0
2015-02-27,99.68616485595705,2.209912776947021,2.025361824355054,88790400.0
2015-03-02,100.5873794555664,2.269479751586914,2.080031476881349,89044800.0
2015-03-03,100.1183853149414,2.236916303634644,2.05066833348354,128390400.0
2015-03-04,99.73212432861328,2.212097406387329,2.0266690621675103,116640000.0
2015-03-05,99.90686798095705,2.2218260765075684,2.037060547321352,92347200.0
2015-03-06,98.77574157714844,2.145383358001709,1.9676081016286515,149726400.0
2015-03-09,99.06080627441406,2.166032075881958,1.9843896693030296,113270400.0
2015-03-10,97.22160339355467,2.0461058616638184,1.8736047092361288,191966400.0
2015-03-11,96.66065216064452,2.010167360305786,1.840931888767099,223152000.0
2015-03-12,97.29515838623048,2.0486865043640137,1.8769474735893827,122390400.0
2015-03-13,96.87212371826172,2.0222785472869877,1.852222680351393,198115200.0
2015-03-16,98.12281036376952,2.099715232849121,1.9237241669208367,114960000.0
2015-03-17,98.2791748046875,2.1114304065704346,1.932672671707355,97363200.0
2015-03-18,99.2447509765625,2.1721882820129395,1.9893878613952003,167822400.0
2015-03-19,99.3918685913086,2.182710886001587,1.9979782302730975,111384000.0
2015-03-20,100.03524780273438,2.2279813289642334,2.0365201365674603,104812800.0
2015-03-23,99.84169006347656,2.209317445755005,2.024436027193365,99235200.0
2015-03-24,99.48219299316406,2.186880350112915,2.0023068533173314,92980800.0
2015-03-25,97.20556640625,2.034395456314087,1.86458155423885,175886400.0
2015-03-26,96.87374114990234,2.0177152156829834,1.845245932158656,196560000.0
2015-03-27,97.26083374023438,2.0371756553649902,1.867127818941641,98544000.0
2015-03-30,98.37613677978516,2.110450029373169,1.9311187407662584,151214400.0
2015-03-31,97.33460235595705,2.04511833190918,1.8695337813855128,124507200.0
2015-04-01,96.82763671875,2.010566473007202,1.8400802709587656,175876800.0
2015-04-02,96.8921356201172,2.01394271850586,1.8435200133772436,110577600.0
2015-04-06,97.68484497070312,2.062394142150879,1.8885296622952297,150945600.0
2015-04-07,97.5189437866211,2.0528626441955566,1.8786639622336712,114691200.0
2015-04-08,98.29319763183594,2.101712465286255,1.923168663704338,169142400.0
2015-04-09,98.91075134277344,2.140831470489502,1.9591690274347973,110928000.0
2015-04-10,99.31629943847656,2.166447639465332,1.9830148698895576,113385600.0
2015-04-13,99.06744384765624,2.150362968444824,1.9678525783685443,115200000.0
2015-04-14,98.78166198730467,2.1318953037261963,1.950568576145884,168974400.0
2015-04-15,99.39923858642578,2.1696245670318604,1.986901404318104,95356800.0
2015-04-16,99.2610092163086,2.1620781421661377,1.97835581446685,90888000.0
2015-04-17,97.71249389648438,2.061004400253296,1.8855109119750209,186427200.0
2015-04-20,99.17803955078124,2.1531424522399902,1.970107430803625,142195200.0
2015-04-21,99.6020278930664,2.1807448863983154,1.9951200104345843,127387200.0
2015-04-22,100.14582824707033,2.21609115600586,2.0275410628831048,121915200.0
2015-04-23,100.52376556396484,2.2427000999450684,2.050234500176196,131001600.0
2015-04-24,101.88793182373048,2.3304696083068848,2.133438623520416,142416000.0
2015-04-27,101.62982177734376,2.3155765533447266,2.1169496164416395,161160000.0
2015-04-28,101.42706298828124,2.300485372543335,2.1040060911051386,171753600.0
2015-04-29,100.79103088378906,2.256600379943848,2.064153026841055,193953600.0
2015-04-30,99.20568084716795,2.1505608558654785,1.9664850375753775,308169600.0
2015-05-01,100.51451873779295,2.237536907196045,2.044063866924229,190012800.0
2015-05-04,100.6804428100586,2.245479822158813,2.053922843346713,131971200.0
2015-05-05,99.03976440429688,2.139044046401977,1.9532462865078848,280694400.0
2015-05-06,98.35770416259766,2.093371868133545,1.9126398344629847,213398400.0
2015-05-07,98.94757843017578,2.129313468933105,1.9468047199690288,168619200.0
2015-05-08,100.18270874023438,2.207353115081787,2.019457528559087,178377600.0
2015-05-11,99.79559326171876,2.1831274032592773,1.9957868551384093,139027200.0
2015-05-12,99.34393310546876,2.1549296379089355,1.968431449313162,190334400.0
2015-05-13,99.54672241210938,2.1660497188568115,1.9802318752169223,132499200.0
2015-05-14,101.00305938720705,2.2619616985321045,2.066886881077345,176832000.0
2015-05-15,101.00305938720705,2.261763572692871,2.0666202140638834,146505600.0
2015-05-18,101.44548797607422,2.289562940597534,2.0935111310558265,110587200.0
2015-05-19,101.33486938476562,2.2830097675323486,2.08639258488708,98577600.0
2015-05-20,101.39942932128906,2.286783218383789,2.090111091996178,111264000.0
2015-05-21,101.9248046875,2.322725296020508,2.122329566509604,92222400.0
2015-05-22,101.82341766357422,2.316370248794556,2.115722351479433,79819200.0
2015-05-26,100.65279388427734,2.23614764213562,2.042478500894936,140457600.0
2015-05-27,102.27503204345705,2.3437740802764893,2.1409719008025045,134289600.0
2015-05-28,102.04462432861328,2.326498508453369,2.1262259725194474,90643200.0
2015-05-29,101.43628692626952,2.2871809005737305,2.0879252628629312,106060800.0
2015-06-01,101.77729034423828,2.307236433029175,2.108713128551884,137160000.0
2015-06-02,101.45470428466795,2.2861878871917725,2.088390183782993,131462400.0
2015-06-03,101.75890350341795,2.3062431812286377,2.106906071328199,117067200.0
2015-06-04,100.9846420288086,2.2560043334960938,2.058541264099422,185702400.0
2015-06-05,100.74496459960938,2.238926410675049,2.043618418975567,138590400.0
2015-06-08,99.72187042236328,2.170418500900269,1.9810941503363355,144422400.0
2015-06-09,99.5559539794922,2.1596951484680176,1.970950166830672,153000000.0
2015-06-10,100.92011260986328,2.245281219482422,2.05171630583675,154766400.0
2015-06-11,101.06757354736328,2.2575931549072266,2.060445284349559,117081600.0
2015-06-12,100.23804473876952,2.200204849243164,2.00944511310866,120897600.0
2015-06-15,99.74029541015624,2.169822454452514,1.9792511165531943,200884800.0
2015-06-16,100.28410339355467,2.2029848098754883,2.0113698098434503,101265600.0
2015-06-17,100.56065368652344,2.221453189849853,2.027750377864479,168388800.0
2015-06-18,102.02617645263672,2.3153786659240723,2.116143146389104,162628800.0
2015-06-19,101.52178192138672,2.280031442642212,2.0844849132439736,84628800.0
2015-06-22,102.27009582519533,2.3350372314453125,2.1303099965659227,131716800.0
2015-06-23,102.35323333740234,2.3407950401306152,2.135230468211472,114907200.0
2015-06-24,101.82662963867188,2.304853916168213,2.1019979320565825,84902400.0
2015-06-25,101.6233901977539,2.2897629737854004,2.089140374714605,85204800.0
2015-06-26,100.94898223876952,2.247266292572021,2.0472780627144997,131904000.0
2015-06-29,98.56544494628906,2.0884079933166504,1.9019972002549648,273744000.0
2015-06-30,98.91651153564452,2.112236738204956,1.922075187269339,176793600.0
2015-07-01,99.7017822265625,2.155524969100952,1.9676036656634008,141624000.0
2015-07-02,99.7295150756836,2.1636674404144287,1.9689917221866744,105523200.0
2015-07-06,99.49852752685548,2.145397901535034,1.955056302251031,131808000.0
2015-07-07,99.74797821044922,2.1563198566436768,1.9695085061351487,250329600.0
2015-07-08,98.0111312866211,2.048295021057129,1.866373075679287,184881600.0
2015-07-09,97.95571899414062,2.042337656021118,1.8629667195542563,125260800.0
2015-07-10,99.45233917236328,2.1372570991516118,1.948116585688457,123259200.0
2015-07-13,101.19841766357422,2.2464728355407715,2.050474124977087,104860800.0
2015-07-14,101.86356353759766,2.2915494441986084,2.0906409706553504,102201600.0
2015-07-15,101.97444915771484,2.3024709224700928,2.0971986660915416,119140800.0
2015-07-16,103.4156494140625,2.3924248218536377,2.1858469286525786,139680000.0
2015-07-17,104.9399871826172,2.501839399337769,2.2822225001694507,143328000.0
2015-07-20,105.30030059814452,2.5298385620117188,2.305436212201733,95889600.0
2015-07-21,105.2356185913086,2.52288818359375,2.3008903400868923,87408000.0
2015-07-22,104.04388427734376,2.440082311630249,2.222424607278837,108388800.0
2015-07-23,103.65584564208984,2.410893201828003,2.197271828702127,96782400.0
2015-07-24,102.63961029052734,2.342383861541748,2.1323625976847724,106473600.0
2015-07-27,101.78968811035156,2.2822160720825195,2.079115469757203,120624000.0
2015-07-28,102.6673355102539,2.342383861541748,2.1326266496431048,155596800.0
2015-07-29,103.0553741455078,2.368595838546753,2.156532751917306,121737600.0
2015-07-30,103.54499053955078,2.4015588760375977,2.1869915997790645,137044800.0
2015-07-31,103.42488098144533,2.394212484359741,2.179098872950686,109036800.0
2015-08-03,103.10154724121094,2.3721704483032227,2.15838039710236,147734400.0
2015-08-04,102.9075164794922,2.356879234313965,2.1459161088086574,141350400.0
2015-08-05,103.70205688476562,2.4120841026306152,2.1953445667858067,127411200.0
2015-08-06,102.0390853881836,2.2963154315948486,2.0894473525277717,175296000.0
2015-08-07,101.90975952148438,2.2871809005737305,2.0812331840866864,160176000.0
2015-08-10,103.0738296508789,2.3644258975982666,2.1522836858200547,133804800.0
2015-08-11,101.75273895263672,2.2742738723754883,2.069248952985065,173289600.0
2015-08-12,102.10379028320312,2.294329166412353,2.0903989751713,224347200.0
2015-08-13,101.9374771118164,2.284003973007202,2.079914348785756,140659200.0
2015-08-14,102.09455108642578,2.2963154315948486,2.0892607302157584,145982400.0
2015-08-17,102.94450378417967,2.352710008621216,2.141171418551032,125356800.0
2015-08-18,102.41790771484376,2.3151791095733643,2.1080367123159207,108998400.0
2015-08-19,101.74349975585938,2.27169132232666,2.0661213331620245,235516800.0
2015-08-20,98.9257583618164,2.084634065628052,1.8941938051657623,300019200.0
2015-08-21,94.60214233398438,1.825296401977539,1.6455884206547295,380289600.0
2015-08-24,90.96215057373048,1.609048843383789,1.45542496802792,392716800.0
2015-08-25,90.62034606933594,1.5878008604049685,1.438830230322383,289665600.0
2015-08-26,95.18414306640624,1.8169561624526975,1.6560305138216735,285019200.0
2015-08-27,97.59539794921876,1.95893669128418,1.7816711685157365,485952000.0
2015-08-28,97.57694244384766,1.957348585128784,1.7804305457938083,214094400.0
2015-08-31,96.36666870117188,1.884670376777649,1.7139513229347063,206870400.0
2015-09-01,93.35492706298828,1.7136976718902588,1.5530321417189723,313862400.0
2015-09-02,95.98789978027344,1.8530970811843872,1.6842364457536725,180278400.0
2015-09-03,95.51673889160156,1.822516202926636,1.659217698579753,223224000.0
2015-09-04,94.3804168701172,1.7615538835525513,1.599786606508661,279643200.0
2015-09-08,97.04109954833984,1.9110805988311768,1.7348791778389705,225350400.0
2015-09-09,95.95095825195312,1.8445574045181277,1.6761874356772084,281284800.0
2015-09-10,96.99491119384766,1.9035345315933228,1.7306822755843378,247161600.0
2015-09-11,97.5307388305664,1.9343136548995967,1.7591413372018203,189720000.0
2015-09-14,97.23511505126952,1.9170379638671875,1.7429180641027493,176664000.0
2015-09-15,98.38067626953124,1.983957290649414,1.8042949942145323,152654400.0
2015-09-16,98.93498992919922,2.017119169235229,1.8345604323086917,140414400.0
2015-09-17,98.97191619873048,2.022679328918457,1.8363779211755045,242361600.0
2015-09-18,97.5643081665039,1.937093734741211,1.757788454999248,272342400.0
2015-09-21,97.8698959350586,1.9535750150680544,1.774078731789907,200313600.0
2015-09-22,96.40666961669922,1.8673943281173704,1.6942785299988994,283795200.0
2015-09-23,96.4807357788086,1.870373010635376,1.6979649165060413,223761600.0
2015-09-24,96.12882995605467,1.848727822303772,1.6791662706958406,293836800.0
2015-09-25,95.3138427734375,1.8038502931594849,1.6362413471070774,283824000.0
2015-09-28,92.60040283203124,1.6483666896820068,1.496286343909101,360057600.0
2015-09-29,92.11883544921876,1.6239418983459473,1.472749032691142,365750400.0
2015-09-30,94.23957824707033,1.7313703298568726,1.5742750883592849,333864000.0
2015-10-01,94.66559600830078,1.7555967569351196,1.5954218973589345,219264000.0
2015-10-02,96.32331848144533,1.8467425107955933,1.679030036335211,317404800.0
2015-10-05,97.70317840576172,1.93093740940094,1.7509712103718995,208152000.0
2015-10-06,97.24015045166016,1.9033361673355105,1.725851067706103,230121600.0
2015-10-07,97.82357788085938,1.9339162111282349,1.7566930025039509,253108800.0
2015-10-08,98.21253204345705,1.9575470685958865,1.7774206007784457,291873600.0
2015-10-09,98.65705108642578,1.9813755750656128,1.8013255925518348,175224000.0
2015-10-12,98.89785766601562,1.9980562925338743,1.8142834581356744,152539200.0
2015-10-13,98.25887298583984,1.95893669128418,1.7788828160170065,212966400.0
2015-10-14,98.10140228271484,1.950596570968628,1.7701007379849782,183331200.0
2015-10-15,99.71283721923828,2.045912265777588,1.85710053922099,214569600.0
2015-10-16,100.12957763671876,2.071330308914185,1.8801456692647849,132643200.0
2015-10-19,100.70374298095705,2.108463287353516,1.9122466199431971,163622400.0
2015-10-20,100.1851043701172,2.073514699935913,1.8824548775480887,145252800.0
2015-10-21,99.57392120361328,2.040154457092285,1.847760035823977,176496000.0
2015-10-22,101.6020736694336,2.161086082458496,1.960428886288359,259752000.0
2015-10-23,104.4451904296875,2.3407950401306152,2.124751184630622,204057600.0
2015-10-26,104.51001739501952,2.347745895385742,2.1284334191314955,119889600.0
2015-10-27,104.7229995727539,2.363036155700684,2.1411714889882667,104462400.0
2015-10-28,105.59351348876952,2.4178428649902344,2.1942909461321314,208958400.0
2015-10-29,105.42683410644533,2.408906936645508,2.1836167755124185,99825600.0
2015-10-30,104.95450592041016,2.375942707061768,2.1539862464274333,120072000.0
2015-11-02,106.13992309570312,2.4569613933563232,2.22669345879082,110601600.0
2015-11-03,106.5103759765625,2.480393171310425,2.24972119930286,123624000.0
2015-11-04,106.5196304321289,2.481385946273804,2.2500173634346026,145833600.0
2015-11-05,106.23253631591795,2.459542989730835,2.23153417616468,142252800.0
2015-11-06,106.30663299560548,2.467684268951416,2.2359157194222496,136248000.0
2015-11-09,105.17678833007812,2.3882546424865723,2.1643361864769264,151315200.0
2015-11-10,104.90821838378906,2.3713767528533936,2.147476986524872,98721600.0
2015-11-11,104.77859497070312,2.360851526260376,2.139239726747999,100828800.0
2015-11-12,103.75987243652344,2.292343616485596,2.076566675652108,137928000.0
2015-11-13,101.72247314453124,2.1575112342834477,1.9539741449956705,197697600.0
2015-11-16,103.18567657470705,2.2474660873413086,2.0380415157521985,185544000.0
2015-11-17,103.2505111694336,2.255210399627685,2.04162025456614,221414400.0
2015-11-18,105.23236083984376,2.384482383728028,2.1589209461184176,196276800.0
2015-11-19,105.3064422607422,2.388056516647339,2.1632019130179434,103958400.0
2015-11-20,106.01953887939452,2.4355151653289795,2.2068680503571643,101995200.0
2015-11-23,105.71393585205078,2.41585636138916,2.1874993251254717,112876800.0
2015-11-24,105.62132263183594,2.408311367034912,2.1814678636496456,132494400.0
2015-11-25,105.71393585205078,2.41367244720459,2.186924822005442,55977600.0
2015-11-27,105.8621063232422,2.4224095344543457,2.1958383622185504,27206400.0
2015-11-30,105.59351348876952,2.4071197509765625,2.178841245996438,93273600.0
2015-12-01,106.64930725097656,2.478606939315796,2.243916620807844,117043200.0
2015-12-02,105.99176788330078,2.433530330657959,2.202122947689235,122092800.0
2015-12-03,104.1951141357422,2.3094208240509038,2.0898550666303923,225912000.0
2015-12-04,106.6307601928711,2.4680819511413574,2.2361416533055207,173289600.0
2015-12-07,106.14918518066406,2.4378983974456787,2.2055559833617293,138451200.0
2015-12-08,106.15843963623048,2.4380972385406494,2.2058482895945377,162600000.0
2015-12-09,104.5470733642578,2.3245129585266118,2.1051167710308647,289732800.0
2015-12-10,105.01934051513672,2.357475757598877,2.133373301639032,162926400.0
2015-12-11,102.6022491455078,2.195836305618286,1.985794955026908,294873600.0
2015-12-14,103.38014221191406,2.2450828552246094,2.03070548327063,232344000.0
2015-12-15,104.00992584228516,2.283209085464477,2.067556174762186,191558400.0
2015-12-16,105.55648040771484,2.384084701538086,2.1595187470737,196512000.0
2015-12-17,104.01917266845705,2.284796714782715,2.064887469367464,189513600.0
2015-12-18,102.02384948730467,2.15929913520813,1.9457934135921355,204955200.0
2015-12-21,103.15714263916016,2.2234373092651367,2.010384689462214,128059200.0
2015-12-22,103.83523559570312,2.265535593032837,2.0497704884614376,134044800.0
2015-12-23,104.60626983642578,2.317363977432251,2.0951680795622374,109896000.0
2015-12-24,104.58766174316406,2.312597751617432,2.093779654389259,48480000.0
2015-12-28,104.53191375732422,2.312002420425415,2.090161398149966,102672000.0
2015-12-29,106.1761245727539,2.417445421218872,2.188521874432105,145305600.0
2015-12-30,105.21932983398438,2.3556883335113525,2.1290746250383785,89592000.0
2015-12-31,103.90953826904295,2.2683162689208984,2.0492904759905657,175905600.0
2016-01-04,101.71728515625,2.129710912704468,1.9193200820877991,265867200.0
2016-01-05,101.54080963134766,2.1106479167938232,1.9090826173602824,132326400.0
2016-01-06,100.5654525756836,2.054053783416748,1.8538228467644613,243787200.0
2016-01-07,97.4163818359375,1.858657002449036,1.6794338252654195,340348800.0
2016-01-08,96.61750793457033,1.81477153301239,1.63789999390013,331819200.0
2016-01-11,96.91474151611328,1.830657720565796,1.6528051543925366,336177600.0
2016-01-12,98.03875732421876,1.8924148082733157,1.7100995444122884,317520000.0
2016-01-13,94.65746307373048,1.694435715675354,1.5329381798067776,413400000.0
2016-01-14,96.67323303222656,1.8040482997894287,1.630674066249398,363417600.0
2016-01-15,93.67279815673828,1.6382391452789309,1.4786306061609318,564715200.0
2016-01-19,93.87716674804688,1.6451897621154783,1.4881177457510533,259228800.0
2016-01-20,93.58919525146484,1.6302967071533203,1.4742311908693206,554697600.0
2016-01-21,93.6820831298828,1.636253833770752,1.478430539335044,338112000.0
2016-01-22,96.39456176757812,1.7772411108016968,1.6066595876340115,286881600.0
2016-01-25,94.96401977539062,1.6972156763076782,1.5349214787969088,277084800.0
2016-01-26,95.81861877441406,1.745667576789856,1.576162582809728,243038400.0
2016-01-27,93.4312744140625,1.615800142288208,1.4581477977624373,358315200.0
2016-01-28,94.75033569335938,1.6795424222946167,1.5197179932635825,315571200.0
2016-01-29,96.7289581298828,1.788957118988037,1.6147283845370266,257716800.0
2016-02-01,96.98907470703124,1.7990846633911133,1.6275466897226232,228240000.0
2016-02-02,94.8896942138672,1.6849037408828735,1.5216493451635515,256867200.0
2016-02-03,94.43450927734376,1.6610748767852783,1.4995550128278556,471302400.0
2016-02-04,94.42523956298828,1.6580963134765625,1.4989199521698893,284035200.0
2016-02-05,91.1461181640625,1.4875211715698242,1.3425668170205534,429777600.0
2016-02-08,89.75271606445312,1.41960871219635,1.2808198730765314,514963200.0
2016-02-09,89.47406768798828,1.403126835823059,1.268725233600718,459494400.0
2016-02-10,89.81778717041016,1.419806957244873,1.2831831746783828,375528000.0
2016-02-11,89.68771362304688,1.4164317846298218,1.277442726976927,477076800.0
2016-02-12,91.05323028564452,1.4767982959747314,1.3356260163982625,316430400.0
2016-02-16,93.1061553955078,1.5750924348831177,1.425794483534678,299313600.0
2016-02-17,95.21481323242188,1.683911681175232,1.5224842333745938,365232000.0
2016-02-18,94.1279754638672,1.62672221660614,1.4701522182944224,257899200.0
2016-02-19,94.4066162109375,1.643600583076477,1.4830185209024438,238934400.0
2016-02-22,95.9393539428711,1.721243143081665,1.555059783668091,248265600.0
2016-02-23,94.36021423339844,1.6354588270187378,1.4780713723159438,267825600.0
2016-02-24,95.26126098632812,1.6841099262237549,1.520223034254889,350558400.0
2016-02-25,96.19947052001952,1.7305762767791748,1.5649440353660282,259598400.0
2016-02-26,96.07872009277344,1.726604700088501,1.5588491335226091,248577600.0
2016-02-29,95.21481323242188,1.6809332370758057,1.5165981044364047,229968000.0
2016-03-01,98.27096557617188,1.84177827835083,1.6624392130781749,311136000.0
2016-03-02,98.30813598632812,1.8437637090682983,1.664111150699326,193972800.0
2016-03-03,98.12236785888672,1.8334383964538572,1.6544626783328735,206596800.0
2016-03-04,98.15951538085938,1.836615204811096,1.6561282791923964,237844800.0
2016-03-07,97.55573272705078,1.8024605512619016,1.6253538967014494,189124800.0
2016-03-08,96.74755859375,1.7548030614852903,1.5847497788765472,212563200.0
2016-03-09,97.36992645263672,1.788361430168152,1.6151289511524507,208344000.0
2016-03-10,97.2213134765625,1.781610131263733,1.6075251918781446,343454400.0
2016-03-11,98.92122650146484,1.873947262763977,1.6916404436306252,169660800.0
2016-03-14,99.08843231201172,1.8848687410354612,1.7000002920495645,157166400.0
2016-03-15,99.0512466430664,1.8836774826049805,1.6978670441762855,193118400.0
2016-03-16,99.93376159667967,1.9317326545715328,1.743030345934423,176457600.0
2016-03-17,99.8780288696289,1.926172137260437,1.73988921575247,127507200.0
2016-03-18,100.03453063964844,1.937292456626892,1.7478435856361372,147537600.0
2016-03-21,100.42584228515624,1.960327386856079,1.7681295449148868,136008000.0
2016-03-22,100.73331451416016,1.9778015613555908,1.7841417868127103,127214400.0
2016-03-23,99.90410614013672,1.930739164352417,1.7398519358020512,154454400.0
2016-03-24,99.93209838867188,1.9301438331604004,1.7410899358612535,127022400.0
2016-03-28,99.79231262207033,1.923193335533142,1.7335589538682257,129384000.0
2016-03-29,101.39478302001952,2.015134334564209,1.8168480450297697,179793600.0
2016-03-30,101.88858032226562,2.045316457748413,1.8431580407664605,209884800.0
2016-03-31,101.73950958251952,2.03340220451355,1.834830197897502,118521600.0
2016-04-01,102.8202667236328,2.101116180419922,1.893066501723038,163022400.0
2016-04-04,102.42892456054688,2.075102567672729,1.8712067730047,136632000.0
2016-04-05,101.4413833618164,2.019303798675537,1.816843127014198,146841600.0
2016-04-06,103.10906982421876,2.11600923538208,1.9062148924756184,182088000.0
2016-04-07,101.62771606445312,2.024665594100952,1.8238099772042469,252225600.0
2016-04-08,101.55315399169922,2.01990008354187,1.8195604010133937,166243200.0
2016-04-11,101.18049621582033,1.9982545375823972,1.7992945573890835,137059200.0
2016-04-12,102.02833557128906,2.044919967651367,1.844293841636229,182424000.0
2016-04-13,103.33269500732422,2.1247472763061523,1.914789833859594,162182400.0
2016-04-14,103.3419952392578,2.126136064529419,1.9150597995483611,111240000.0
2016-04-15,103.08113098144533,2.109853744506836,1.900310272603154,83092800.0
2016-04-18,103.630859375,2.141029119491577,1.9304679798459072,101462400.0
2016-04-19,102.997314453125,2.104094982147217,1.894813296032698,158582400.0
2016-04-20,103.08113098144533,2.10925817489624,1.899194678655836,107769600.0
2016-04-21,103.09046936035156,2.109853744506836,1.8994658055360112,133473600.0
2016-04-22,101.53455352783205,2.014338493347168,1.8132164088348892,201321600.0
2016-04-25,101.53455352783205,2.0127501487731934,1.8129824700504644,96950400.0
2016-04-26,101.04075622558594,1.985148310661316,1.786297097736162,109315200.0
2016-04-27,100.23020935058594,1.937490463256836,1.7430777159544564,183004800.0
2016-04-28,99.0189971923828,1.8687841892242432,1.679661191755445,160771200.0
2016-04-29,98.4972686767578,1.8389979600906368,1.652894210953893,191260800.0
2016-05-02,99.4289779663086,1.8876488208770752,1.6995863251203651,118017600.0
2016-05-03,98.50657653808594,1.8374089002609253,1.6520659212802329,145963200.0
2016-05-04,97.873046875,1.8010698556900024,1.6199777620173537,155145600.0
2016-05-05,97.8451156616211,1.8000779151916504,1.6183818167734931,143976000.0
2016-05-06,98.36680603027344,1.8260899782180784,1.6440596689340885,156849600.0
2016-05-09,98.64632415771484,1.842175006866455,1.6578627848266008,118540800.0
2016-05-10,99.99727630615234,1.919420599937439,1.725761715156262,116481600.0
2016-05-11,99.09355926513672,1.8669970035552976,1.6787497771424396,127065600.0
2016-05-12,98.6556396484375,1.840785264968872,1.6562767216280363,184742400.0
2016-05-13,98.29228973388672,1.81854510307312,1.6377627693748902,155966400.0
2016-05-16,99.52210235595705,1.8886409997940063,1.6990255056210577,117292800.0
2016-05-17,98.27364349365234,1.816162109375,1.6348658260863098,187228800.0
2016-05-18,98.62770080566406,1.8368133306503296,1.65232503338927,237969600.0
2016-05-19,98.11529541015624,1.8078221082687376,1.6263586335121836,254097600.0
2016-05-20,99.19602966308594,1.8681886196136477,1.679891539172263,125352000.0
2016-05-23,99.06559753417967,1.8590542078018188,1.6730481707448126,86928000.0
2016-05-24,101.05006408691406,1.9728374481201167,1.7733750339933976,150004800.0
2016-05-25,101.77677154541016,2.015331745147705,1.8114062269776432,140846400.0
2016-05-26,102.07492065429688,2.0322108268737797,1.82709174802969,95270400.0
2016-05-27,102.60599517822266,2.062791109085083,1.8553739510147933,107140800.0
2016-05-31,102.80160522460938,2.075102567672729,1.865745935077718,112948800.0
2016-06-01,102.81092834472656,2.075897693634033,1.8660128348159464,100536000.0
2016-06-02,103.02523803710938,2.087613105773926,1.8774412125708129,104659200.0
2016-06-03,102.5407485961914,2.0590178966522217,1.8507122608170876,155529600.0
2016-06-06,102.91343688964844,2.081059694290161,1.8706529389824675,85996800.0
2016-06-07,102.652587890625,2.066365957260132,1.8561872680507443,77107200.0
2016-06-08,102.82957458496094,2.0754997730255127,1.8655487253079992,82262400.0
2016-06-09,102.66187286376952,2.066365957260132,1.8561806294498373,99729600.0
2016-06-10,101.49728393554688,1.9968650341033936,1.7927720073818074,161760000.0
2016-06-13,100.6494369506836,1.9456322193145752,1.74761350386176,119049600.0
2016-06-14,100.6494369506836,1.9466259479522705,1.7473880290774229,141729600.0
2016-06-15,100.36063385009766,1.9291504621505735,1.7321207382620982,106377600.0
2016-06-16,100.65878295898438,1.9430513381958008,1.7473344980742134,164361600.0
2016-06-17,99.47891235351562,1.8765286207199097,1.685664984018033,167020800.0
2016-06-20,100.10482025146484,1.9102864265441892,1.7172654318568,139243200.0
2016-06-21,100.42240142822266,1.929349899291992,1.733387876014697,86414400.0
2016-06-22,100.17955780029295,1.916839599609375,1.7205890881959085,103296000.0
2016-06-23,101.60880279541016,1.9976592063903809,1.794009170273324,128558400.0
2016-06-24,97.42375946044922,1.753015637397766,1.5721038216596752,325502400.0
2016-06-27,95.49005126953124,1.6509475708007812,1.4782896361236133,235963200.0
2016-06-28,97.58258056640624,1.7544052600860596,1.5752827832297065,199468800.0
2016-06-29,99.3107681274414,1.845550894737244,1.658774319467368,208464000.0
2016-06-30,100.45980072021484,1.9126694202423096,1.7161367142635957,165811200.0
2016-07-01,100.96422576904295,1.938881278038025,1.741766307832132,131424000.0
2016-07-05,100.34766387939452,1.9045275449752808,1.7096320654962207,130939200.0
2016-07-06,101.1697235107422,1.9494049549102783,1.7514279999669504,173476800.0
2016-07-07,101.46869659423828,1.967872738838196,1.766729301818056,126230400.0
2016-07-08,103.03807067871094,2.0588202476501465,1.848477160377885,150043200.0
2016-07-11,103.6266098022461,2.093967914581299,1.879913405355622,142646400.0
2016-07-12,104.14972686767578,2.1269307136535645,1.9081408109484577,115790400.0
2016-07-13,103.8975067138672,2.112037420272827,1.8940317495514252,126412800.0
2016-07-14,104.60746002197266,2.1549296379089355,1.9326143246505036,109905600.0
2016-07-15,104.4393310546875,2.1428165435791016,1.9230464742739664,85416000.0
2016-07-18,105.13059997558594,2.185510635375977,1.960983469985036,83860800.0
2016-07-19,104.74758911132812,2.1628732681274414,1.939297754021336,78667200.0
2016-07-20,105.97134399414062,2.236940860748291,2.00701737325536,90724800.0
2016-07-21,105.72843933105467,2.2236368656158447,1.9929571368801904,112804800.0
2016-07-22,106.16751861572266,2.2494513988494877,2.0175296434153505,86803200.0
2016-07-25,106.1768569946289,2.251437187194824,2.017801723514842,76243200.0
2016-07-26,106.2982940673828,2.258982419967652,2.0244648172098514,136353600.0
2016-07-27,107.03628540039062,2.3030662536621094,2.0663690458113826,130564800.0
2016-07-28,107.4099578857422,2.3280866146087646,2.0877440390393978,87120000.0
2016-07-29,107.64348602294922,2.3433773517608643,2.101092049117088,102633600.0
2016-08-01,108.21334075927734,2.380113124847412,2.134189934456742,105316800.0
2016-08-02,107.39127349853516,2.326498508453369,2.085276006047875,161107200.0
2016-08-03,107.74626159667967,2.348539352416992,2.1056859697138526,85334400.0
2016-08-04,108.05451965332033,2.36958909034729,2.1234871651849443,84028800.0
2016-08-05,109.09144592285156,2.4380972385406494,2.184346213481723,123480000.0
2016-08-08,108.969970703125,2.430353164672852,2.176767469681664,75902400.0
2016-08-09,109.22223663330078,2.446437358856201,2.1916043029442585,79819200.0
2016-08-10,108.94198608398438,2.42757248878479,2.174451400418957,87720000.0
2016-08-11,109.40904998779295,2.4589476585388184,2.2021382480240463,68649600.0
2016-08-12,109.48380279541016,2.4635140895843506,2.206367908030354,68275200.0
2016-08-15,109.95087432861328,2.494492053985596,2.234321165909092,57254400.0
2016-08-16,109.34368133544922,2.455174684524536,2.197016433765049,62596800.0
2016-08-17,109.53983306884766,2.4666922092437744,2.2085566671861283,89836800.0
2016-08-18,109.5678482055664,2.4690747261047363,2.2099662568494924,56755200.0
2016-08-19,109.53983306884766,2.4656989574432373,2.2079859472265126,73617600.0
2016-08-22,109.6239242553711,2.4680819511413574,2.2127861344363664,73243200.0
2016-08-23,109.82008361816406,2.4827768802642822,2.2243792200470947,62654400.0
2016-08-24,109.11011505126952,2.4349193572998047,2.1809515089953404,71198400.0
2016-08-25,108.93264770507812,2.423402070999145,2.1700281879737755,58444800.0
2016-08-26,109.09144592285156,2.4351184368133545,2.1792383882211097,107313600.0
2016-08-29,109.24091339111328,2.441870212554932,2.1879146259129145,49833600.0
2016-08-30,108.88594818115234,2.419827699661255,2.166304247732453,65750400.0
2016-08-31,108.77381896972656,2.413473606109619,2.15933226547578,71616000.0
2016-09-01,109.0541000366211,2.424196720123291,2.175745738091202,85953600.0
2016-09-02,109.40904998779295,2.4525930881500244,2.1967099178214515,90739200.0
2016-09-06,110.09101104736328,2.4980661869049072,2.2375036504040686,65985600.0
2016-09-07,110.1563949584961,2.502633810043335,2.2412015833107035,58075200.0
2016-09-08,109.51181030273438,2.4597420692443848,2.2015689779337086,70065600.0
2016-09-09,106.75603485107422,2.273280620574951,2.0350828674109107,160915200.0
2016-09-12,108.67108917236328,2.389843463897705,2.144339945709448,130651200.0
2016-09-13,107.69956970214844,2.3334481716156006,2.086552092425421,125308800.0
2016-09-14,108.21334075927734,2.3634324073791504,2.116144012392249,111528000.0
2016-09-15,109.89482879638672,2.473046064376831,2.2145169839344643,131860800.0
2016-09-16,109.84239196777344,2.470266342163086,2.2110612686485527,81523200.0
2016-09-19,109.36476135253906,2.4378983974456787,2.18193274962616,91670400.0
2016-09-20,109.5708236694336,2.451401472091675,2.1939846670275243,75782400.0
2016-09-21,110.64776611328124,2.522689819335937,2.258393874930439,138600000.0
2016-09-22,111.52809143066406,2.581666946411133,2.3120065607577858,78100800.0
2016-09-23,110.81632995605467,2.535200595855713,2.267443263080268,73065600.0
2016-09-26,109.8891830444336,2.472252368927002,2.210238900255084,81883200.0
2016-09-27,110.97555541992188,2.542348861694336,2.275505480862306,82900800.0
2016-09-28,111.16284942626952,2.556248664855957,2.2867330444908136,75696000.0
2016-09-29,110.35745239257812,2.5020382404327397,2.236734501106019,114830400.0
2016-09-30,111.18160247802734,2.5534679889678955,2.28655775870626,79987200.0
2016-10-03,111.02236938476562,2.547710418701172,2.2764383998826787,81758400.0
2016-10-04,110.85382080078124,2.5332140922546387,2.265776773544203,112204800.0
2016-10-05,111.24714660644533,2.5596249103546143,2.289602382644838,68856000.0
2016-10-06,111.1909637451172,2.5556533336639404,2.2858380451023312,74529600.0
2016-10-07,110.94744110107422,2.538972854614258,2.2705242831847587,90561600.0
2016-10-10,111.64983367919922,2.584446430206299,2.3133544487088877,59889600.0
2016-10-11,110.05777740478516,2.47761344909668,2.2140950525983434,129643200.0
2016-10-12,109.96414947509766,2.472450256347656,2.2081586936631976,82056000.0
2016-10-13,109.5708236694336,2.4434590339660645,2.1841790102898933,104428800.0
2016-10-14,109.70188903808594,2.449018955230713,2.191735160804155,81811200.0
2016-10-17,109.40222930908205,2.432140350341797,2.1734916716775974,55862400.0
2016-10-18,110.3761749267578,2.494492053985596,2.2312593188356717,76968000.0
2016-10-19,110.36685180664062,2.495485305786133,2.230406042835565,47054400.0
2016-10-20,110.23571014404295,2.484960556030273,2.2221675448952567,69950400.0
2016-10-21,110.64776611328124,2.5119669437408447,2.246799921277772,58632000.0
2016-10-24,111.97761535644533,2.603508949279785,2.327521307323169,68649600.0
2016-10-25,111.62173461914062,2.5774967670440674,2.305029435498805,59712000.0
2016-10-26,110.86316680908205,2.5280520915985107,2.257737939758216,95308800.0
2016-10-27,110.35745239257812,2.492704391479492,2.2265498964586143,103041600.0
2016-10-28,109.66444396972656,2.4496140480041504,2.184316631760952,142958400.0
2016-10-31,109.56141662597656,2.43571400642395,2.177878461181822,56904000.0
2016-11-01,108.73728942871094,2.385673761367798,2.128451097816272,101923200.0
2016-11-02,107.86631774902344,2.323519229888916,2.077030630614153,81763200.0
2016-11-03,106.80812072753906,2.256600379943848,2.015634000268561,87014400.0
2016-11-04,106.43352508544922,2.2309842109680176,1.9941663529823257,84921600.0
2016-11-07,108.96205139160156,2.390836238861084,2.1360344581365527,100963200.0
2016-11-08,109.67378997802734,2.437700033187866,2.17761651086384,110587200.0
2016-11-09,110.17951965332033,2.471854448318481,2.2074599462993136,183292800.0
2016-11-10,108.4001693725586,2.3542983531951904,2.1002266511936067,247968000.0
2016-11-11,108.4469757080078,2.352313041687012,2.10267626647867,113563200.0
2016-11-14,107.3512954711914,2.272882461547852,2.038672614662193,177552000.0
2016-11-15,108.84033203125,2.3781275749206543,2.123242976474273,105571200.0
2016-11-16,109.48648834228516,2.416849136352539,2.1607844371436444,86337600.0
2016-11-17,110.28253936767578,2.4728477001190186,2.207637352649756,75537600.0
2016-11-18,109.87046813964844,2.4450466632843018,2.1826059840830787,63057600.0
2016-11-21,111.01300048828124,2.5185205936431885,2.2504145113608525,83625600.0
2016-11-22,111.35016632080078,2.5411577224731445,2.2706288692384904,76680000.0
2016-11-23,110.900634765625,2.510576009750366,2.242835660592257,73824000.0
2016-11-25,111.25650787353516,2.5348029136657715,2.26413764534123,38280000.0
2016-11-28,111.0036392211914,2.5207035541534424,2.248407436385774,71467200.0
2016-11-29,111.38761901855467,2.544930458068848,2.2714501802996474,74582400.0
2016-11-30,110.03904724121094,2.462522268295288,2.188655664162476,151296000.0
2016-12-01,108.13793182373048,2.3272922039031982,2.0749348174214512,186384000.0
2016-12-02,108.35334014892578,2.336625099182129,2.0870667823756603,102984000.0
2016-12-05,109.19618225097656,2.3906381130218506,2.1355011627654177,89942400.0
2016-12-06,109.4583969116211,2.40791392326355,2.1506096896614486,69254400.0
2016-12-07,110.84444427490234,2.497272729873657,2.232030299031606,148867200.0
2016-12-08,111.04109954833984,2.512562990188598,2.243622231502311,113016000.0
2016-12-09,111.91205596923828,2.5713398456573486,2.296126652064197,102672000.0
2016-12-12,111.40633392333984,2.535597085952759,2.2647023451620463,95150400.0
2016-12-13,112.81108856201172,2.634686231613159,2.3500790140125067,169195200.0
2016-12-14,112.57696533203124,2.615424156188965,2.3351440543988238,142377600.0
2016-12-15,112.75491333007812,2.631309986114502,2.3459161137849165,106425600.0
2016-12-16,112.33692169189452,2.599339246749878,2.3195239410505373,114753600.0
2016-12-19,112.7971420288086,2.6311113834381104,2.347732459310413,83572800.0
2016-12-20,113.22923278808594,2.6628835201263428,2.374409855947589,62784000.0
2016-12-21,113.14473724365234,2.653549671173096,2.3687879140453694,48288000.0
2016-12-22,112.82534790039062,2.630515813827514,2.348422177555202,65520000.0
2016-12-23,112.9004898071289,2.638657093048096,2.352811348792854,32251200.0
2016-12-27,113.48284149169922,2.677180528640747,2.3889158800867967,75643200.0
2016-12-28,112.5999526977539,2.6152260303497314,2.33285085576423,91339200.0
2016-12-29,112.44026947021484,2.6025171279907227,2.322624901681445,85728000.0
2016-12-30,111.28495025634766,2.52646279335022,2.2507306093598696,105384000.0
2017-01-03,112.28059387207033,2.587624311447144,2.310850697895681,97646400.0
2017-01-04,112.8910903930664,2.631707668304444,2.3482465035986366,66513600.0
2017-01-05,113.5298309326172,2.6783716678619385,2.387802843705489,61372800.0
2017-01-06,114.5254364013672,2.746284484863281,2.4503146380302936,95798400.0
2017-01-09,114.90115356445312,2.774085521697998,2.4741143302640443,66172800.0
2017-01-10,115.15475463867188,2.789970636367798,2.490177153398712,66336000.0
2017-01-11,115.4647216796875,2.8114161491394043,2.5099646271530047,94104000.0
2017-01-12,115.2862319946289,2.797119140625,2.498000803260558,80517600.0
2017-01-13,115.68074798583984,2.829288482666016,2.5233234136135265,58612800.0
2017-01-17,115.3332061767578,2.802680253982544,2.500255256265958,55531200.0
2017-01-18,115.56803131103516,2.8217432498931885,2.5152046732049587,49329600.0
2017-01-19,115.51165771484376,2.814196825027466,2.5111994462627965,59731200.0
2017-01-20,115.76527404785156,2.832466125488281,2.52741615383536,56846400.0
2017-01-23,115.85921478271484,2.838820219039917,2.53324288216018,55250400.0
2017-01-24,116.6387939453125,2.897995948791504,2.5840521611947107,51691200.0
2017-01-25,117.81287384033205,2.982588291168213,2.6617515649726644,56148000.0
2017-01-26,117.93498992919922,2.994899034500122,2.669685072191632,50856000.0
2017-01-27,118.1604461669922,3.009196758270264,2.6846515382102747,33249600.0
2017-01-30,117.23990631103516,2.940887689590454,2.621560091628877,75043200.0
2017-01-31,117.00511932373048,2.9246039390563965,2.60547189498776,59616000.0
2017-02-01,117.81287384033205,2.9802052974700928,2.659097012481394,72511200.0
2017-02-02,117.70957946777344,2.972659111022949,2.651759718332256,57895200.0
2017-02-03,118.0477066040039,2.998473882675171,2.67426956162749,48192000.0
2017-02-06,118.1885986328125,3.009594202041626,2.683499895176661,41707200.0
2017-02-07,118.62064361572266,3.040572166442871,2.7125827220480225,46634400.0
2017-02-08,118.8178939819336,3.057649612426758,2.725764741942705,36967200.0
2017-02-09,119.24998474121094,3.089421033859253,2.7551504508016675,51525600.0
2017-02-10,119.64444732666016,3.120001554489136,2.782135963779664,47872800.0
2017-02-13,120.32073974609376,3.1748080253601074,2.828955239021895,42988800.0
2017-02-14,120.7246322631836,3.204594373703003,2.857078951772854,62664000.0
2017-02-15,121.43846893310548,3.259798526763916,2.907391485036396,73564800.0
2017-02-16,121.40090942382812,3.2570178508758545,2.9043187098824284,63950400.0
2017-02-17,121.92691802978516,3.297924041748047,2.941695691892233,51607200.0
2017-02-21,122.52804565429688,3.350348472595215,2.9848258582392795,66729600.0
2017-02-22,122.57496643066406,3.350745677947998,2.987869779304748,43056000.0
2017-02-23,122.11478424072266,3.314604997634888,2.953832283362784,62676000.0
2017-02-24,122.34954071044922,3.3324759006500244,2.9704867436882743,50731200.0
2017-02-27,122.49983215332033,3.3424057960510254,2.981050134106277,52437600.0
2017-02-28,122.12413787841795,3.3161935806274414,2.9532378085958286,41904000.0
2017-03-01,123.4578857421875,3.423424005508423,3.0496159036559387,63254400.0
2017-03-02,122.8380126953125,3.36941146850586,3.0032867486412638,42919200.0
2017-03-03,123.06343841552734,3.38688588142395,3.019433679934314,34646400.0
2017-03-06,122.791015625,3.3634541034698486,2.9989919574902912,38774400.0
2017-03-07,122.58438873291016,3.346773862838745,2.9834653476085258,35428800.0
2017-03-08,122.8003921508789,3.363851308822632,2.998851732744526,38652000.0
2017-03-09,122.89437103271484,3.3741769790649414,3.0053498696291467,44172000.0
2017-03-10,123.4109344482422,3.411111354827881,3.0428593951516776,51456000.0
2017-03-13,123.61760711669922,3.430968999862671,3.0577541713178213,33883200.0
2017-03-14,123.31702423095705,3.4055516719818115,3.0350543808548336,53020800.0
2017-03-15,124.07782745361328,3.4651243686676025,3.090837020632029,63813600.0
2017-03-16,123.99330139160156,3.4631383419036865,3.084121493083761,38875200.0
2017-03-17,123.9499969482422,3.454797744750977,3.080492211714652,35320800.0
2017-03-20,124.06293487548828,3.4651243686676025,3.088515208289597,36696000.0
2017-03-21,122.18049621582033,3.310632944107056,2.947528237238509,93568800.0
2017-03-22,123.00878143310548,3.375765562057495,3.007093543227839,71373600.0
2017-03-23,122.6981430053711,3.3487589359283447,2.983923812851594,59064000.0
2017-03-24,122.95231628417967,3.3670287132263184,3.002082722824602,51686400.0
2017-03-27,123.14997100830078,3.384899854660034,3.016173592154524,75259200.0
2017-03-28,123.90291595458984,3.4484448432922363,3.0711075480352967,84000000.0
2017-03-29,124.47708892822266,3.494115829467773,3.1134063651174144,48170400.0
2017-03-30,124.68414306640624,3.5115907192230225,3.1285411190836245,52927200.0
2017-03-31,124.59947204589844,3.503250360488892,3.121763851145543,54146400.0
2017-04-03,124.52413940429688,3.4957046508789062,3.1156988449988,64521600.0
2017-04-04,124.72176361083984,3.5115907192230225,3.130131033926148,32424000.0
2017-04-05,124.21356964111328,3.47147798538208,3.09146489166934,73360800.0
2017-04-06,124.2794418334961,3.4742581844329834,3.095984376099662,61651200.0
2017-04-07,124.21356964111328,3.4702868461608887,3.090662015599498,41575200.0
2017-04-10,124.26060485839844,3.4742581844329834,3.0937742305534885,48376800.0
2017-04-11,123.7240753173828,3.430572271347046,3.053300397279971,85346400.0
2017-04-12,123.22525024414062,3.385297536849976,3.015975993438641,68095200.0
2017-04-13,122.7358169555664,3.3451852798461914,2.979649784271824,61370400.0
2017-04-17,123.75236511230467,3.4246151447296143,3.053301382667299,36333600.0
2017-04-18,123.5640869140625,3.4146859645843506,3.038971471666498,50755200.0
2017-04-19,123.76177978515624,3.426600933074951,3.053165737317429,57568800.0
2017-04-20,124.79715728759766,3.5096051692962646,3.129399172965705,82492800.0
2017-04-21,124.76889038085938,3.508016347885132,3.126868968906937,54026400.0
2017-04-24,126.27487182617188,3.6355016231536874,3.2396910440005904,60072000.0
2017-04-25,127.18781280517578,3.7161223888397217,3.309539934431222,64113600.0
2017-04-26,127.00895690917967,3.699839591979981,3.2951509738174884,87660000.0
2017-04-27,127.7713623046875,3.7645742893218994,3.3540659255153376,57676800.0
2017-04-28,127.99726104736328,3.786020278930664,3.3714230732422488,68500800.0
2017-05-01,129.1361541748047,3.8813364505767822,3.4609827700887728,64634400.0
2017-05-02,129.35263061523438,3.9043710231781006,3.4779416175529847,60412800.0
2017-05-03,128.93850708007812,3.86584734916687,3.444088920077117,73586400.0
2017-05-04,128.9855194091797,3.869819641113281,3.4474118208711766,72607200.0
2017-05-05,129.4561309814453,3.911916255950928,3.484701320249818,54506400.0
2017-05-08,129.7386016845703,3.935348510742188,3.507062375618287,61267200.0
2017-05-09,130.19033813476562,3.978638172149658,3.5432435891383918,75717600.0
2017-05-10,130.26560974121094,3.984991788864136,3.548932191771376,56193600.0
2017-05-11,130.16209411621094,3.9754598140716553,3.5400138315739325,62433600.0
2017-05-12,130.453857421875,4.001275539398193,3.5633623323245147,58538400.0
2017-05-15,130.8679656982422,4.038606643676758,3.5968368396447405,69340800.0
2017-05-16,131.4139404296875,4.089443206787109,3.6413902609245623,77066400.0
2017-05-17,128.0725860595703,3.780062913894653,3.3631605320115807,140236800.0
2017-05-18,129.19261169433594,3.875776767730713,3.450961569936842,120384000.0
2017-05-19,129.7386016845703,3.922640323638916,3.4942693862549388,72844800.0
2017-05-22,130.83033752441406,4.024310111999512,3.582030219840024,65354400.0
2017-05-23,130.9620819091797,4.034238338470459,3.592389239346942,68858400.0
2017-05-24,131.5644989013672,4.089838981628418,3.6415000190927223,64941600.0
2017-05-25,132.68460083007812,4.197464942932129,3.734038217871806,87504000.0
2017-05-26,132.9198760986328,4.215339183807373,3.7534199569320745,54856800.0
2017-05-30,133.0328369140625,4.224075794219971,3.762505130819047,55192800.0
2017-05-31,132.9857635498047,4.218913555145264,3.7580256359442505,96902400.0
2017-06-01,133.50343322753906,4.269350528717041,3.801427040174607,74092800.0
2017-06-02,135.02828979492188,4.415103912353516,3.931194605737801,83244000.0
2017-06-05,135.0,4.411529064178467,3.928216532894565,51477600.0
2017-06-06,134.46351623535156,4.3614888191223145,3.880878066391407,77733600.0
2017-06-07,134.9905548095703,4.409146785736084,3.92601142926562,81410400.0
2017-06-08,135.1317596435547,4.421060085296631,3.937825135595368,92563200.0
2017-06-09,131.7527313232422,4.101356983184815,3.641916000974396,233138400.0
2017-06-12,131.04681396484375,4.027090549468994,3.5829071103794226,166449600.0
2017-06-13,132.11041259765625,4.121214389801025,3.6696833318976863,126492000.0
2017-06-14,131.53627014160156,4.066009998321533,3.6213653260038585,139012800.0
2017-06-15,130.95277404785156,4.011203289031982,3.572704873414327,141158400.0
2017-06-16,130.38449096679688,3.963149547576904,3.5257315629431125,93856800.0
2017-06-19,132.56475830078125,4.154972076416016,3.702146732539133,110944800.0
2017-06-20,131.5265350341797,4.060848712921143,3.614685450915012,85939200.0
2017-06-21,132.8290252685547,4.1788010597229,3.721606373958291,83589600.0
2017-06-22,132.79122924804688,4.174034595489502,3.71794930817287,68445600.0
2017-06-23,133.30088806152344,4.220898628234863,3.7602786019258234,68786400.0
2017-06-26,132.67791748046875,4.164900779724121,3.707073410604033,105681600.0
2017-06-27,130.2713165283203,3.935746192932129,3.5048709858912703,144088800.0
2017-06-28,132.1494598388672,4.100958824157715,3.656009721797479,120861600.0
2017-06-29,129.8560333251953,3.892059087753296,3.4651901530443423,231564000.0
2017-06-30,129.9032440185547,3.878556251525879,3.4685225111105398,98616000.0
2017-07-03,128.5347137451172,3.772913932800293,3.358452385182125,81684000.0
2017-07-05,129.7993927001953,3.8805413246154794,3.457152551864998,114033600.0
2017-07-06,128.62908935546875,3.778077363967896,3.3631948938602,106324800.0
2017-07-07,130.01644897460938,3.8912644386291504,3.4715845928376314,89623200.0
2017-07-10,130.86587524414062,3.9726810455322266,3.5391785876650044,92114400.0
2017-07-11,131.2340087890625,4.005245685577393,3.5685897315316724,108571200.0
2017-07-12,132.79122924804688,4.147822856903076,3.695163787308025,105307200.0
2017-07-13,133.08377075195312,4.175227165222168,3.719108582143952,91476000.0
2017-07-14,134.13137817382812,4.273322105407715,3.806456866713052,84636000.0
2017-07-17,134.19747924804688,4.275704860687256,3.81159332480424,100663200.0
2017-07-18,135.0940704345703,4.36069393157959,3.887498842151201,84182400.0
2017-07-19,135.88687133789062,4.440521240234375,3.955438759682363,104234400.0
2017-07-20,136.06614685058594,4.457201480865479,3.9705836620672894,108460800.0
2017-07-21,136.009521484375,4.450451850891113,3.9651141814454816,86916000.0
2017-07-24,136.63247680664062,4.508434295654297,4.019086050190912,88732800.0
2017-07-25,136.2832794189453,4.478250503540039,3.9877522694760335,94180800.0
2017-07-26,136.72683715820312,4.518364429473877,4.02617428401118,60607200.0
2017-07-27,135.86798095703125,4.437741756439209,3.949783010319575,188956800.0
2017-07-28,135.75473022460938,4.423444271087647,3.939396566090984,70022400.0
2017-07-31,135.1790008544922,4.365857601165772,3.888767928546357,88716000.0
2017-08-01,135.4904327392578,4.394453048706055,3.9151435967008537,61156800.0
2017-08-02,135.85855102539062,4.426621913909912,3.946550006272751,110366400.0
2017-08-03,135.3300018310547,4.380551815032959,3.8999794098207223,72640800.0
2017-08-04,135.57537841796875,4.397629737854004,3.9206902414868927,71488800.0
2017-08-07,136.43426513671875,4.475471019744873,3.994698565784234,54837600.0
2017-08-08,136.1983184814453,4.458791255950928,3.9734581226395416,103886400.0
2017-08-09,136.0189971923828,4.4413161277771,3.957250881366317,99081600.0
2017-08-10,133.1027069091797,4.1529860496521,3.7022061938030495,163382400.0
2017-08-11,134.11256408691406,4.247905254364014,3.7859950343662656,105271200.0
2017-08-14,135.83963012695312,4.413119316101074,3.931771690851481,95488800.0
2017-08-15,135.93402099609375,4.421060085296631,3.939460628177541,72297600.0
2017-08-16,136.17001342773438,4.444096088409424,3.9594700289837017,99052800.0
2017-08-17,133.38583374023438,4.170858383178711,3.7160890591178544,158582400.0
2017-08-18,133.29144287109375,4.156162261962891,3.7077205108656406,129852000.0
2017-08-21,133.1215362548828,4.148618221282959,3.693063450493563,86481600.0
2017-08-22,135.15069580078125,4.333291053771973,3.8614660735430415,94264800.0
2017-08-23,134.66940307617188,4.284840106964111,3.81971402191974,84076800.0
2017-08-24,134.27297973632812,4.24909782409668,3.7854891847067913,97180800.0
2017-08-25,133.9898681640625,4.22050142288208,3.761055928256106,92620800.0
2017-08-28,134.40512084960938,4.25743579864502,3.795538741603005,66242400.0
2017-08-29,134.9336395263672,4.309860229492188,3.839824418621612,85123200.0
2017-08-30,136.51919555664062,4.459187030792236,3.974690142256296,106248000.0
2017-08-31,137.98202514648438,4.585878849029541,4.1019460543059205,106176000.0
2017-09-01,137.79335021972656,4.582701206207275,4.084589974660249,71001600.0
2017-09-05,136.5569305419922,4.459982395172119,3.974109913515923,129235200.0
2017-09-06,136.97218322753906,4.498505592346191,4.009851504853674,85557600.0
2017-09-07,137.29312133789062,4.526307106018066,4.037520484272211,73970400.0
2017-09-08,136.1039276123047,4.414707183837891,3.932084027863688,82646400.0
2017-09-11,137.6706085205078,4.5552978515625,4.067362385045144,85279200.0
2017-09-12,138.00094604492188,4.593821048736572,4.096116252629599,73418400.0
2017-09-13,138.18971252441406,4.612884044647217,4.112396562863423,51604800.0
2017-09-14,137.3780059814453,4.535043239593506,4.039399104887588,73576800.0
2017-09-15,137.84996032714844,4.57158088684082,4.08050932632883,79264800.0
2017-09-18,137.66932678222656,4.560460567474365,4.063942013988332,91509600.0
2017-09-19,137.90579223632812,4.579920768737793,4.08435877897256,56942400.0
2017-09-20,137.48011779785156,4.54179573059082,4.046010193733374,107306400.0
2017-09-21,136.6383056640625,4.454422950744629,3.9711651346320407,84890400.0
2017-09-22,136.5059051513672,4.443301677703857,3.9591087779679066,62167200.0
2017-09-25,135.06820678710938,4.303903102874756,3.833504396968262,135520800.0
2017-09-26,135.4181365966797,4.333291053771973,3.862804915608853,95090400.0
2017-09-27,136.6383056640625,4.4508466720581055,3.9667225790137466,111348000.0
2017-09-28,136.5909423828125,4.443301677703857,3.9620858124889264,64536000.0
2017-09-29,137.57470703125,4.537426948547363,4.047182647524612,88248000.0
2017-10-02,137.69761657714844,4.550134658813477,4.057507771009707,92205600.0
2017-10-03,137.9908905029297,4.578729152679443,4.082909806786797,62738400.0
2017-10-04,138.123291015625,4.590643882751465,4.09413553598983,90153600.0
2017-10-05,139.47586059570312,4.72289514541626,4.213882538453031,94291200.0
2017-10-06,139.66505432128906,4.739972114562988,4.230486785387878,85960800.0
2017-10-09,139.50424194335938,4.728057384490967,4.215327841254543,68851200.0
2017-10-10,139.60830688476562,4.737986087799072,4.224217415467184,71757600.0
2017-10-11,140.02439880371094,4.779290199279785,4.261442286741281,59788800.0
2017-10-12,139.76910400390625,4.753475666046143,4.237583884914665,66180000.0
2017-10-13,140.30819702148438,4.806693077087402,4.286070566507955,48873600.0
2017-10-16,140.79061889648438,4.856337070465088,4.329727991071865,57079200.0
2017-10-17,140.97035217285156,4.873414516448975,4.345751364992486,60189600.0
2017-10-18,140.80006408691406,4.8547468185424805,4.32944205807847,57900000.0
2017-10-19,140.27987670898438,4.8011322021484375,4.280897965969109,80680800.0
2017-10-20,140.65823364257812,4.836082458496094,4.314984419440081,66554400.0
2017-10-23,139.74072265625,4.745930194854736,4.2299880216316055,61456800.0
2017-10-24,139.97723388671875,4.770154476165772,4.250920043558024,58872000.0
2017-10-25,139.44752502441406,4.71217155456543,4.202111961584457,89191200.0
2017-10-26,139.0029296875,4.66848611831665,4.161377500686215,72768000.0
2017-10-27,143.05117797851562,5.070797443389893,4.5244219209926255,147818400.0
2017-10-30,143.372802734375,5.106936931610107,4.5543552244265095,96556800.0
2017-10-31,143.91189575195312,5.16094970703125,4.605141829355243,60196800.0
2017-11-01,143.8646697998047,5.154196739196777,4.600014026868927,83064000.0
2017-11-02,143.59034729003906,5.127986907958984,4.573106488693906,91780800.0
2017-11-03,144.97128295898438,5.270960807800293,4.704457776129155,86700000.0
2017-11-06,145.4630889892578,5.324576377868652,4.751729551453963,76096800.0
2017-11-07,145.5482635498047,5.33331298828125,4.759463482887602,93321600.0
2017-11-08,146.13465881347656,5.400033950805664,4.816375224798295,68863200.0
2017-11-09,145.36849975585938,5.313455581665039,4.739999524308341,163195200.0
2017-11-10,145.359130859375,5.3118672370910645,4.738471507034125,66436800.0
2017-11-13,145.53875732421875,5.3277506828308105,4.755426748470028,75144000.0
2017-11-14,145.0091094970703,5.274136543273926,4.702895050664849,91000800.0
2017-11-15,144.32806396484375,5.19669246673584,4.636025852320967,80668800.0
2017-11-16,146.1725311279297,5.391296863555908,4.813168565535191,80853600.0
2017-11-17,145.61444091796875,5.330930709838867,4.757417199766798,69352800.0
2017-11-20,145.50094604492188,5.317824363708496,4.745679319325774,50059200.0
2017-11-21,147.08053588867188,5.485421180725098,4.899627411540273,70742400.0
2017-11-22,147.26025390625,5.507264137268066,4.916955863348463,60117600.0
2017-11-24,147.79942321777344,5.569218635559082,4.970329371000599,39952800.0
2017-11-27,147.73318481445312,5.560084819793701,4.963005535316691,66837600.0
2017-11-28,148.11148071289062,5.6009907722473145,5.0004910694345375,70305600.0
2017-11-29,145.52931213378906,5.313059329986572,4.738310935301151,208288800.0
2017-11-30,146.74948120117188,5.444911956787109,4.856882613597075,118780800.0
2017-12-01,146.125244140625,5.372232913970947,4.794275947314454,170294400.0
2017-12-04,144.4415740966797,5.186765193939209,4.627936979226857,165444000.0
2017-12-05,144.5362091064453,5.194309234619141,4.636436262946262,115480800.0
2017-12-06,145.18887329101562,5.263018608093262,4.698646611968524,94759200.0
2017-12-07,145.68067932128906,5.31504487991333,4.745788329171906,76156800.0
2017-12-08,146.3238525390625,5.385340213775635,4.80803331795958,88401600.0
2017-12-11,147.45887756347656,5.508852005004883,4.919299838178122,71568000.0
2017-12-12,147.26025390625,5.488201141357422,4.898786611335316,73377600.0
2017-12-13,147.54403686523438,5.515604019165039,4.926475704224599,83342400.0
2017-12-14,147.43997192382812,5.507661819458008,4.915415953316164,71246400.0
2017-12-15,149.11410522460938,5.686776161193848,5.082220658528903,111669600.0
2017-12-18,150.3643341064453,5.832926273345947,5.209398719910551,81081600.0
2017-12-19,149.473388671875,5.738006591796875,5.116125727777708,98868000.0
2017-12-20,149.3122100830078,5.714178562164307,5.098915349648533,71150400.0
2017-12-21,149.3312225341797,5.711398601531982,5.10020528304155,66518400.0
2017-12-22,149.1605682373047,5.692335605621338,5.082061863433468,42492000.0
2017-12-26,148.3549041748047,5.6001973152160645,4.999056644943778,48866400.0
2017-12-27,148.37384033203125,5.6001973152160645,5.000325925908853,45196800.0
2017-12-28,148.5540008544922,5.615287780761719,5.017895483756821,46730400.0
2017-12-29,147.63458251953125,5.509249210357666,4.924079030176154,68558400.0
2018-01-02,150.22213745117188,5.792019844055176,5.182353089711684,91735200.0
2018-01-03,151.68182373046875,5.961601257324219,5.332752943584268,85224000.0
2018-01-04,151.94717407226562,5.996551990509033,5.360052078710061,70024800.0
2018-01-05,153.47320556640625,6.1776509284973145,5.520856295102917,82380000.0
2018-01-08,154.0703582763672,6.246356964111328,5.584587712442874,72252000.0
2018-01-09,154.07984924316406,6.251123428344727,5.5848992534339486,104169600.0
2018-01-10,153.7196044921875,6.206643581390381,5.545005554409314,95853600.0
2018-01-11,154.771728515625,6.3309502601623535,5.658147455121352,74839200.0
2018-01-12,155.9091339111328,6.465186595916748,5.782161305173167,89560800.0
2018-01-16,155.463623046875,6.415145397186279,5.731847663375996,165021600.0
2018-01-17,157.14132690429688,6.617295742034912,5.916675859818428,82624800.0
2018-01-18,157.16973876953125,6.623649597167969,5.919121783680588,94394400.0
2018-01-19,157.66261291503906,6.687192916870117,5.9740440567886,84948000.0
2018-01-22,159.3497772216797,6.896092414855957,6.165059926620748,103862400.0
2018-01-23,160.66729736328125,7.070838928222656,6.317184543524565,129343200.0
2018-01-24,159.62464904785156,6.927469253540039,6.193383650420048,209073600.0
2018-01-25,159.56784057617188,6.918730735778809,6.185972138444853,133300800.0
2018-01-26,162.01318359375,7.227713584899902,6.469570131128196,106437600.0
2018-01-29,161.2265167236328,7.131999492645264,6.374495021970471,132348000.0
2018-01-30,159.89952087402344,6.949708938598633,6.216274257909486,132506400.0
2018-01-31,160.56300354003906,7.035491943359375,6.292853153785593,110997600.0
2018-02-01,159.1981964111328,6.859556198120117,6.131570963238032,127968000.0
2018-02-02,156.02291870117188,6.440564632415772,5.763889275933459,190185600.0
2018-02-05,149.87147521972656,5.697102069854736,5.081395033579844,230628000.0
2018-02-06,153.8428497314453,6.136347770690918,5.484688009124039,239383200.0
2018-02-07,151.85243225097656,5.893689632415772,5.271097841580979,176112000.0
2018-02-08,145.44505310058594,5.163332462310791,4.60317941563827,216405600.0
2018-02-09,147.9568328857422,5.406387805938721,4.841070901254756,320344800.0
2018-02-12,150.58230590820312,5.709015369415283,5.098158663034934,175056000.0
2018-02-13,151.35955810546875,5.778517246246338,5.176445539620105,108055200.0
2018-02-14,154.1935577392578,6.116887092590332,5.466543159646463,168115200.0
2018-02-15,157.05604553222656,6.43659257888794,5.770284699144738,190375200.0
2018-02-16,156.35462951660156,6.3647074699401855,5.692229540629258,170553600.0
2018-02-20,156.66737365722656,6.396480083465576,5.725652323627727,145869600.0
2018-02-21,156.2219696044922,6.338893890380859,5.676079660362661,177477600.0
2018-02-22,156.2030029296875,6.340086460113525,5.673279967135912,166603200.0
2018-02-23,159.39720153808594,6.717774391174316,6.020587084822586,142768800.0
2018-02-26,161.51080322265625,6.987437725067139,6.2593086807551455,133951200.0
2018-02-27,159.51092529296875,6.737233638763428,6.025986884203617,173308800.0
2018-02-28,158.4873046875,6.601805686950684,5.909198726061407,153014400.0
2018-03-01,155.89967346191406,6.284087181091309,5.6189968593377255,251916000.0
2018-03-02,157.3308868408203,6.456846237182617,5.773024956875964,193399200.0
2018-03-05,159.07492065429688,6.659393310546875,5.964264378067293,148881600.0
2018-03-06,159.74786376953125,6.743588447570801,6.039187713008014,142060800.0
2018-03-07,160.1175079345703,6.794026374816895,6.080331180706705,133764000.0
2018-03-08,160.99900817871094,6.895299911499023,6.1799694531080505,115168800.0
2018-03-09,164.1268310546875,7.296816825866699,6.539357877671731,147348000.0
2018-03-12,164.9988555908203,7.406032562255859,6.642747236721131,132679200.0
2018-03-13,162.7524871826172,7.137163162231445,6.370578179460596,182292000.0
2018-03-14,162.7240447998047,7.112936973571777,6.366416317556075,133622400.0
2018-03-15,162.5818634033203,7.081165790557861,6.3489068140018325,110896800.0
2018-03-16,162.09854125976562,7.034300327301025,6.29146573882793,78268800.0
2018-03-19,158.6399688720703,6.592671871185303,5.887945468905983,194232000.0
2018-03-20,159.16209411621094,6.6411237716674805,5.945322076608905,92193600.0
2018-03-21,158.46900939941406,6.545013904571533,5.866886804908014,132496800.0
2018-03-22,154.5576171875,6.066845893859863,5.4317036890162935,205879200.0
2018-03-23,150.4848175048828,5.576764106750488,5.001604952930179,217598400.0
2018-03-26,156.07662963867188,6.20426082611084,5.558518263257657,183504000.0
2018-03-27,151.02597045898438,5.609330177307129,5.0181780800815625,273614400.0
2018-03-28,149.2886505126953,5.415920257568359,4.844351534909725,242289600.0
2018-03-29,152.0228271484375,5.715765953063965,5.1098950376282986,197073600.0
2018-04-02,147.63673400878906,5.2082109451293945,4.666950695990031,244953600.0
2018-04-03,149.29811096191406,5.382956504821777,4.823902131862896,221805600.0
2018-04-04,151.65261840820312,5.637528419494629,5.051505957963298,216729600.0
2018-04-05,152.5165252685547,5.72609281539917,5.137183701113674,183355200.0
2018-04-06,148.70001220703125,5.298760890960693,4.750868363725869,232291200.0
2018-04-09,149.7443389892578,5.404798984527588,4.850352090785729,175891200.0
2018-04-10,153.04815673828125,5.761836051940918,5.170767075353656,194875200.0
2018-04-11,152.16525268554688,5.664931297302246,5.0806126021015485,143440800.0
2018-04-12,153.99752807617188,5.86350679397583,5.263489444422023,142766400.0
2018-04-13,153.20005798339844,5.776531219482422,5.1810400418368765,142485600.0
2018-04-16,154.36773681640625,5.904014587402344,5.2988400341119295,118298400.0
2018-04-17,157.69061279296875,6.281705379486084,5.640340353059425,124147200.0
2018-04-18,158.0133819580078,6.325389862060547,5.6742474501623015,118089600.0
2018-04-19,156.56082153320312,6.153425216674805,5.517031392851211,129019200.0
2018-04-20,154.08294677734375,5.858343124389648,5.254366838256413,140812800.0
2018-04-23,153.69366455078125,5.81227445602417,5.213864306389396,123333600.0
2018-04-24,150.4373321533203,5.441734313964844,4.881790674870831,213019200.0
2018-04-25,150.61773681640625,5.463180541992188,4.898723583691564,210816000.0
2018-04-26,153.7886505126953,5.801948070526123,5.207485988757782,141993600.0
2018-04-27,153.8835906982422,5.815450668334961,5.216458524478658,164858400.0
2018-04-30,152.79180908203125,5.691541194915772,5.104755468276712,161124000.0
2018-05-01,154.5386962890625,5.876612663269043,5.279186716897068,116978400.0
2018-05-02,153.62721252441406,5.774147987365723,5.185094183957328,143652000.0
2018-05-03,153.6083526611328,5.7745442390441895,5.182515584070583,196072800.0
2018-05-04,156.52285766601562,6.099414348602295,5.4768400342029615,185932800.0
2018-05-07,157.82350158691406,6.2443718910217285,5.612664635539057,139063200.0
2018-05-08,157.66209411621094,6.223721027374268,5.594720133833816,126715200.0
2018-05-09,159.38046264648438,6.432223320007324,5.7769298717782425,114996000.0
2018-05-10,161.03236389160156,6.632386207580566,5.955809774213879,119006400.0
2018-05-11,160.8804931640625,6.612528800964356,5.938190468291985,119697600.0
2018-05-14,161.15577697753906,6.641917705535889,5.967906976995355,109183200.0
2018-05-15,159.3709259033203,6.427060127258301,5.768847647641282,174520800.0
2018-05-16,160.42474365234375,6.545411586761475,5.882540430575365,89712000.0
2018-05-17,159.80764770507812,6.471540927886963,5.813897458772647,103219200.0
2018-05-18,158.9817352294922,6.367884635925293,5.723005793246692,85466400.0
2018-05-21,159.87405395507812,6.479087829589844,5.8186321719870895,116892000.0
2018-05-22,159.66529846191406,6.445329666137695,5.795088428643047,96943200.0
2018-05-23,161.01341247558594,6.60736608505249,5.941131070920068,123045600.0
2018-05-24,160.9658660888672,6.601805686950684,5.935101402772214,71110400.0
2018-05-25,161.12730407714844,6.618485927581787,5.952193192029099,63081600.0
2018-05-29,160.41526794433594,6.533893585205078,5.872515407420346,94451200.0
2018-05-30,161.56402587890625,6.673293590545654,5.997919649588187,70806400.0
2018-05-31,161.4595947265625,6.658995628356934,5.985515067138047,81056800.0
2018-06-01,163.99441528320312,6.968772411346436,6.266650009280662,77171200.0
2018-06-04,165.4754180908203,7.147488117218018,6.435620317190105,64049600.0
2018-06-05,165.9880828857422,7.221358299255371,6.494605218171816,55900000.0
2018-06-06,166.95639038085938,7.34050178527832,6.607428011101234,57628000.0
2018-06-07,165.59881591796875,7.170127868652344,6.4453943579201125,78452000.0
2018-06-08,165.6083221435547,7.1653594970703125,6.445672778232993,49320800.0
2018-06-11,166.05455017089844,7.221358299255371,6.496944341993387,40836000.0
2018-06-12,166.9279327392578,7.335736274719238,6.598620341563408,47848000.0
2018-06-13,166.91848754882812,7.327396869659424,6.596648898088112,72247200.0
2018-06-14,168.60829162597656,7.550197124481201,6.796141897875648,90452800.0
2018-06-15,168.01971435546875,7.475136756896973,6.724093219198188,77689600.0
2018-06-18,167.9226531982422,7.458456039428711,6.711572619657397,68726400.0
2018-06-19,167.44699096679688,7.391735553741455,6.653672557173347,107633600.0
2018-06-20,168.63621520996094,7.546623706817627,6.794579129790629,79644800.0
2018-06-21,167.1710968017578,7.35122537612915,6.616607749185861,102280800.0
2018-06-22,166.80003356933594,7.27735710144043,6.571694196543668,62227200.0
2018-06-25,163.0419921875,6.812691688537598,6.12666118551356,171306400.0
2018-06-26,163.70797729492188,6.887754440307617,6.200948294069097,94165600.0
2018-06-27,161.48170471191406,6.611337661743164,5.9471672820412005,131838400.0
2018-06-28,162.87074279785156,6.773374557495117,6.09986954269089,111300000.0
2018-06-29,163.30838012695312,6.804352283477783,6.1482540033068185,78536000.0
2018-07-02,164.4024658203125,6.956858158111572,6.271031582399487,83296800.0
2018-07-03,162.4997100830078,6.717377185821533,6.05248413806333,56425600.0
2018-07-05,164.51669311523438,6.964004993438721,6.2770776469767,65622400.0
2018-07-06,167.07594299316406,7.27735710144043,6.569209674208848,75012000.0
2018-07-09,168.5791473388672,7.479901313781738,6.745674267024954,72377600.0
2018-07-10,168.70285034179688,7.497774600982666,6.759653831315368,66784000.0
2018-07-11,167.8465118408203,7.388160705566406,6.655845360671167,79829600.0
2018-07-12,170.7388153076172,7.752744197845459,6.99906392768163,81352000.0
2018-07-13,170.88157653808594,7.775381088256836,7.0157174699740255,67876000.0
2018-07-16,170.472412109375,7.722956657409668,6.964416322143437,55560000.0
2018-07-17,171.50950622558594,7.865930557250977,7.090624950626247,75593600.0
2018-07-18,171.18600463867188,7.815890312194824,7.049587073034227,46537600.0
2018-07-19,170.3297576904297,7.700319290161133,6.942894584793227,76874400.0
2018-07-20,170.2917022705078,7.689597606658935,6.937345234942126,57396000.0
2018-07-23,170.83396911621094,7.756318092346191,7.0027228059537805,63027200.0
2018-07-24,171.5380859375,7.855208396911621,7.088407517373974,95066400.0
2018-07-25,173.93560791015625,8.182856559753418,7.384708832170778,77241600.0
2018-07-26,171.3001708984375,7.825422763824463,7.048081240736217,111888000.0
2018-07-27,168.98822021484375,7.498965740203857,6.761798877084287,118098400.0
2018-07-30,166.60023498535156,7.176084041595459,6.474272015666689,100805600.0
2018-07-31,167.8750762939453,7.319057941436768,6.622062003571657,95712000.0
2018-08-01,168.51254272460938,7.419138431549072,6.696644839732897,69301600.0
2018-08-02,170.8054656982422,7.71461820602417,6.969141344276662,92242400.0
2018-08-03,171.3286895751953,7.783722400665283,7.032287355340592,72133600.0
2018-08-06,172.3372039794922,7.926694869995117,7.155565268834212,68068000.0
2018-08-07,172.9651641845703,8.004138946533203,7.232862152012045,71970400.0
2018-08-08,173.17446899414062,8.025585174560547,7.258186395065362,63434400.0
2018-08-09,173.06979370117188,8.018437385559082,7.244088323013555,54530400.0
2018-08-10,171.747314453125,7.8313798904418945,7.077090814236987,85626400.0
2018-08-13,171.55706787109375,7.808742046356201,7.052659599497624,92674400.0
2018-08-14,172.6321258544922,7.952906131744385,7.184335608339406,60727200.0
2018-08-15,170.52000427246094,7.663383960723877,6.919711711182786,115857600.0
2018-08-16,171.08132934570312,7.733680725097656,6.987154751681625,65142400.0
2018-08-17,171.119384765625,7.732490539550781,6.9909159572271244,70262400.0
2018-08-20,170.9671630859375,7.716999053955078,6.971357392676756,67461600.0
2018-08-21,171.5950927734375,7.796826839447021,7.047271344036929,67069600.0
2018-08-22,172.26107788085938,7.8873772621154785,7.128416519699133,63313600.0
2018-08-23,172.01376342773438,7.84805965423584,7.096794114414141,71133600.0
2018-08-24,173.61204528808594,8.066094398498535,7.29370006051277,63956800.0
2018-08-27,175.38169860839844,8.309148788452148,7.515796335588061,72851200.0
2018-08-28,175.63853454589844,8.346083641052246,7.5478459510522145,65224800.0
2018-08-29,177.66502380371094,8.637988090515137,7.808129648073788,65735200.0
2018-08-30,177.35108947753906,8.589137077331543,7.765731328035366,87863200.0
2018-08-31,177.5793914794922,8.61415958404541,7.794719611440914,63180000.0
2018-09-04,176.8182830810547,8.511697769165039,7.693489030541682,80209600.0
2018-09-05,174.53492736816406,8.173324584960938,7.394445142287303,107729600.0
2018-09-06,172.97462463378906,7.950525760650635,7.195177124541685,115504800.0
2018-09-07,172.30865478515625,7.871886730194092,7.111142327218209,77009600.0
2018-09-10,172.8890380859375,7.940990924835205,7.182081751187662,55448800.0
2018-09-11,174.22097778320312,8.117324829101562,7.34714771945183,70522400.0
2018-09-12,173.70724487304688,8.04703140258789,7.281205246225543,88261600.0
2018-09-13,175.56251525878906,8.285321235656738,7.513565334876734,74676000.0
2018-09-14,175.0487518310547,8.222173690795898,7.446633200649134,76688000.0
2018-09-17,172.5274658203125,7.875462532043457,7.123903362928818,72823200.0
2018-09-18,173.95452880859375,8.062520027160645,7.299760600862873,72758400.0
2018-09-19,173.8213653564453,8.044649124145508,7.282054736512873,58962400.0
2018-09-20,175.74322509765625,8.297236442565918,7.522657809512886,62683200.0
2018-09-21,174.7822723388672,8.164982795715332,7.39828700517242,60281600.0
2018-09-24,175.2683868408203,8.235280990600586,7.459062111132954,52875200.0
2018-09-25,175.5066375732422,8.268640518188477,7.488518136453239,43259200.0
2018-09-26,175.6305694580078,8.260300636291504,7.50341575667729,70920000.0
2018-09-27,177.11741638183594,8.489056587219238,7.693014113225272,58525600.0
2018-09-28,177.07931518554688,8.4759521484375,7.6870568465184,61857600.0
2018-10-01,177.44149780273438,8.524801254272461,7.733232383437371,68232000.0
2018-10-02,177.04124450683594,8.4759521484375,7.679903290056656,64787200.0
2018-10-03,177.23178100585938,8.500970840454102,7.703708388014522,66569600.0
2018-10-04,173.82919311523438,8.016053199768066,7.259015067271756,150889600.0
2018-10-05,171.70375061035156,7.71461820602417,6.991806457800394,132924000.0
2018-10-08,170.65530395507812,7.576409816741943,6.862825596104161,119353600.0
2018-10-09,171.20806884765625,7.634790420532227,6.9286277312595885,104289600.0
2018-10-10,163.67849731445312,6.644697666168213,6.013590010378712,242856000.0
2018-10-11,161.6484375,6.375430583953857,5.789059388742759,222432000.0
2018-10-12,166.14710998535156,6.91396427154541,6.271640681032949,168488000.0
2018-10-15,164.135986328125,6.65303897857666,6.043086755371837,159735200.0
2018-10-16,168.91110229492188,7.226124286651611,6.569731460273829,124466400.0
2018-10-17,168.97781372070312,7.249953269958496,6.576667986883404,130120800.0
2018-10-18,165.06045532226562,6.74716329574585,6.118425127155474,156348800.0
2018-10-19,164.9080352783203,6.719759941101074,6.100686116726169,134836800.0
2018-10-22,165.75628662109375,6.821032524108887,6.194040852442826,114926400.0
2018-10-23,165.14633178710938,6.7459716796875,6.1248626671296105,176781600.0
2018-10-24,157.5880889892578,5.82855749130249,5.28312371880785,204842400.0
2018-10-25,163.0398712158203,6.426662921905518,5.830753333931463,152073600.0
2018-10-26,158.84622192382812,5.927445888519287,5.380071827497051,244761600.0
2018-10-29,155.5769805908203,5.610522747039795,5.047193155106376,217961600.0
2018-10-30,158.14085388183594,5.827365398406982,5.296071762140626,184865600.0
2018-10-31,161.85804748535156,6.220542907714844,5.668850297087968,180157600.0
2018-11-01,163.99305725097656,6.492192268371582,5.892446045524818,126066400.0
2018-11-02,161.4386749267578,6.201479434967041,5.616340738418161,174357600.0
2018-11-05,161.03839111328125,6.140717029571533,5.573839327845303,102600800.0
2018-11-06,162.25840759277344,6.270583629608154,5.699801341766345,111461600.0
2018-11-07,167.34800720214844,6.847245693206787,6.235427196930127,138552000.0
2018-11-08,166.280517578125,6.730482578277588,6.115297946134064,117524800.0
2018-11-09,163.4783477783203,6.3885369300842285,5.805342795096486,136739200.0
2018-11-12,158.5316619873047,5.827365398406982,5.277602784135443,154367200.0
2018-11-13,158.66517639160156,5.824984073638916,5.29025616997495,154454400.0
2018-11-14,157.45469665527344,5.677243232727051,5.168493223971456,156124000.0
2018-11-15,160.2091827392578,5.981062412261963,5.439076655464318,169816800.0
2018-11-16,159.64683532714844,5.91553258895874,5.381100093353815,134324800.0
2018-11-19,154.46188354492188,5.348403930664063,4.8561096030327695,186492000.0
2018-11-20,151.6978302001953,5.051733493804932,4.594786797233816,202991200.0
2018-11-21,152.85110473632812,5.164921283721924,4.698988837048794,115115200.0
2018-11-23,151.7455291748047,5.050541400909424,4.596418896217519,56880000.0
2018-11-26,155.2530059814453,5.397253036499023,4.914553536194669,119964800.0
2018-11-27,155.77720642089844,5.453251361846924,4.963700360582515,120163200.0
2018-11-28,160.79054260253906,5.970339775085449,5.4422962749686725,195064800.0
2018-11-29,160.2663116455078,5.91553258895874,5.388362997806433,129044800.0
2018-11-30,161.42909240722656,6.039443016052246,5.504950428102698,116635200.0
2018-12-03,164.25038146972656,6.349219799041748,5.792869507464634,149343200.0
2018-12-04,157.9502410888672,5.651032447814941,5.12553204889272,210096000.0
2018-12-06,159.0653839111328,5.733240604400635,5.23343090292994,196156000.0
2018-12-07,153.81381225585938,5.172070026397705,4.714407764578893,222987200.0
2018-12-10,155.4245147705078,5.334106922149658,4.861904067117632,176468800.0
2018-12-11,155.93917846679688,5.391296863555908,4.909575069531467,172163200.0
2018-12-12,157.3116912841797,5.527122020721436,5.038577852937433,169451200.0
2018-12-13,157.3593292236328,5.528313159942627,5.04250520684777,164724800.0
2018-12-14,153.52781677246094,5.111306667327881,4.673517621819599,156177600.0
2018-12-17,150.0489501953125,4.781276226043701,4.355215657944238,200592800.0
2018-12-18,150.9925537109375,4.861101150512695,4.436818876574045,157893600.0
2018-12-19,147.28492736816406,4.50962495803833,4.109407812480069,307862400.0
2018-12-20,145.1499481201172,4.328526496887207,3.930172973415175,320818400.0
2018-12-21,140.65122985839844,3.9103288650512695,3.564235375552758,369034400.0
2018-12-24,137.1633758544922,3.620806217193604,3.2986189511871564,175600800.0
2018-12-26,145.72772216796875,4.278300285339356,3.916080938916696,378235200.0
2018-12-27,146.2916717529297,4.339145660400391,3.961040044728065,341834400.0
2018-12-28,146.21524047851562,4.3212504386901855,3.9543205637593233,304842400.0
2018-12-31,147.44822692871094,4.419081687927246,4.053846951762649,216966400.0
2019-01-02,148.04086303710938,4.482312679290772,4.102204600614697,271665600.0
2019-01-03,143.20433044433594,4.048040866851807,3.6996151412311047,330510400.0
2019-01-04,149.33123779296875,4.565826416015625,4.173994953377486,272964000.0
2019-01-07,151.10910034179688,4.711379528045654,4.322536878663311,213106400.0
2019-01-08,152.47596740722656,4.847387790679932,4.439278544946782,211622400.0
2019-01-09,153.7185821533203,4.961920738220215,4.547240531601699,178098400.0
2019-01-10,154.1582489013672,5.009643077850342,4.585671981008921,175131200.0
2019-01-11,153.59426879882812,4.949989318847656,4.534751001469351,120804800.0
2019-01-14,152.23696899414062,4.821140766143799,4.413946279274245,111383200.0
2019-01-15,155.2096710205078,5.088385105133057,4.671947639034828,145125600.0
2019-01-16,155.1809844970703,5.09554386138916,4.668754401750769,135892800.0
2019-01-17,156.4044647216797,5.214849472045898,4.778580433783264,142040000.0
2019-01-18,157.95294189453125,5.358015060424805,4.919894435022328,166908800.0
2019-01-22,154.78912353515625,5.06213903427124,4.623621264069713,181734400.0
2019-01-23,154.98980712890625,5.066910743713379,4.641008260226186,166093600.0
2019-01-24,155.99346923828125,5.156388282775879,4.730570331333839,128115200.0
2019-01-25,157.85731506347656,5.3401198387146,4.899525824290499,139513600.0
2019-01-28,155.90744018554688,5.143266201019287,4.717334879618378,140359200.0
2019-01-29,154.4354248046875,4.9977126121521,4.583108716121366,122530400.0
2019-01-30,158.36390686035156,5.372332572937012,4.932268647718099,175824000.0
2019-01-31,160.7344512939453,5.60855770111084,5.1531252243683845,160575200.0
2019-02-01,160.05577087402344,5.536973476409912,5.087185161783332,141561600.0
2019-02-04,162.04397583007812,5.73979377746582,5.276107115539261,110976800.0
2019-02-05,163.47769165039062,5.8913116455078125,5.415470573030035,128916800.0
2019-02-06,162.990234375,5.844783782958984,5.366328375954482,145420000.0
2019-02-07,160.8013458251953,5.606171607971191,5.149433592601659,209793600.0
2019-02-08,161.1167449951172,5.634805202484131,5.179069844253776,144722400.0
2019-02-11,160.9638214111328,5.621681213378906,5.163654541197343,121196800.0
2019-02-12,163.34393310546875,5.865065097808838,5.392047406053086,128226400.0
2019-02-13,163.4585723876953,5.87699556350708,5.402704594460426,127609600.0
2019-02-14,163.65931701660156,5.898470878601074,5.421912843833536,153369600.0
2019-02-15,164.34751892089844,5.968860626220703,5.489612185091638,142496000.0
2019-02-19,164.67250061035156,6.004652500152588,5.521469490729583,103572800.0
2019-02-20,164.64381408691406,5.999880790710449,5.517871540356425,171065600.0
2019-02-21,164.0416259765625,5.931875705718994,5.456614448532957,128493600.0
2019-02-22,165.25558471679688,6.060725688934326,5.577052344298718,119637600.0
2019-02-25,165.85775756835938,6.127537727355957,5.637299263674876,124102400.0
2019-02-26,166.02980041503906,6.146624565124512,5.654114515065984,105356800.0
2019-02-27,165.92469787597656,6.127537727355957,5.642647285396433,115844000.0
2019-02-28,165.54229736328125,6.089360237121582,5.602906077166923,92063200.0
2019-03-01,166.68931579589844,6.211051940917969,5.718648354555924,140156800.0
2019-03-04,166.71800231933594,6.212244033813477,5.720863007400279,213088000.0
2019-03-05,166.84226989746094,6.22775411605835,5.732917489156909,100348800.0
2019-03-06,165.89598083496094,6.120378494262695,5.634630665218113,123468800.0
2019-03-07,163.8600311279297,5.897277355194092,5.426451566393263,169306400.0
2019-03-08,163.6115264892578,5.863871097564697,5.401062728331935,174936800.0
2019-03-11,167.01431274414062,6.23013973236084,5.737359176981642,128468000.0
2019-03-12,167.9319610595703,6.331549167633057,5.831189491725715,151606400.0
2019-03-13,169.1936492919922,6.468751907348633,5.961867944481353,145129600.0
2019-03-14,168.90689086914062,6.440118312835693,5.930785276632987,95443200.0
2019-03-15,170.47447204589844,6.599987030029297,6.09514634811236,138845600.0
2019-03-18,170.8804473876953,6.659640312194824,6.137905702320191,148994400.0
2019-03-19,171.45501708984375,6.726452827453613,6.199028218800488,164380800.0
2019-03-20,172.1348876953125,6.804027557373047,6.271971451003449,183522400.0
2019-03-21,174.82577514648438,7.119106769561768,6.565300808505035,151957600.0
2019-03-22,170.98582458496094,6.653649806976318,6.13184425975399,267601600.0
2019-03-25,170.66026306152344,6.611877918243408,6.096027557323001,210369600.0
2019-03-26,171.45501708984375,6.702581882476807,6.180407497776548,175872000.0
2019-03-27,170.3538055419922,6.571299076080322,6.060524598786073,176810400.0
2019-03-28,170.7464141845703,6.613070964813232,6.101645134893033,128437600.0
2019-03-29,172.03915405273438,6.762255668640137,6.239446586507729,126980000.0
2019-04-01,174.3181915283203,7.028402328491211,6.48660721468888,122364800.0
2019-04-02,174.97891235351562,7.105978012084961,6.559529171622089,106728800.0
2019-04-03,175.98439025878906,7.22890567779541,6.671761552789816,151384000.0
2019-04-04,175.91737365722656,7.218164443969727,6.663278751984736,143620800.0
2019-04-05,176.8270721435547,7.326772212982178,6.765789888073594,104654400.0
2019-04-08,177.27713012695312,7.384057998657227,6.816577578289728,103460000.0
2019-04-09,176.6547088623047,7.302900791168213,6.743898955392417,104121600.0
2019-04-10,177.60275268554688,7.421056270599365,6.851605282971905,99244000.0
2019-04-11,177.1813507080078,7.364962577819824,6.801950431947003,111770400.0
2019-04-12,177.9473876953125,7.455667495727539,6.889296793270669,95228000.0
2019-04-15,177.9761962890625,7.461634635925293,6.891753950353063,83369600.0
2019-04-16,178.58901977539062,7.534438133239746,6.9620556879293325,94287200.0
2019-04-17,179.21142578125,7.609626293182373,7.03394846660121,114422400.0
2019-04-18,179.44125366210938,7.633495807647705,7.06010280412452,91903200.0
2019-04-22,179.9488067626953,7.697943210601807,7.119100836182257,75756800.0
2019-04-23,182.2373962402344,7.990347862243652,7.3898045781544415,104954400.0
2019-04-24,181.662841796875,7.912770271301269,7.318955868030988,95075200.0
2019-04-25,182.40017700195312,8.00108814239502,7.407130369571925,119690400.0
2019-04-26,182.56300354003903,8.029730796813965,7.426011491416023,110516800.0
2019-04-29,182.91729736328125,8.0726957321167,7.468287622428633,83797600.0
2019-04-30,181.5000457763672,7.88770580291748,7.2937301714992335,127595200.0
2019-05-01,180.91590881347656,7.797001361846924,7.222367056205861,125916000.0
2019-05-02,180.1307373046875,7.701523303985596,7.127400440301546,141288800.0
2019-05-03,183.0034637451172,8.064343452453613,7.467484390341608,108889600.0
2019-05-06,181.8831024169922,7.919930458068848,7.329371398179783,161715200.0
2019-05-07,178.3400421142578,7.45924711227417,6.900100031828629,237529600.0
2019-05-08,177.88999938964844,7.393606185913086,6.846972393747739,161237600.0
2019-05-09,176.932373046875,7.276645660400391,6.7355121135926765,220417600.0
2019-05-10,177.15261840820312,7.296934127807617,6.759796196690899,227858400.0
2019-05-13,171.00494384765625,6.542654991149902,6.055174473683741,234920800.0
2019-05-14,172.88180541992188,6.747933387756348,6.253768606630095,140192000.0
2019-05-15,175.3236541748047,7.028402328491211,6.517953614121018,176160000.0
2019-05-16,177.08560180664062,7.248001575469971,6.71362283334236,174026400.0
2019-05-17,175.27577209472656,7.022434711456299,6.506915284257754,182510400.0
2019-05-20,172.31686401367188,6.670357704162598,6.176537398278411,184368800.0
2019-05-21,174.11708068847656,6.87086296081543,6.369321776526697,114487200.0
2019-05-22,173.34149169921875,6.781351089477539,6.283385289612534,128912800.0
2019-05-23,170.68894958496094,6.461497783660889,5.9941218520905135,207680800.0
2019-05-24,170.60275268554688,6.451951026916504,5.984267511278062,137225600.0
2019-05-28,169.96119689941406,6.3827290534973145,5.91598347996825,116903200.0
2019-05-29,168.56309509277344,6.222803115844727,5.769225462758205,177921600.0
2019-05-30,169.27174377441406,6.296799182891846,5.841243564688587,136428000.0
2019-05-31,166.5713653564453,5.993655204772949,5.560935278767762,140600800.0
2019-06-03,162.90379333496094,5.6105475425720215,5.192895424867952,241812800.0
2019-06-04,167.49063110351562,6.065263271331787,5.630870273474215,163869600.0
2019-06-05,168.7355194091797,6.1989336013793945,5.755699547117234,152316800.0
2019-06-06,170.0761260986328,6.342150688171387,5.892144358818004,100302400.0
2019-06-07,173.36062622070312,6.703774452209473,6.232750395775024,151548000.0
2019-06-10,175.381103515625,6.94843864440918,6.449869971160743,183272000.0
2019-06-11,175.6205291748047,6.974694728851318,6.475453394828003,137447200.0
2019-06-12,174.60548400878906,6.856541156768799,6.362338168251808,110176000.0
2019-06-13,175.63963317871094,6.968727111816406,6.474565419185707,98559200.0
2019-06-14,174.89276123046875,6.87802267074585,6.391134747021704,77144800.0
2019-06-17,175.9460906982422,7.003337860107422,6.505786143754761,75050400.0
2019-06-18,178.50282287597656,7.30648136138916,6.78856011515902,141829600.0
2019-06-19,179.17315673828125,7.392413139343262,6.8641637558275495,136979200.0
2019-06-20,180.8393402099609,7.5953049659729,7.054773736188512,119355200.0
2019-06-21,180.5712127685547,7.560693264007568,7.022483556306803,104646400.0
2019-06-24,180.5769500732422,7.558308124542236,7.022246902684092,68938400.0
2019-06-25,177.47711181640625,7.171619892120361,6.659702892128394,139623200.0
2019-06-26,178.30250549316406,7.262322902679443,6.751760605042416,94115200.0
2019-06-27,178.98387145996094,7.341093063354492,6.828293123476097,75270400.0
2019-06-28,179.2141876220703,7.37212324142456,6.8537720564285,98932800.0
2019-07-01,181.6326141357422,7.665719509124756,7.130354843056408,144820800.0
2019-07-02,182.35240173339844,7.758810520172119,7.214205038613299,81248800.0
2019-07-03,183.7247772216797,7.930671691894531,7.37615556173467,67127200.0
2019-07-05,183.3505401611328,7.87935209274292,7.330129455107728,116844800.0
2019-07-08,182.06451416015625,7.713458061218262,7.174942510363691,105787200.0
2019-07-09,182.9762420654297,7.829227447509766,7.281807094020445,88595200.0
2019-07-10,184.7996368408203,8.060760498046875,7.498561588453211,154109600.0
2019-07-11,184.665283203125,8.039278984069824,7.481239247475989,127849600.0
2019-07-12,185.7305450439453,8.174141883850098,7.609743063216998,89192800.0
2019-07-15,186.32557678222656,8.243363380432129,7.681900100516969,73394400.0
2019-07-16,185.3658905029297,8.126402854919434,7.56221008456548,111992000.0
2019-07-17,184.4541473388672,8.00586223602295,7.449647653286735,92508000.0
2019-07-18,184.665283203125,8.040473937988281,7.474268278586477,135568000.0
2019-07-19,183.31211853027344,7.845935821533203,7.308997236265775,140779200.0
2019-07-22,184.77084350585935,8.030925750732422,7.482540523488107,95506400.0
2019-07-23,185.9800720214844,8.186078071594238,7.628483076646423,116049600.0
2019-07-24,187.28526306152344,8.36032485961914,7.788106837662909,109244800.0
2019-07-25,185.50979614257807,8.121630668640137,7.565607940458852,150075200.0
2019-07-26,187.41961669921875,8.362710952758789,7.798295295042818,111478400.0
2019-07-29,186.77659606933597,8.285135269165039,7.717023322402793,113275200.0
2019-07-30,185.97048950195312,8.174141883850098,7.616110294662181,111504000.0
2019-07-31,183.39849853515625,7.829227447509766,7.299132911797918,196340800.0
2019-08-01,182.48678588867188,7.719425678253174,7.189334596278576,298384800.0
2019-08-02,179.79962158203125,7.366157054901123,6.870812699892998,246920000.0
2019-08-05,173.44639587402344,6.592781066894531,6.141585039517615,302484800.0
2019-08-06,175.87445068359375,6.863701820373535,6.398718546053585,213540800.0
2019-08-07,176.82455444335938,6.963953495025635,6.501593896517974,307908800.0
2019-08-08,180.67291259765625,7.424636363983154,6.925251463076302,219056000.0
2019-08-09,178.9742889404297,7.205036163330078,6.729031585656283,221366400.0
2019-08-12,176.92050170898438,6.963953495025635,6.4965100433563245,213311200.0
2019-08-13,180.79769897460935,7.421056270599365,6.922783214309974,239259200.0
2019-08-14,175.39459228515625,6.756288051605225,6.301231655287799,304930400.0
2019-08-15,175.1930694580078,6.727644443511963,6.278698932372753,208939200.0
2019-08-16,178.00497436523438,7.037950038909912,6.580214252750639,164405600.0
2019-08-19,180.83604431152344,7.367350101470947,6.893329207273113,120044000.0
2019-08-20,179.4348907470703,7.215778350830078,6.732207190302069,125264000.0
2019-08-21,181.02801513671875,7.399574279785156,6.910655632728532,101481600.0
2019-08-22,180.44261169433597,7.327964305877685,6.842721561748869,152629600.0
2019-08-23,174.73240661621094,6.657229423522949,6.192213730569864,302350400.0
2019-08-26,177.37155151367188,6.926957130432129,6.471994986249562,146585600.0
2019-08-27,176.9972381591797,6.885183811187744,6.430185749626128,154579200.0
2019-08-28,177.63067626953125,6.954405784606934,6.498393224830004,127824800.0
2019-08-29,180.34664916992188,7.27067756652832,6.795636092608446,141523200.0
2019-08-30,179.914794921875,7.219358444213867,6.745941271924835,136103200.0
2019-09-03,178.16807556152344,7.009305477142334,6.54859014266326,128785600.0
2019-09-04,180.74012756347656,7.304095268249512,6.831353541750802,100464800.0
2019-09-05,184.05108642578125,7.707491397857666,7.205900651126592,126744000.0
2019-09-06,183.8687438964844,7.686009407043457,7.18355393180244,115038400.0
2019-09-09,183.48483276367188,7.637075424194336,7.137630134867141,112312800.0
2019-09-10,182.9570159912109,7.573821067810059,7.07511242461299,136765600.0
2019-09-11,184.6748809814453,7.77790641784668,7.273493757442279,111400800.0
2019-09-12,185.442626953125,7.874578475952148,7.3632692837294,139931200.0
2019-09-13,184.78042602539065,7.791036605834961,7.283438330856864,107610400.0
2019-09-16,183.95513916015625,7.683621406555176,7.184908327186327,97124000.0
2019-09-17,184.83804321289065,7.785068511962891,7.287434573727826,90796000.0
2019-09-18,184.76123046875,7.7802958488464355,7.277409088479978,142063200.0
2019-09-19,185.0683441162109,7.814905166625977,7.312760112080634,132770400.0
2019-09-20,183.1105194091797,7.5690484046936035,7.079733138998705,123512800.0
2019-09-23,183.19134521484372,7.576207637786865,7.088194799200261,89409600.0
2019-09-24,180.7583923339844,7.276645660400391,6.804866664677985,203765600.0
2019-09-25,182.78746032714844,7.509374141693115,7.033148810760329,152304000.0
2019-09-26,182.1143493652344,7.434185028076172,6.9545431373614655,136214400.0
2019-09-27,179.85446166992188,7.164457321166992,6.694745573029177,188492000.0
2019-09-30,181.56614685058597,7.355414867401123,6.885024653387234,117103200.0
2019-10-01,180.08531188964844,7.177586555480957,6.715675681687467,158454400.0
2019-10-02,176.98880004882812,6.809995651245117,6.368387268032977,270824000.0
2019-10-03,178.9313201904297,7.034368515014648,6.577252124817552,240521600.0
2019-10-04,181.56614685058597,7.330351829528809,6.866960593148345,168977600.0
2019-10-07,181.0180511474609,7.262322902679443,6.803886520982639,162530400.0
2019-10-08,178.3062286376953,6.931729793548584,6.497222625823605,235405600.0
2019-10-09,180.0467987060547,7.141782283782959,6.686655975518755,152269600.0
2019-10-10,181.441162109375,7.298128604888916,6.84114668761262,176239200.0
2019-10-11,183.7779693603516,7.571435928344727,7.10458843671964,222509600.0
2019-10-14,183.7586975097656,7.579788208007812,7.10143674714607,91493600.0
2019-10-15,186.095458984375,7.867418766021728,7.371436094467011,140721600.0
2019-10-16,185.6339111328125,7.808937072753906,7.315637859693562,117193600.0
2019-10-17,186.1243133544922,7.862643241882324,7.372672718343872,121839200.0
2019-10-18,184.3357086181641,7.637075424194336,7.159173283017535,154444000.0
2019-10-21,185.9704742431641,7.838773727416992,7.348721182319047,94176000.0
2019-10-22,184.4895782470703,7.657365798950195,7.172217905591405,125023200.0
2019-10-23,184.84532165527344,7.693169593811035,7.212782203870564,96905600.0
2019-10-24,186.64361572265625,7.913962364196777,7.422363360499144,122484800.0
2019-10-25,188.1341552734375,8.0941801071167,7.599231152119171,129177600.0
2019-10-28,189.9901123046875,8.341228485107422,7.823151602051018,111596000.0
2019-10-29,188.518798828125,8.149078369140625,7.640391099666116,107028000.0
2019-10-30,189.4323272705078,8.263651847839355,7.750477260137092,118984800.0
2019-10-31,189.51889038085935,8.269620895385742,7.7601022920743965,123296000.0
2019-11-01,191.2402191162109,8.49399185180664,7.970547357223404,115052800.0
2019-11-04,192.42308044433597,8.645566940307617,8.117417586966582,99926400.0
2019-11-05,192.52883911132807,8.656309127807617,8.129754658920776,103229600.0
2019-11-06,192.09608459472656,8.601407051086426,8.07388507696705,115329600.0
2019-11-07,192.7403564453125,8.688531875610352,8.154080504387922,125719200.0
2019-11-08,193.5096740722656,8.791171073913574,8.250668813913288,81607200.0
2019-11-11,193.2500762939453,8.754172325134277,8.216398924821274,76092800.0
2019-11-12,193.8077392578125,8.825780868530273,8.28646919847106,128692000.0
2019-11-13,193.85585021972656,8.812652587890625,8.291571205020109,111758400.0
2019-11-14,193.70199584960935,8.810266494750977,8.270759534441735,106651200.0
2019-11-15,195.1252593994141,8.976161003112793,8.452005553961955,90586400.0
2019-11-18,195.27911376953125,9.022705078125,8.47090806001514,96696000.0
2019-11-19,195.5675811767578,9.05970287322998,8.507354974009123,112120000.0
2019-11-20,194.3944091796875,8.900972366333008,8.353155447818324,150380000.0
2019-11-21,193.96165466308597,8.83174991607666,8.296291165111437,90659200.0
2019-11-22,194.086669921875,8.855620384216309,8.31126256224158,83668000.0
2019-11-25,196.38499450683597,9.16234302520752,8.605449775352756,80078400.0
2019-11-26,196.75994873046875,9.217244148254396,8.653630188020191,83690400.0
2019-11-27,198.1351318359375,9.403424263000488,8.833958043368805,81556800.0
2019-11-29,197.231201171875,9.27811050415039,8.71191163948241,53796000.0
2019-12-02,195.21180725097656,8.979741096496582,8.443191317167615,151815200.0
2019-12-03,193.68280029296875,8.77804183959961,8.243706740279976,156052000.0
2019-12-04,194.6636657714844,8.908132553100586,8.367888663134156,87659200.0
2019-12-05,195.0482940673828,8.95467758178711,8.416410397411987,89080800.0
2019-12-06,197.1350860595703,9.23156452178955,8.685462202310989,92941600.0
2019-12-09,196.24069213867188,9.118186950683594,8.566124842139306,77928800.0
2019-12-10,196.07720947265625,9.097896575927734,8.543611050515374,112048000.0
2019-12-11,197.1157684326172,9.235143661499023,8.678267181360647,90596000.0
2019-12-12,198.5870819091797,9.446392059326172,8.871476747072277,183164000.0
2019-12-13,199.24107360839844,9.531129837036133,8.957979435252264,160996000.0
2019-12-16,201.2411956787109,9.804436683654783,9.226603188104148,99388000.0
2019-12-17,201.3566131591797,9.817564010620115,9.241287932526022,84548800.0
2019-12-18,201.51048278808597,9.840239524841309,9.26128123362593,71408000.0
2019-12-19,202.77020263671875,10.040745735168455,9.433773892095228,83384800.0
2019-12-20,203.5876007080078,10.160091400146484,9.546643767169083,99548000.0
2019-12-23,204.1253662109375,10.23528003692627,9.62106288259803,72427200.0
2019-12-24,204.2313995361328,10.248533248901367,9.634814626210096,39898400.0
2019-12-26,206.03355407714844,10.514776229858398,9.888626727430855,64258400.0
2019-12-27,205.86004638671875,10.483735084533691,9.862368288103356,99750400.0
2019-12-30,204.5108795166016,10.274800300598145,9.667187703953088,112905600.0
2019-12-31,204.89634704589844,10.333300590515137,9.720603371441626,84380000.0
2020-01-02,208.31756591796875,10.845489501953123,10.206273164779123,131072000.0
2020-01-03,206.40940856933597,10.550592422485352,9.924492616363285,145180000.0
2020-01-06,207.7393341064453,10.751172065734863,10.11504697584785,128095200.0
2020-01-07,207.7104034423828,10.738038063049316,10.109515952344806,107699200.0
2020-01-08,209.2716217041016,10.985177040100098,10.336170765502322,159164800.0
2020-01-09,211.0448760986328,11.262165069580078,10.597586547435556,145423200.0
2020-01-10,210.5051727294922,11.170232772827148,10.514915891560296,137604000.0
2020-01-13,212.93377685546875,11.560643196105955,10.877491916285695,116558400.0
2020-01-14,212.09532165527344,11.425731658935549,10.747593782795994,145737600.0
2020-01-15,212.18206787109372,11.432894706726074,10.759394322855822,133003200.0
2020-01-16,214.21551513671875,11.751669883728027,11.067344190116886,121100800.0
2020-01-17,215.27561950683597,11.92717456817627,11.230225682281777,144402400.0
2020-01-21,215.17921447753903,11.92120361328125,11.213689367248472,138882400.0
2020-01-22,215.7478179931641,12.002387046813965,11.301137932612267,136148800.0
2020-01-23,216.4416656494141,12.11342430114746,11.408713673644394,143588800.0
2020-01-24,214.6202392578125,11.799423217773438,11.119217726177297,239374400.0
2020-01-27,210.18716430664065,11.0699462890625,10.42876621701508,198626400.0
2020-01-28,213.4156494140625,11.584521293640137,10.907979786406765,171862400.0
2020-01-29,213.76254272460935,11.62630844116211,10.959763096459248,137877600.0
2020-01-30,214.52389526367188,11.757637977600098,11.07545439956593,200249600.0
2020-01-31,211.1219482421875,11.17978286743164,10.547117595599456,220384000.0
2020-02-03,214.3118896484375,11.693167686462402,11.02384099047648,173688000.0
2020-02-04,219.2172088623047,12.49189281463623,11.77938267095035,140248800.0
2020-02-05,219.93995666503903,12.636356353759766,11.894370957365398,174612000.0
2020-02-06,221.83853149414065,12.944382667541504,12.200861610374004,113132800.0
2020-02-07,220.8844451904297,12.777235984802246,12.041866555173904,154052000.0
2020-02-10,223.55393981933597,13.238088607788086,12.476908155491572,123248800.0
2020-02-11,223.59251403808597,13.247638702392578,12.48175707052817,193770400.0
2020-02-12,225.77052307128903,13.635660171508787,12.844900132052391,121608000.0
2020-02-13,225.48138427734372,13.583126068115234,12.793892450514514,155282400.0
2020-02-14,226.1270904541016,13.67505931854248,12.902154581000088,113969600.0
2020-02-18,226.2137756347656,13.698938369750977,12.91532797548807,130167200.0
2020-02-19,228.3822021484375,14.09531593322754,13.285070597927454,105627200.0
2020-02-20,226.261962890625,13.694162368774414,12.913351453218665,227657600.0
2020-02-21,221.9156036376953,12.910958290100098,12.167511726668408,207107200.0
2020-02-24,213.35780334472656,11.423343658447266,10.758283297946022,269674400.0
2020-02-25,207.5562438964844,10.499256134033203,9.879287534998356,300793600.0
2020-02-26,208.6259307861328,10.643719673156738,10.030758185400371,335736000.0
2020-02-27,198.17926025390625,9.052233695983888,8.522632752508258,425116000.0
2020-02-28,198.33343505859372,9.193116188049316,8.54142388130567,494222400.0
2020-03-02,208.56808471679688,10.447916030883787,9.862617551252194,363518400.0
2020-03-03,201.87991333007807,9.464133262634276,8.912548777692512,548126400.0
2020-03-04,210.3028106689453,10.612678527832031,10.026955395459243,315827200.0
2020-03-05,203.913330078125,9.681426048278809,9.111736186891346,386972000.0
2020-03-06,200.47283935546875,9.174012184143066,8.649352248090219,393519200.0
2020-03-09,186.54718017578125,7.310318470001221,6.845778711585378,406964800.0
2020-03-10,196.7047271728516,8.448114395141602,7.963159269691672,456252800.0
2020-03-11,188.1372833251953,7.361656665802002,6.921629376997699,430928000.0
2020-03-12,170.88668823242188,5.343946933746338,5.0167720238023605,618225600.0
2020-03-13,185.3617401123047,6.786191463470459,6.290970152040606,556290400.0
2020-03-16,163.1576690673828,4.447319507598877,4.029414484261063,658290400.0
2020-03-17,175.5318145751953,5.172023296356201,4.94568684546622,762020800.0
2020-03-18,170.1928253173828,4.693265438079834,4.493763577862508,848999200.0
2020-03-19,171.21437072753906,4.801910877227783,4.574102313328678,804808800.0
2020-03-20,164.50686645507812,4.239578723907471,4.03592626374428,782255200.0
2020-03-23,164.62570190429688,4.252711772918701,4.044151895971555,820073600.0
2020-03-24,177.3738555908203,5.200677394866943,4.98313354329332,829824000.0
2020-03-25,176.06044006347656,5.08009147644043,4.871793506358984,834874400.0
2020-03-26,185.33181762695312,5.907472610473633,5.640813780149786,649240000.0
2020-03-27,178.9577178955078,5.293801784515381,5.058074080156552,557143200.0
2020-03-30,185.46702575683597,5.850164413452148,5.609360160313056,416621600.0
2020-03-31,183.88314819335935,5.687793254852295,5.464925624005048,731904000.0
2020-04-01,176.07008361816406,4.982191562652588,4.767618102768746,535589600.0
2020-04-02,179.64341735839844,5.277087688446045,5.057278720006493,467531200.0
2020-04-03,177.0937957763672,5.064571380615234,4.841297217128335,554484000.0
2020-04-06,189.75506591796875,6.124764442443848,5.87905406777592,518616800.0
2020-04-07,189.67784118652344,6.112825870513916,5.8711177536538885,658009600.0
2020-04-08,193.70509338378903,6.503234386444092,6.244328125918532,518180000.0
2020-04-09,193.98516845703125,6.527112483978272,6.270608211213707,553297600.0
2020-04-13,196.08087158203125,6.753956317901611,6.473031216126776,426961600.0
2020-04-14,204.6086578369141,7.630287170410156,7.316755151074035,490049600.0
2020-04-15,202.26177978515625,7.37717866897583,7.064039811708989,431688000.0
2020-04-16,205.95111083984372,7.77236270904541,7.449680660134064,562920000.0
2020-04-17,207.92124938964844,7.966970443725586,7.66251155718357,463564800.0
2020-04-20,205.45852661132807,7.709085464477539,7.389247146518711,386998400.0
2020-04-21,197.877197265625,6.856632232666016,6.570313877843899,519489600.0
2020-04-22,203.74913024902344,7.46314001083374,7.154381121325612,274185600.0
2020-04-23,203.3145294189453,7.414188385009766,7.10767677319035,424868000.0
2020-04-24,206.52088928222656,7.77236270904541,7.443033349341699,317981600.0
2020-04-27,208.1820526123047,7.923988819122314,7.621678532934529,304741600.0
2020-04-28,204.2610015869141,7.495375633239746,7.190038611715117,386247200.0
2020-04-29,211.50425720214844,8.274998664855957,7.954004218762703,346104000.0
2020-04-30,211.4173583984375,8.329917907714844,7.94317403856185,380544800.0
2020-05-01,205.45852661132807,7.582529544830322,7.270510359442643,346245600.0
2020-05-04,207.8536529541016,7.849966049194336,7.523839568613891,200756000.0
2020-05-05,210.21011352539065,8.100687980651855,7.7787647348487745,288714400.0
2020-05-06,211.50425720214844,8.260671615600586,7.9214293714893085,311880800.0
2020-05-07,214.2277374267578,8.583028793334961,8.226413344968686,289489600.0
2020-05-08,217.1637115478516,8.9292631149292,8.563579007911251,262202400.0
2020-05-11,219.1049346923828,9.15132999420166,8.792123257322455,269384000.0
2020-05-12,214.51747131347656,8.60690689086914,8.238739227708006,339363200.0
2020-05-13,211.8326110839844,8.280970573425293,7.928332755514888,491119200.0
2020-05-14,214.2373962402344,8.55556869506836,8.19732404191391,402999200.0
2020-05-15,215.62811279296875,8.702418327331543,8.355904589149642,357806400.0
2020-05-18,219.6457672119141,9.20625114440918,8.821896467348617,296474400.0
2020-05-19,219.09521484375,9.135807037353516,8.754420792072494,261430400.0
2020-05-20,223.4701995849609,9.670681953430176,9.27772709858614,285416000.0
2020-05-21,221.0364532470703,9.373397827148438,8.973407341298076,322693600.0
2020-05-22,221.7994384765625,9.45816421508789,9.06517423932098,209664800.0
2020-05-26,221.2006072998047,9.4187650680542,8.990580099396603,245202400.0
2020-05-27,222.40786743164065,9.551289558410645,9.136625469196506,347291200.0
2020-05-28,222.1181182861328,9.490400314331056,9.099737558169013,303992800.0
2020-05-29,225.37277221679688,9.882003784179688,9.498573618129637,358492800.0
2020-06-01,226.0487823486328,10.003783226013184,9.582821608589509,209881600.0
2020-06-02,227.5650787353516,10.203164100646973,9.774425007392916,250714400.0
2020-06-03,228.5887908935547,10.341660499572754,9.905076049203446,215033600.0
2020-06-04,226.98562622070312,10.13153076171875,9.695395922094704,266408800.0
2020-06-05,231.4861297607422,10.73206901550293,10.270844507876518,281394400.0
2020-06-08,233.28244018554688,10.970850944519045,10.508621716574496,218544800.0
2020-06-09,234.97262573242188,11.215600967407228,10.735678134859132,213179200.0
2020-06-10,237.7926025390625,11.620339393615724,11.12081929102568,302911200.0
2020-06-11,226.01019287109372,9.909463882446287,9.466304704583091,383332000.0
2020-06-12,227.8065490722656,10.12436580657959,9.69080136012803,411876800.0
2020-06-15,230.5782623291016,10.481348037719728,10.043273854338938,398184800.0
2020-06-16,234.5379638671875,11.035322189331056,10.559395032489892,383217600.0
2020-06-17,235.28163146972656,11.142775535583496,10.658477136856112,258858400.0
2020-06-18,235.9189910888672,11.228734016418455,10.743720948106484,212785600.0
2020-06-19,235.88034057617188,11.213212966918944,10.737054389084488,289950400.0
2020-06-22,238.7091827392578,11.611980438232422,11.12196792539795,220133600.0
2020-06-23,240.74090576171875,11.915233612060549,11.40451985891154,234898400.0
2020-06-24,235.7778167724609,11.213212966918944,10.697705346002753,392821600.0
2020-06-25,238.02230834960935,11.510499000549316,11.001836193313858,301703200.0
2020-06-26,232.4014129638672,10.683119773864746,10.220991863562686,375940800.0
2020-06-29,234.9361572265625,11.024574279785156,10.554106593761178,259609600.0
2020-06-30,239.5412139892578,11.658543586730955,11.173367904641117,251388800.0
2020-07-01,242.337158203125,12.07521915435791,11.563175663764005,252137600.0
2020-07-02,243.9818572998047,12.331910133361816,11.797115434484596,228152000.0
2020-07-06,249.98008728027344,13.238088607788086,12.665680354168543,211984000.0
2020-07-07,248.25799560546875,12.97781467437744,12.402287843219716,246099200.0
2020-07-08,251.5279693603516,13.476869583129885,12.890764448694048,239931200.0
2020-07-09,253.64663696289065,13.813551902770996,13.214845331812375,317596000.0
2020-07-10,255.3785095214844,14.106060981750488,13.483829091893549,242789600.0
2020-07-13,250.1251678466797,13.23450756072998,12.649969744946,374584800.0
2020-07-14,251.8956451416016,13.515076637268066,12.91696098113887,459751200.0
2020-07-15,252.40835571289065,13.58193302154541,12.994168333670682,367544000.0
2020-07-16,250.6863250732422,13.290620803833008,12.726537620645011,299972000.0
2020-07-17,250.9765167236328,13.352702140808104,12.769091946972669,231003200.0
2020-07-20,258.096923828125,14.489306449890137,13.854252945306971,251621600.0
2020-07-21,255.4073638916016,14.026071548461914,13.419350945667468,294313600.0
2020-07-22,256.30718994140625,14.18844223022461,13.559452802398017,227788800.0
2020-07-23,249.6123809814453,13.076910972595217,12.4951743168276,336648800.0
2020-07-24,247.2421722412109,12.690081596374512,12.13761626376787,357218400.0
2020-07-27,251.65377807617188,13.37180519104004,12.785774135225276,267624000.0
2020-07-28,248.45147705078125,12.869169235229492,12.29602658280896,238702400.0
2020-07-29,251.31509399414065,13.307334899902344,12.719607008869536,194280800.0
2020-07-30,252.63079833984372,13.523431777954102,12.917737972601383,302200000.0
2020-07-31,257.1391906738281,14.252911567687988,13.607652471363313,359815200.0
2020-08-03,260.6123352050781,14.784204483032228,14.157287035933756,217868000.0
2020-08-04,261.5797424316406,14.976423263549805,14.313118350310644,211008000.0
2020-08-05,262.2279357910156,15.095813751220703,14.417675208575776,162381600.0
2020-08-06,265.7012023925781,15.673665046691896,14.988710883068636,192064000.0
2020-08-07,262.6342163085937,15.161477088928224,14.467733480209096,296708000.0
2020-08-10,261.51202392578125,14.957319259643556,14.280412206135749,254311200.0
2020-08-11,256.5586853027344,14.108449935913086,13.46710745250582,310273600.0
2020-08-12,263.0116271972656,15.163866996765137,14.481540514698032,221247200.0
2020-08-13,263.6114196777344,15.270122528076172,14.57874667057583,234281600.0
2020-08-14,263.3017883300781,15.225948333740234,14.525494251746675,199737600.0
2020-08-17,266.35906982421875,15.72858715057373,15.029600706099002,126664800.0
2020-08-18,268.9227600097656,16.190631866455078,15.461638642260928,149313600.0
2020-08-19,267.1136169433594,15.874248504638672,15.14759528290019,205847200.0
2020-08-20,270.8189392089844,16.527313232421875,15.776010044854845,152774400.0
2020-08-21,272.6957702636719,16.872356414794922,16.10196764631544,164280000.0
2020-08-24,274.3985290527344,17.185155868530273,16.401520468995017,251384000.0
2020-08-25,276.555908203125,17.586313247680664,16.786261013475595,172556800.0
2020-08-26,282.4573669433594,18.7121696472168,17.858707209695723,219663200.0
2020-08-27,281.5770263671875,18.542634963989254,17.689421323329533,302602400.0
2020-08-28,283.0088195800781,18.829174041748047,17.956986286063316,198145600.0
2020-08-31,285.28240966796875,19.264951705932617,18.38744922080473,180398400.0
2020-09-01,290.15838623046875,20.26544761657715,19.32789813325908,193147200.0
2020-09-02,292.90582275390625,20.83733367919922,19.87443744061541,289369600.0
2020-09-03,278.0555114746094,17.63764762878418,16.84897416869155,443024800.0
2020-09-04,274.3502197265625,16.910554885864258,16.173225862434734,561480800.0
2020-09-08,261.1637878417969,14.520349502563477,13.839078302383005,426824800.0
2020-09-09,268.8357238769531,15.767983436584473,15.0569012837245,290352000.0
2020-09-10,263.4759826660156,14.85583782196045,14.154396491887615,465936800.0
2020-09-11,261.6475524902344,14.53109073638916,13.85789078696915,385797600.0
2020-09-14,266.2042541503906,15.279675483703612,14.58012576837213,269032800.0
2020-09-15,269.9772644042969,15.92916202545166,15.198193024686818,300889600.0
2020-09-16,265.67205810546875,15.163866996765137,14.469155879338071,306141600.0
2020-09-17,261.5217590332031,14.465428352355955,13.78918250065406,446844800.0
2020-09-18,258.18408203125,13.906678199768066,13.259449235297785,463042400.0
2020-09-21,258.80322265625,14.071436882019045,13.353129337769946,375314400.0
2020-09-22,263.6114196777344,14.840316772460938,14.095653179483056,315066400.0
2020-09-23,255.562255859375,13.46612548828125,12.8026360957772,405507200.0
2020-09-24,256.75225830078125,13.66312026977539,12.979827254400142,375036000.0
2020-09-25,262.72137451171875,14.62063694000244,13.883438874923902,324478400.0
2020-09-28,268.1778869628906,15.48741626739502,14.746691357249745,273331200.0
2020-09-29,266.96856689453125,15.325043678283691,14.545292782251844,221805600.0
2020-09-30,268.7969970703125,15.628299713134766,14.842272162888436,338768000.0
2020-10-01,273.0634460449219,16.360166549682617,15.547103932184882,278676000.0
2020-10-02,265.38189697265625,15.011045455932615,14.23303110604143,399553600.0
2020-10-05,271.0414428710937,15.957819938659668,15.141797503828952,210790400.0
2020-10-06,266.2042541503906,15.100590705871582,14.32915168235472,345648800.0
2020-10-07,270.80926513671875,15.894542694091797,15.07093383035941,225088800.0
2020-10-08,272.25079345703125,16.128541946411133,15.30965891078279,197893600.0
2020-10-09,276.4107971191406,16.846088409423828,16.0094803897826,195271200.0
2020-10-12,284.94384765625,18.41727066040039,17.490096152263014,294116800.0
2020-10-13,284.9339904785156,18.419662475585938,17.486024477271123,283861600.0
2020-10-14,282.5542297363281,17.964778900146484,17.04564008716289,296589600.0
2020-10-15,280.6579284667969,17.59347152709961,16.7002465609462,249076800.0
2020-10-16,279.1197204589844,17.32364845275879,16.423503704438527,228096800.0
2020-10-19,274.56298828125,16.46284294128418,15.617025535780035,277555200.0
2020-10-20,275.1531677246094,16.569103240966797,15.715718111987156,274710400.0
2020-10-21,274.9403381347656,16.526119232177734,15.67722240431501,242572800.0
2020-10-22,274.9306640625,16.534475326538086,15.673544889876815,239163200.0
2020-10-23,275.472412109375,16.631187438964844,15.764176387012435,191088000.0
2020-10-26,271.3413391113281,15.873048782348633,15.052928517642124,317113600.0
2020-10-27,273.4601135253906,16.24793815612793,15.40360971229747,223860000.0
2020-10-28,262.798828125,14.341261863708496,13.60001834558741,369440000.0
2020-10-29,267.39422607421875,15.070741653442385,14.311708610475833,276374400.0
2020-10-30,260.6123352050781,14.022485733032228,13.220903174595897,461622400.0
2020-11-02,261.19287109375,14.027262687683104,13.30754945140506,302272000.0
2020-11-03,265.7107849121094,14.732864379882812,13.996383859518271,269938400.0
2020-11-04,277.57177734375,16.724306106567383,15.868920535274318,338375200.0
2020-11-05,284.80841064453125,18.014928817749023,17.10803923379486,300264800.0
2020-11-06,285.0212097167969,18.07581329345703,17.144179596931156,270302400.0
2020-11-09,279.197021484375,16.972640991210938,16.09098348065678,331731200.0
2020-11-10,274.19537353515625,16.056915283203125,15.224126356758076,337333600.0
2020-11-11,280.3290710449219,17.136211395263672,16.243844452387133,253661600.0
2020-11-12,279.01324462890625,16.88548469543457,16.01300952359357,286687200.0
2020-11-13,281.4608764648437,17.32842445373535,16.432363883694514,209495200.0
2020-11-16,283.6571350097656,17.72719383239746,16.814912392851276,213748800.0
2020-11-17,282.7572631835937,17.563629150390625,16.65271243878732,182704000.0
2020-11-18,280.6676330566406,17.1564998626709,16.281363760716033,154341600.0
2020-11-19,282.8637084960937,17.5815372467041,16.661442281442863,159341600.0
2020-11-20,280.92877197265625,17.224557876586914,16.31737356193321,129993600.0
2020-11-23,280.9385986328125,17.22814178466797,16.31698062136624,179060800.0
2020-11-24,284.8857727050781,17.93255043029785,17.002633852594137,156015200.0
2020-11-25,286.6368408203125,18.270421981811523,17.313963433683956,128677600.0
2020-11-27,289.2779846191406,18.76947784423828,17.79033522395637,92927200.0
2020-11-30,289.8680419921875,18.86618423461914,17.89690392765577,184622400.0
2020-12-01,293.58306884765625,19.607606887817383,18.5827095079276,169989600.0
2020-12-02,293.9604187011719,19.6864013671875,18.651966491736214,146129600.0
2020-12-03,294.3764953613281,19.76639747619629,18.72876098744867,157461600.0
2020-12-04,295.5761108398437,20.008758544921875,18.95530969696892,127088000.0
2020-12-07,297.2497863769531,20.347824096679688,19.274862777425767,124028000.0
2020-12-08,298.25592041015625,20.534080505371094,19.468101201784023,133925600.0
2020-12-09,291.5030517578125,19.158695220947266,18.143246579113043,244878400.0
2020-12-10,292.6736145019531,19.393898010253903,18.359474401184624,173346400.0
2020-12-11,292.0255126953125,19.257789611816406,18.23513901802046,169819200.0
2020-12-14,294.1442565917969,19.668493270874023,18.62969265386424,146684800.0
2020-12-15,297.2885437011719,20.27977561950684,19.224721469516588,157417600.0
2020-12-16,298.9234619140625,20.620040893554688,19.53941628267565,137590400.0
2020-12-17,300.8777160644531,21.042688369750977,19.920120374521854,139275200.0
2020-12-18,299.9682312011719,20.813457489013672,19.73690833523535,168756000.0
2020-12-21,299.4071044921875,20.735849380493164,19.623601112088156,203596800.0
2020-12-22,300.2213134765625,20.899415969848636,19.781162820083924,160330400.0
2020-12-23,298.7093811035156,20.5842227935791,19.479753346679484,119434400.0
2020-12-24,300.0273742675781,20.851661682128903,19.735091203849155,77065600.0
2020-12-28,303.0513000488281,21.477266311645508,20.32926507008477,117052800.0
2020-12-29,303.3226928710937,21.54054450988769,20.38125887533609,121142400.0
2020-12-30,303.3324584960937,21.536964416503903,20.38059786656269,104807200.0
2020-12-31,304.07861328125,21.705305099487305,20.528368520994203,106708000.0
2021-01-04,299.7850952148437,20.756147384643555,19.65615286015351,197472000.0
2021-01-05,302.2566223144531,21.27669334411621,20.13977225104549,118712800.0
2021-01-06,298.069580078125,20.396774291992188,19.30020878721187,210730400.0
2021-01-07,305.2805480957031,21.870065689086918,20.69846400489764,123695200.0
2021-01-08,309.2057189941406,22.71774101257324,21.494190358887163,152815200.0
2021-01-11,304.7377624511719,21.713661193847656,20.55965783873617,140325600.0
2021-01-12,304.25323486328125,21.61934471130371,20.45893679493887,146031200.0
2021-01-13,306.307861328125,22.03960227966309,20.8707756920035,108750400.0
2021-01-14,304.669921875,21.704111099243164,20.53327210462161,118236000.0
2021-01-15,302.2566223144531,21.17640686035156,20.04268894218985,141692000.0
2021-01-19,306.6664428710937,22.09452247619629,20.917350954126974,120967200.0
2021-01-20,313.79986572265625,23.63466453552246,22.3743389247494,121736000.0
2021-01-21,316.3100891113281,24.22207260131836,22.908398803235663,92168400.0
2021-01-22,315.3990173339844,24.00239372253418,22.70749317703733,81878800.0
2021-01-25,318.0061340332031,24.668596267700195,23.267670040889744,153170400.0
2021-01-26,318.47137451171875,24.69485855102539,23.366789332880973,90968800.0
2021-01-27,309.59344482421875,22.703414916992188,21.4096079334032,188900800.0
2021-01-28,311.4252624511719,23.0377140045166,21.78687793818765,90021600.0
2021-01-29,304.8734741210937,21.60263061523437,20.40900504442782,184278400.0
2021-02-01,312.49139404296875,23.19053268432617,21.936260651932034,105659600.0
2021-02-02,317.5893859863281,24.31281280517578,23.00703647936182,92746400.0
2021-02-03,316.3294677734375,24.03343391418457,22.730252464537497,95172000.0
2021-02-04,320.070556640625,24.88349723815918,23.533781799760533,72808800.0
2021-02-05,321.1560363769531,25.143775939941406,23.770181239861117,86615200.0
2021-02-08,323.3077087402344,25.635665893554688,24.244878858394824,76994800.0
2021-02-09,323.23992919921875,25.62371826171875,24.226502431582908,65768800.0
2021-02-10,322.5033264160156,25.442249298095703,24.057753882271243,123548000.0
2021-02-11,324.2768859863281,25.85295295715332,24.451556211002423,98860000.0
2021-02-12,326.0893859863281,26.292312622070312,24.85840709642302,77471600.0
2021-02-16,325.2074279785156,26.07263565063477,24.653499945291824,88663600.0
2021-02-17,323.64703369140625,25.709686279296875,24.2954455504062,105986800.0
2021-02-18,322.2318420410156,25.36345100402832,23.97360534398073,110202000.0
2021-02-19,320.8266296386719,25.029157638549805,23.65687469771332,93377200.0
2021-02-22,312.51080322265625,23.090242385864254,21.81426390362953,132734800.0
2021-02-23,311.580322265625,22.88489151000977,21.616597723541044,199274800.0
2021-02-24,314.1488037109375,23.436473846435547,22.148391608809657,123042000.0
2021-02-25,303.1967468261719,20.98896026611328,19.82907979327679,237792000.0
2021-02-26,304.4664001464844,21.30415344238281,20.075627610728617,209318400.0
2021-03-01,313.6253662109375,23.1618766784668,21.884784115091115,133707200.0
2021-03-02,308.5951232910156,22.05154037475586,20.82892922468238,151693200.0
2021-03-03,299.6397399902344,20.138893127441406,19.01288487826205,231542400.0
2021-03-04,294.73565673828125,19.14317321777344,18.07690311437304,432037200.0
2021-03-05,299.17449951171875,20.000402450561523,18.891308114724826,336656400.0
2021-03-08,290.7036437988281,18.290719985961918,17.284199808201336,235731600.0
2021-03-09,302.1693420410156,20.444536209106445,19.327098155336294,173429200.0
2021-03-10,301.30682373046875,20.270225524902344,19.15910161347009,203371200.0
2021-03-11,308.24627685546875,21.67665100097656,20.480400158449505,158935600.0
2021-03-12,305.74578857421875,21.137006759643555,19.97934788563208,166590000.0
2021-03-15,309.0119934082031,21.8127555847168,20.617073118587417,126701600.0
2021-03-16,310.7081298828125,22.17093086242676,20.95390839787056,168770400.0
2021-03-17,311.9873046875,22.450305938720703,21.21000453723133,196370800.0
2021-03-18,302.43096923828125,20.38961601257324,19.258247223108185,228253600.0
2021-03-19,303.4971618652344,20.64988899230957,19.459442099081205,193286400.0
2021-03-22,309.1886901855469,21.750673294067383,20.551709077268026,141101200.0
2021-03-23,307.83984375,21.46652603149414,20.28008488181976,187780800.0
2021-03-24,302.6480407714844,20.38245391845703,19.251380873346797,190483600.0
2021-03-25,302.1239929199219,20.272611618041992,19.14889335099149,239874400.0
2021-03-26,306.6559753417969,21.168046951293945,20.008146284698864,215060400.0
2021-03-29,306.5685729980469,21.15610694885254,19.988456839854088,190589200.0
2021-03-30,305.025634765625,20.855239868164062,19.684076430741936,148349600.0
2021-03-31,309.6933898925781,21.791269302368164,20.5852029836658,161968800.0
2021-04-01,314.9725036621094,22.899215698242188,21.63524921981332,145087200.0
2021-04-05,321.2608642578125,24.27460479736328,22.928287635506116,130539600.0
2021-04-06,321.0376281738281,24.217294692993164,22.877532589175708,120606800.0
2021-04-07,321.8139953613281,24.39638328552246,23.04055557566724,98987200.0
2021-04-08,325.1717224121094,25.158098220825195,23.75878116328132,113619200.0
2021-04-09,327.1416931152344,25.614171981811523,24.18752555087814,129438400.0
2021-04-12,326.7146911621094,25.51388168334961,24.08969254785815,109632000.0
2021-04-13,330.52850341796875,26.387826919555664,24.930197323355827,115022000.0
2021-04-14,326.5594482421875,25.46134757995605,24.02887984194708,161227600.0
2021-04-15,331.5086364746094,26.586015701293945,25.118292378490708,120798000.0
2021-04-16,331.8968811035156,26.698244094848636,25.203303125108047,117488000.0
2021-04-19,328.8594055175781,25.969959259033203,24.508079713968307,159168000.0
2021-04-20,326.46246337890625,25.401655197143555,23.96902503742355,158283600.0
2021-04-21,329.2572326660156,26.04397773742676,24.58151234608838,111057200.0
2021-04-22,325.2882080078125,25.09601593017578,23.68938884021026,174848400.0
2021-04-23,329.38336181640625,26.041593551635746,24.581031584562623,107686000.0
2021-04-26,331.528076171875,26.55736351013184,25.05802369082693,99976800.0
2021-04-27,330.0917663574219,26.208742141723636,24.729107141576733,119312800.0
2021-04-28,328.975830078125,25.938913345336918,24.475112660994128,118950000.0
2021-04-29,330.15972900390625,26.199188232421875,24.73619371489963,148124400.0
2021-04-30,327.9956359863281,25.707294464111328,24.246588411468903,118440400.0
2021-05-03,326.2489013671875,25.28704261779785,23.856085890663053,134222000.0
2021-05-04,320.3777770996094,23.954635620117188,22.565076824185844,211234000.0
2021-05-05,319.3006591796875,23.67525863647461,22.334572487786424,136429200.0
2021-05-06,321.7072448730469,24.193416595458984,22.836701417988817,169663200.0
2021-05-07,324.3177795410156,24.78559875488281,23.38968907806235,158706800.0
2021-05-10,316.1273498535156,22.923095703125,21.614598276094885,184214800.0
2021-05-11,315.69061279296875,22.8084774017334,21.522226424811304,228806800.0
2021-05-12,307.5195617675781,21.072534561157227,19.848263977248017,236158000.0
2021-05-13,309.8971862792969,21.51666831970215,20.306080907423777,208602000.0
2021-05-14,316.7386779785156,22.91593170166016,21.64833176331125,144263200.0
2021-05-17,314.8172302246094,22.52910614013672,21.25155963665681,138542400.0
2021-05-18,312.6920166015625,22.05631828308105,20.818433746149942,131684000.0
2021-05-19,313.0511474609375,22.137500762939453,20.88747850739517,191889600.0
2021-05-20,319.1065368652344,23.417377471923828,22.09687134147127,139226400.0
2021-05-21,317.3403625488281,23.030548095703125,21.727118578621717,128133200.0
2021-05-24,322.677734375,24.183862686157227,22.820605581337528,92181600.0
2021-05-25,323.1241455078125,24.300870895385746,22.912375353475703,106728800.0
2021-05-26,324.2498474121094,24.54681396484375,23.14888605562897,78034800.0
2021-05-27,323.0367736816406,24.260276794433597,22.886087678057,83216800.0
2021-05-28,324.05572509765625,24.49667358398437,23.09970296489221,81857200.0
2021-06-01,322.97857666015625,24.257890701293945,22.866375169498063,103863600.0
2021-06-02,323.6093139648437,24.38444328308105,22.99739060698927,83178800.0
2021-06-03,320.241943359375,23.617956161499023,22.276513981252897,121032000.0
2021-06-04,325.6763610839844,24.828577041625977,23.407718846099023,91175200.0
2021-06-07,326.6468505859375,25.04825782775879,23.613958201791416,62193200.0
2021-06-08,326.80206298828125,25.07691192626953,23.64457341090196,92944400.0
2021-06-09,326.8796691894531,25.105566024780277,23.658367561679,77803600.0
2021-06-10,330.2859191894531,25.874446868896484,24.394911336313825,117206800.0
2021-06-11,331.14959716796875,26.079797744750977,24.58313765136956,68338800.0
2021-06-14,334.3228759765625,26.810470581054688,25.286678134013304,90823200.0
2021-06-15,332.1394348144531,26.31380271911621,24.78797868331254,90108000.0
2021-06-16,330.9264831542969,26.032041549682617,24.513208302817592,157778000.0
2021-06-17,335.1283264160156,27.003883361816406,25.443793748655395,144323600.0
2021-06-18,332.4984130859375,26.35917091369629,24.841501924460985,142894400.0
2021-06-21,334.56494140625,26.84152030944824,25.301478069925366,107708400.0
2021-06-22,337.68365478515625,27.59128761291504,26.00577192688413,103578800.0
2021-06-23,337.8488464355469,27.63904190063477,26.040582029620808,93996800.0
2021-06-24,339.9376525878906,28.14764976501465,26.520222873588704,93672400.0
2021-06-25,339.5199279785156,28.059301376342773,26.419034961553137,86993200.0
2021-06-28,343.6490173339844,29.05263328552246,27.379515837491585,88787600.0
2021-06-29,344.8925476074219,29.37976837158203,27.673210380108163,74560000.0
2021-06-30,344.3485717773437,29.250822067260746,27.538698735846094,80546800.0
2021-07-01,344.4845886230469,29.26515388488769,27.56777888576832,83834800.0
2021-07-02,348.4388122558594,30.25849151611328,28.513546129443657,93502000.0
2021-07-06,349.9446716308594,30.664417266845703,28.879551115195643,109599600.0
2021-07-07,350.6830139160156,30.860219955444336,29.058622528473794,115275600.0
2021-07-08,348.5650329589844,30.325345993041992,28.528367091098744,152524400.0
2021-07-09,350.74139404296875,30.83872413635254,29.059060378393635,92875600.0
2021-07-12,352.1112060546875,31.225555419921875,29.395779584396305,87126000.0
2021-07-13,352.1112060546875,31.20884323120117,29.39198697976859,119450000.0
2021-07-14,352.7427062988281,31.378381729125977,29.54633564470841,136042800.0
2021-07-15,350.2652893066406,30.7288875579834,28.91998549347795,137192800.0
2021-07-16,347.4283752441406,29.974336624145508,28.213556782401824,127402800.0
2021-07-19,344.5816955566406,29.255599975585938,27.51640721174265,202286400.0
2021-07-20,348.5845031738281,30.22028350830078,28.471783969754952,121544800.0
2021-07-21,351.27569580078125,30.91035842895508,29.127546563051496,81763200.0
2021-07-22,353.5977478027344,31.55984878540039,29.70141757840784,94957600.0
2021-07-23,357.7268981933594,32.60810470581055,30.738103650046227,103898400.0
2021-07-26,358.0086364746094,32.74421310424805,30.806763938158426,85977600.0
2021-07-27,354.0640869140625,31.674461364746094,29.784499829213008,178782000.0
2021-07-28,355.4242248535156,32.02070617675781,30.12390872986104,143940400.0
2021-07-29,356.0557861328125,32.17828750610352,30.28060573078329,88638400.0
2021-07-30,354.2001647949219,31.695955276489254,29.80326749670737,113118800.0
2021-08-02,354.22930908203125,31.68640899658203,29.8067791331574,109120000.0
2021-08-03,356.3763732910156,32.23799133300781,30.34493045434642,126835600.0
2021-08-04,356.8912658691406,32.397972106933594,30.472542456555168,96856800.0
2021-08-05,359.1550598144531,33.00687026977539,31.048481302052718,77340400.0
2021-08-06,357.5811462402344,32.577056884765625,30.63628720913457,86306000.0
2021-08-09,358.241943359375,32.751373291015625,30.802178832111327,68421600.0
2021-08-10,356.405517578125,32.261871337890625,30.32450885840341,106162400.0
2021-08-11,355.79345703125,32.087547302246094,30.164366227169328,93188000.0
2021-08-12,357.075927734375,32.42185592651367,30.48666018877489,79490800.0
2021-08-13,358.3292236328125,32.74658966064453,30.803740970815795,73289600.0
2021-08-16,358.4846496582031,32.80390167236328,30.839850267690093,122458400.0
2021-08-17,355.3270568847656,31.94190216064453,30.02094366774717,166395200.0
2021-08-18,351.9072265625,31.01304244995117,29.150264474215287,130084800.0
2021-08-19,353.6075134277344,31.45479202270508,29.569033758665647,163247600.0
2021-08-20,357.2702331542969,32.426631927490234,30.48406027748605,125082400.0
2021-08-23,362.61376953125,33.87125778198242,31.84793798483843,96532400.0
2021-08-24,363.7213439941406,34.20555114746094,32.1356598665626,72686800.0
2021-08-25,364.13909912109375,34.2437629699707,32.242242791778814,76127200.0
2021-08-26,361.8268127441406,33.66351318359375,31.62386739224513,107004800.0
2021-08-27,365.3438720703125,34.64729690551758,32.541966225596546,92320000.0
2021-08-30,369.44378662109375,35.79584884643555,33.633332384738345,91270400.0
2021-08-31,369.14263916015625,35.695560455322266,33.54674569168621,91796000.0
2021-09-01,369.754638671875,35.89136505126953,33.70926841966519,95568000.0
2021-09-02,369.579833984375,35.841217041015625,33.65711025417836,95038400.0
2021-09-03,370.716552734375,36.163570404052734,33.96332594165884,93201200.0
2021-09-07,371.24114990234375,36.31161880493164,34.10312749434989,90370800.0
2021-09-08,369.9490661621094,35.93912124633789,33.742645558118305,126846000.0
2021-09-09,368.6763000488281,35.55467224121094,33.39002935395006,110573600.0
2021-09-10,365.8782043457031,34.754756927490234,32.62547321787244,138435600.0
2021-09-13,365.6255798339844,34.67596435546875,32.553684103719675,155549200.0
2021-09-14,364.5860900878906,34.377479553222656,32.27182936553177,119258400.0
2021-09-15,367.2966003417969,35.139198303222656,32.9874391065478,111785200.0
2021-09-16,367.5493469238281,35.20844268798828,33.051281719425674,105230800.0
2021-09-17,363.19671630859375,33.964393615722656,31.87280764072979,154650400.0
2021-09-20,355.69189453125,31.875043869018555,29.89290880526654,243827200.0
2021-09-21,356.12957763671875,31.915639877319336,29.99940280083653,143401200.0
2021-09-22,359.4559326171875,32.84927749633789,30.836142049366515,175338800.0
2021-09-23,362.7726440429688,33.76141357421875,31.68574182789096,138739200.0
2021-09-24,363.1130676269531,33.856937408447266,31.770854882209253,109550400.0
2021-09-27,360.2146301269531,33.04030227661133,31.005952847395584,156710800.0
2021-09-28,350.0213623046875,30.28475570678711,28.369755290472835,297646000.0
2021-09-29,349.44757080078125,30.084177017211918,28.22657508159369,195061200.0
2021-09-30,348.16375732421875,29.745105743408203,27.911833803554018,234624000.0
2021-10-01,350.3229675292969,30.28714179992676,28.427535843789418,208708000.0
2021-10-04,342.9698181152344,28.424638748168945,26.633817796530547,257236000.0
2021-10-05,347.5995788574219,29.518260955810547,27.70897385754162,162612800.0
2021-10-06,349.8269348144531,30.10089111328125,28.238061334261687,234990800.0
2021-10-07,353.0365295410156,30.91513442993164,29.011654413448703,150815200.0
2021-10-08,351.276123046875,30.43996238708496,28.573914028817068,157132000.0
2021-10-11,348.5818786621094,29.76420783996582,27.9127523085542,136215200.0
2021-10-12,347.3662109375,29.46095466613769,27.61711665226177,174403600.0
2021-10-13,350.1478576660156,30.151033401489254,28.277012377577005,140921200.0
2021-10-14,356.5964660644531,31.81534576416016,29.83568165160906,121750000.0
2021-10-15,358.8431701660156,32.4051399230957,30.39576341286467,102858000.0
2021-10-18,362.4516906738281,33.376976013183594,31.30881955305992,100876400.0
2021-10-19,365.1944580078125,34.11004638671875,32.015546362943994,106450800.0
2021-10-20,364.7179565429688,34.002586364746094,31.886095226214664,118709600.0
2021-10-21,366.9451599121094,34.61148452758789,32.46613259063463,92100400.0
2021-10-22,363.862060546875,33.73515701293945,31.64359557890592,140248400.0
2021-10-25,367.5872192382813,34.747596740722656,32.61139842183975,118951600.0
2021-10-26,368.7446594238281,35.07233428955078,32.91524634575751,167975600.0
2021-10-27,369.60052490234375,35.34932327270508,33.140190967789984,145068000.0
2021-10-28,373.7050476074219,36.50981140136719,34.24001001332102,130737600.0
2021-10-29,375.5432739257813,37.0494499206543,34.74086432104366,134514400.0
2021-11-01,376.82720947265625,37.4147834777832,35.09270612822027,130045600.0
2021-11-02,378.4028625488281,37.913841247558594,35.52838502453924,120171200.0
2021-11-03,382.4197998046875,39.117313385009766,36.65525638290792,145210400.0
2021-11-04,387.3218994140625,40.57625579833984,38.06013816381449,160879600.0
2021-11-05,387.6914978027344,40.7266960144043,38.16418331386532,170505600.0
2021-11-08,387.166259765625,40.55955123901367,38.00414680597188,112919600.0
2021-11-09,384.501220703125,39.723819732666016,37.21444478375736,176237600.0
2021-11-10,378.8503112792969,37.98308944702149,35.56885183289051,193953600.0
2021-11-11,379.9007568359375,38.29112243652344,35.86013010877508,115438000.0
2021-11-12,383.8982849121094,39.50652694702149,36.98752447197607,127640800.0
2021-11-15,383.81060791015625,39.49458694458008,36.95741008977919,139458400.0
2021-11-16,386.5438537597656,40.31121826171875,37.74220074623919,103181600.0
2021-11-17,386.748046875,40.35896682739258,37.79714363798674,115936000.0
2021-11-18,390.75531005859375,41.59347534179688,38.96716458245968,173683200.0
2021-11-19,392.9339904785156,42.297889709472656,39.61392860526177,129214400.0
2021-11-22,388.3724060058594,40.831764221191406,38.22917921014499,179044800.0
2021-11-23,386.6021423339844,40.27539825439453,37.70148275422963,226025600.0
2021-11-24,387.84716796875,40.64789581298828,38.060863662632975,198241600.0
2021-11-26,380.4940490722656,38.405738830566406,35.8911876030148,177682400.0
2021-11-29,388.751708984375,40.79117202758789,38.22333901732304,158932000.0
2021-11-30,383.0423278808594,39.038516998291016,36.53431244337397,302586000.0
2021-12-01,376.5256652832031,37.03512573242188,34.66493451351495,302551200.0
2021-12-02,379.2393493652344,37.73236846923828,35.40997020805872,396432800.0
2021-12-03,372.6449279785156,35.83644485473633,33.55821782870744,480573600.0
2021-12-06,375.6308288574219,36.67456817626953,34.36056638264024,304828000.0
2021-12-07,386.942626953125,39.98170471191406,37.46034959806805,270578400.0
2021-12-08,388.6738586425781,40.53805923461914,37.95832395658804,205243600.0
2021-12-09,382.9548034667969,38.78779602050781,36.27783863973284,212802000.0
2021-12-10,387.1176452636719,39.98885726928711,37.45621341850711,203075200.0
2021-12-13,381.5250549316406,38.26963806152344,35.82801965196396,179145200.0
2021-12-14,377.576171875,37.130638122558594,34.710909341321795,230933600.0
2021-12-15,386.1838989257813,39.58770751953125,37.08037872563322,269061200.0
2021-12-16,376.25335693359375,36.56711196899414,34.21507982361938,296220000.0
2021-12-17,374.3761291503906,36.00836181640625,33.69854111716931,300020800.0
2021-12-20,370.74462890625,34.93145751953125,32.713551843806904,241866000.0
2021-12-21,379.0419921875,37.26675033569336,34.90574512592112,219124800.0
2021-12-22,383.658203125,38.59675979614258,36.176553754589534,177222800.0
2021-12-23,386.5505676269531,39.5136833190918,36.99008160616473,131308400.0
2021-12-27,392.9392395019531,41.4024543762207,38.819357677404085,125963200.0
2021-12-28,391.1180419921875,40.915340423583984,38.27458857140451,144825200.0
2021-12-29,391.0595703125,40.850860595703125,38.25248441887707,115494800.0
2021-12-30,389.8909606933594,40.46881103515625,37.90461758606096,113271600.0
2021-12-31,387.456298828125,39.71665191650391,37.18964459837057,120497200.0
2022-01-03,391.1862182617188,40.8628044128418,38.258885332757146,153010400.0
2022-01-04,386.1123046875,39.27490997314453,36.76522900203909,213296400.0
2022-01-05,374.2505187988281,35.66213607788086,33.37208329444518,266490400.0
2022-01-06,373.987548828125,35.564231872558594,33.29743022867432,308453200.0
2022-01-07,369.936279296875,34.401363372802734,32.21103780232374,285426800.0
2022-01-10,370.17974853515625,34.52791213989258,32.270479930910746,358434800.0
2022-01-11,375.7405395507813,36.046573638916016,33.72060502642066,308653600.0
2022-01-12,377.23052978515625,36.457279205322266,34.11740922672576,276742400.0
2022-01-13,367.7937316894531,33.811561584472656,31.55256434324368,173531800.0
2022-01-14,370.0823669433594,34.322566986083984,32.13751094309631,178451600.0
2022-01-18,360.8694763183594,31.848777770996094,29.733255333179898,155320000.0
2022-01-19,356.90582275390625,30.740827560424805,28.74968276334077,183284400.0
2022-01-20,352.2701416015625,29.55168914794922,27.62572536754732,172197000.0
2022-01-21,342.5021667480469,27.06357955932617,25.324089066973432,342054600.0
2022-01-24,344.0700988769531,27.45518112182617,25.66861333413437,510169200.0
2022-01-25,336.0940856933594,25.430307388305664,23.88020142463062,347498000.0
2022-01-26,335.5682373046875,25.382551193237305,23.765032484843022,415676200.0
2022-01-27,332.1888427734375,24.62322807312012,23.043977473024704,323528200.0
2022-01-28,342.6093444824219,26.920310974121094,25.209618504481472,334032400.0
2022-01-31,353.5653991699219,29.527814865112305,27.624846078969345,227502200.0
2022-02-01,355.97088623046875,30.091339111328125,28.18512001961393,203691600.0
2022-02-02,358.8632507324219,30.802907943725582,28.86851991633659,201630400.0
2022-02-03,344.3135681152344,27.097007751464844,25.353476180519547,211150000.0
2022-02-04,348.6571044921875,28.033037185668945,26.309711990662876,193068800.0
2022-02-07,345.852294921875,27.397876739501957,25.67136362433896,153912200.0
2022-02-08,349.73809814453125,28.329126358032227,26.533338850595385,158593200.0
2022-02-09,357.1493225097656,30.086565017700195,28.216702282046057,151075400.0
2022-02-10,349.06610107421875,28.090341567993164,26.2972089202464,254286600.0
2022-02-11,337.9931335449219,25.44463348388672,23.79124016218185,268511200.0
2022-02-14,338.41192626953125,25.51626968383789,23.876606748741388,190125000.0
2022-02-15,346.8262634277344,27.36444664001465,25.654543410929804,163444600.0
2022-02-16,346.7384948730469,27.35967063903809,25.63175692394256,186181000.0
2022-02-17,336.4252319335937,24.93364906311035,23.341305146346915,157671200.0
2022-02-18,332.58807373046875,24.088350296020508,22.53962338014825,226165400.0
2022-02-22,329.2477111816406,23.34335327148437,21.857582332294008,262876200.0
2022-02-23,320.8139953613281,21.557260513305664,20.17510927191924,260920400.0
2022-02-24,331.5948181152344,23.6680965423584,22.20643512685737,389734800.0
2022-02-25,336.73681640625,24.79037475585937,23.23662710124322,238372200.0
2022-02-28,337.73992919921875,25.053035736083984,23.441289458412115,243401000.0
2022-03-01,332.568603515625,23.89733123779297,22.361496861463525,248145000.0
2022-03-02,338.14892578125,25.038707733154297,23.48425347538876,219495800.0
2022-03-03,333.31854248046875,23.99283790588379,22.474821324802885,223888600.0
2022-03-04,328.4881286621094,22.96607780456543,21.49481410886782,231391000.0
2022-03-07,316.37310791015625,20.40155601501465,19.113780328114498,249752600.0
2022-03-08,314.90252685546875,20.11979103088379,18.84477744946224,355936000.0
2022-03-09,326.2384338378906,22.27360725402832,20.877477243230512,219074200.0
2022-03-10,322.6156616210937,21.557260513305664,20.17927077608945,225574800.0
2022-03-11,315.9250793457031,20.22008514404297,18.921200591563014,197814800.0
2022-03-14,309.85791015625,19.035722732543945,17.828645327862017,246265200.0
2022-03-15,319.5771789550781,20.797935485839844,19.504030812130093,211407200.0
2022-03-16,331.4292297363281,23.13322639465332,21.67153261607672,326175000.0
2022-03-17,335.4415283203125,23.906879425048828,22.455806508261546,192061600.0
2022-03-18,342.30743408203125,25.3921012878418,23.83180341832109,201569600.0
2022-03-21,341.355712890625,25.21063041687012,23.62994918095919,221094600.0
2022-03-22,348.0643310546875,26.700632095336918,25.020089167343304,186689200.0
2022-03-23,343.06207275390625,25.573579788208008,23.938121310515456,205499400.0
2022-03-24,350.687255859375,27.230728149414062,25.531238658252448,171150600.0
2022-03-25,350.3947448730469,27.1877498626709,25.46405723329059,198789400.0
2022-03-28,355.816162109375,28.424638748168945,26.64273550085637,183407400.0
2022-03-29,361.9396667480469,29.88121223449707,28.01484196776468,204013400.0
2022-03-30,357.9418334960937,28.98338890075684,27.082907063326555,167818800.0
2022-03-31,353.5052490234375,27.78470039367676,26.07235869576516,168098800.0
2022-04-01,352.8324584960937,27.66531181335449,25.92013228190568,176162600.0
2022-04-04,360.0967102050781,29.394092559814453,27.517749356036667,137515000.0
2022-04-05,352.10113525390625,27.450403213500977,25.681189575528805,172097600.0
2022-04-06,344.4564819335937,25.64521598815918,24.005142696415373,296859800.0
2022-04-07,345.2756042480469,25.812360763549805,24.17329927625156,229654000.0
2022-04-08,340.44891357421875,24.75694274902344,23.15640738406301,204182400.0
2022-04-11,332.39471435546875,22.9995059967041,21.509945725061836,185914600.0
2022-04-12,330.9906616210937,22.703414916992188,21.234593118267902,247928200.0
2022-04-13,337.7186584472656,24.06447410583496,22.52675049101428,190084600.0
2022-04-14,329.9960327148437,22.445531845092773,20.978483873641107,167843600.0
2022-04-18,330.2495422363281,22.507614135742188,21.02412552415664,175525400.0
2022-04-19,337.6309509277344,23.954635620117188,22.4311439320434,172372600.0
2022-04-20,332.7067565917969,22.875341415405277,21.44680570389042,215629400.0
2022-04-21,325.8227844238281,21.533382415771484,20.11278334248227,268626400.0
2022-04-22,317.2908020019531,19.823699951171875,18.53017079342609,248824800.0
2022-04-25,321.3666381835937,20.55914688110352,19.241881505075508,332878800.0
2022-04-26,309.23663330078125,18.24774169921875,17.06054069621767,332263200.0
2022-04-27,308.8661193847656,18.166553497314453,16.997015969028713,316698600.0
2022-04-28,319.8357238769531,20.08636283874512,18.80580712661443,344698400.0
2022-04-29,305.44354248046875,17.4454345703125,16.264672039805838,320116800.0
2022-05-02,310.543212890625,18.266845703125,17.077236094204164,311905600.0
2022-05-03,310.8747863769531,18.30982208251953,17.129733978700525,285565600.0
2022-05-04,321.3861083984375,20.12456512451172,18.865099544016687,438806800.0
2022-05-05,305.1997985839844,17.125459671020508,16.012296477779078,455552600.0
2022-05-06,301.54327392578125,16.52850914001465,15.434712287619156,466794400.0
2022-05-09,289.74481201171875,14.57526969909668,13.620982300554122,420419800.0
2022-05-10,293.2648620605469,15.07671070098877,14.115660465696308,463579600.0
2022-05-11,284.567138671875,13.734755516052246,12.857901806245332,529531800.0
2022-05-12,283.894287109375,13.624917984008787,12.765036378373644,590993000.0
2022-05-13,294.4154663085937,15.105364799499512,14.182613872718624,395948000.0
2022-05-16,291.0027160644531,14.637349128723145,13.687585922512868,318388000.0
2022-05-17,298.5400390625,15.740528106689451,14.749395156398563,307981400.0
2022-05-18,283.8846130371094,13.443439483642578,12.575334628533907,328105200.0
2022-05-19,282.36346435546875,13.171228408813477,12.371563631887913,392015600.0
2022-05-20,281.48583984375,13.056612968444824,12.254609901331316,458111200.0
2022-05-23,286.1662902832031,13.70132541656494,12.864325236095937,341040600.0
2022-05-24,280.08172607421875,12.846482276916504,12.042088628092577,366488600.0
2022-05-25,284.0015563964844,13.36225414276123,12.54613323045874,361283800.0
2022-05-26,291.8704528808594,14.479754447937012,13.587370347438933,337131600.0
2022-05-27,301.39697265625,15.898122787475586,14.916074219414988,315035800.0
2022-05-31,300.597412109375,15.7835054397583,14.795439505930544,369158600.0
2022-06-01,298.374267578125,15.415781021118164,14.46526032246316,398894200.0
2022-06-02,306.5454406738281,16.667001724243164,15.65181567871911,336861400.0
2022-06-03,298.5692749023437,15.348919868469238,14.428038025100332,324723800.0
2022-06-06,299.5638732910156,15.539949417114258,14.570365220304604,300958600.0
2022-06-07,302.1477966308594,15.91722583770752,14.94552055571793,274886600.0
2022-06-08,299.973388671875,15.592479705810549,14.620925789447522,225706000.0
2022-06-09,291.93865966796875,14.32215976715088,13.44418343695661,275959400.0
2022-06-10,281.6418762207031,12.793952941894531,12.019905065161511,343352200.0
2022-06-13,268.54656982421875,11.022189140319824,10.34171078013508,426731400.0
2022-06-14,269.0341796875,11.093822479248049,10.396709977783884,393201000.0
2022-06-15,275.7524108886719,11.89135456085205,11.174238059946465,549823000.0
2022-06-16,264.6268005371094,10.439560890197754,9.820276355966811,424284400.0
2022-06-17,267.844482421875,10.826385498046877,10.177232997919315,441181000.0
2022-06-21,274.6020812988281,11.643021583557127,10.946221326251026,318408200.0
2022-06-22,274.2015686035156,11.600043296813965,10.89691320296195,388973600.0
2022-06-23,278.2852478027344,12.096708297729492,11.38236991488648,365372800.0
2022-06-24,287.8202514648437,13.36225414276123,12.550898058158914,303635000.0
2022-06-27,285.71002197265625,13.047064781188965,12.27321817735208,338262000.0
2022-06-28,277.00537109375,11.857924461364746,11.149860128973591,373741600.0
2022-06-29,277.25946044921875,11.88180446624756,11.179103962487575,380182200.0
2022-06-30,273.820556640625,11.4615478515625,10.761691750919905,512407800.0
2022-07-01,275.6278991699219,11.647798538208008,10.973399745358488,417200800.0
2022-07-05,280.3466491699219,12.249528884887695,11.535577826488367,441108000.0
2022-07-06,282.1441955566406,12.48353385925293,11.75598341215999,412245800.0
2022-07-07,288.1817626953125,13.257190704345703,12.509160975083232,275732600.0
2022-07-08,288.543212890625,13.319273948669434,12.55461567326159,319458400.0
2022-07-11,282.378662109375,12.469210624694824,11.748330639757247,258448200.0
2022-07-12,279.6431884765625,12.106260299682615,11.40538772058389,319233000.0
2022-07-13,279.0668334960937,12.0298490524292,11.333395431542163,361151000.0
2022-07-14,280.0632629394531,12.154017448425291,11.453333473849865,351647000.0
2022-07-15,285.1434326171875,12.793952941894531,12.075124360139528,308760400.0
2022-07-18,282.7303161621094,12.497861862182615,11.766997770135648,319900400.0
2022-07-19,291.4252624511719,13.59148406982422,12.851108644349214,298643400.0
2022-07-20,296.0461730957031,14.27440357208252,13.460761630417236,377126200.0
2022-07-21,300.2960510253906,14.880908012390137,14.03873107075396,319381800.0
2022-07-22,295.0302124023437,14.1024808883667,13.298391696004604,298800800.0
2022-07-25,293.34979248046875,13.89235019683838,13.06944279662775,220897600.0
2022-07-26,287.5857849121094,13.051836967468262,12.29735515769486,231755600.0
2022-07-27,299.7391662597656,14.680334091186523,13.854828035683278,341919000.0
2022-07-28,302.6700134277344,15.100590705871582,14.259457696915357,324071800.0
2022-07-29,308.1897888183594,15.931551933288574,15.037764656806315,292146400.0
2022-08-01,308.0041809082031,15.907672882080078,15.008654933723603,285283000.0
2022-08-02,307.0858764648437,15.759631156921388,14.872475087928173,325375000.0
2022-08-03,315.4485778808594,17.020397186279297,16.08559815638701,294213800.0
2022-08-04,316.9237060546875,17.26395606994629,16.309185448167135,253567200.0
2022-08-05,314.3348083496094,16.853254318237305,15.907400086412908,283898600.0
2022-08-08,313.3187561035156,16.68132781982422,15.751091039353598,267787800.0
2022-08-09,309.7724304199219,16.10824966430664,15.214218558931323,218406000.0
2022-08-10,318.4184875488281,17.43110466003418,16.486187629802433,271554400.0
2022-08-11,316.6111755371094,17.168441772460938,16.203338666065257,273361000.0
2022-08-12,322.77569580078125,18.13789939880371,17.14770060121651,211187000.0
2022-08-15,325.3842163085937,18.572481155395508,17.561227044896313,196308400.0
2022-08-16,324.62213134765625,18.45309066772461,17.435570449993147,220755800.0
2022-08-17,320.91949462890625,17.813154220581055,16.836711119651163,262838400.0
2022-08-18,321.6913146972656,17.93255043029785,16.956017106921184,192140800.0
2022-08-19,315.41925048828125,16.881900787353516,15.962047375111176,224256600.0
2022-08-22,307.1151123046875,15.554275512695312,14.6992749990216,224975400.0
2022-08-23,306.8611145019531,15.50174331665039,14.660907663232935,219509800.0
2022-08-24,307.75018310546875,15.621134757995604,14.786447260783344,187005600.0
2022-08-25,313.1918640136719,16.442548751831055,15.568907492789544,222052600.0
2022-08-26,300.3546142578125,14.44154930114746,13.652462549961257,366276600.0
2022-08-29,297.3944396972656,13.997414588928224,13.247041548802352,248441000.0
2022-08-30,294.0826110839844,13.529400825500488,12.802769371435694,327014800.0
2022-08-31,292.3729553222656,13.2810697555542,12.577830026621385,341030600.0
2022-09-01,292.4998474121094,13.29539394378662,12.592583873756483,397320400.0
2022-09-02,288.367431640625,12.74141788482666,12.057237971125751,454463000.0
2022-09-06,286.2961730957031,12.450106620788574,11.795871567701925,361083400.0
2022-09-07,292.079833984375,13.185554504394531,12.50923860384594,331569600.0
2022-09-08,293.5940856933594,13.400460243225098,12.702182471148795,410799800.0
2022-09-09,300.0126647949219,14.25052547454834,13.533632262717182,298735800.0
2022-09-12,303.5785522460937,14.771068572998049,14.014459893590796,273141200.0
2022-09-13,286.9313049316406,12.340267181396484,11.707131385356062,391296600.0
2022-09-14,289.2076110839844,12.617252349853516,11.98424877236204,309291800.0
2022-09-15,284.39117431640625,11.98209285736084,11.383948873329391,393730600.0
2022-09-16,282.6521911621094,11.748085975646973,11.173649860441072,392143600.0
2022-09-19,284.8533020019531,12.0298490524292,11.433247534492187,302692600.0
2022-09-20,282.58270263671875,11.743311882019045,11.158365126437031,322118600.0
2022-09-21,277.5227966308594,11.09859848022461,10.557522784590104,591115200.0
2022-09-22,274.10711669921875,10.687893867492676,10.1663427585783,431084000.0
2022-09-23,269.64422607421875,10.176898002624512,9.66845944534282,561304000.0
2022-09-26,268.5284423828125,10.038406372070312,9.547188220693956,490607800.0
2022-09-27,268.6361389160156,10.047958374023438,9.557443496060175,543921200.0
2022-09-28,273.97979736328125,10.635361671447754,10.12655489498905,512039000.0
2022-09-29,266.0816955566406,9.737541198730469,9.249484229610085,540195600.0
2022-09-30,261.5698547363281,9.226545333862305,8.777771466624284,513197600.0
2022-10-03,267.70635986328125,9.866483688354492,9.39442621091538,447222600.0
2022-10-04,276.123291015625,10.783408164978027,10.279322037817932,463323600.0
2022-10-05,275.97637939453125,10.783408164978027,10.261588448375882,458399000.0
2022-10-06,273.80377197265625,10.51119613647461,10.0179133011026,475087200.0
2022-10-07,263.37066650390625,9.312506675720217,8.871443598770643,501945200.0
2022-10-10,260.73797607421875,9.021193504333496,8.604258402259893,412999600.0
2022-10-11,257.1558532714844,8.663021087646484,8.248522042281616,529747000.0
2022-10-12,257.0678100585937,8.643917083740234,8.238985615934507,401483800.0
2022-10-13,263.0966491699219,9.221771240234377,8.817592861246235,829507200.0
2022-10-14,255.1886444091797,8.390806198120117,8.021353124344445,670132600.0
2022-10-17,263.6153564453125,9.21699333190918,8.814949576806388,460050800.0
2022-10-18,265.7000427246094,9.446226119995115,9.022939756545606,692553800.0
2022-10-19,264.7310791015625,9.331610679626465,8.923060171601382,519702200.0
2022-10-20,263.3804931640625,9.174012184143066,8.785339854548788,529703000.0
2022-10-21,269.5560913085937,9.823501586914062,9.40218755234863,627458000.0
2022-10-24,272.52166748046875,10.157796859741213,9.711294731414032,549244000.0
2022-10-25,278.15899658203125,10.769078254699709,10.312699536617991,476799600.0
2022-10-26,272.0126647949219,10.057507514953612,9.62774625310221,558931800.0
2022-10-27,267.0603942871094,9.503534317016602,9.100655006848248,513258800.0
2022-10-28,275.2326354980469,10.363149642944336,9.934940727562555,510777200.0
2022-10-31,272.0322570800781,10.00497817993164,9.587091350124297,419122200.0
2022-11-01,269.252685546875,9.694560050964355,9.291977454668176,430464800.0
2022-11-02,260.02349853515625,8.691673278808594,8.33527396658183,662952600.0
2022-11-03,254.9439697265625,8.190231323242188,7.845712737394101,424463600.0
2022-11-04,259.0447998046875,8.572283744812012,8.223300562137675,764740400.0
2022-11-07,261.8928527832031,8.844494819641113,8.49347140140189,401886800.0
2022-11-08,263.8013610839844,9.035520553588867,8.678060614147086,592112600.0
2022-11-09,257.7137451171875,8.405134201049805,8.07616280423478,431138200.0
2022-11-10,276.7300109863281,10.243757247924805,9.862900432665548,656884800.0
2022-11-11,281.8291320800781,10.826385498046877,10.406839385650162,614268400.0
2022-11-14,279.3627624511719,10.53984832763672,10.132276771741983,428451800.0
2022-11-15,283.2287292480469,10.964879989624023,10.551616621848884,636531400.0
2022-11-16,279.3627624511719,10.520746231079102,10.11817834074203,383358800.0
2022-11-17,278.7461853027344,10.439560890197754,10.049877891083076,426924400.0
2022-11-18,278.7559509277344,10.430008888244627,10.049637534755831,389577000.0
2022-11-21,275.888427734375,10.114815711975098,9.738203327514617,288222600.0
2022-11-22,279.8619689941406,10.53984832763672,10.15771649844023,292477200.0
2022-11-23,282.6708068847656,10.8550443649292,10.462250080856276,357567000.0
2022-11-25,280.81121826171875,10.630586624145508,10.254418219384062,134753000.0
2022-11-28,276.6908569335937,10.162571907043455,9.801703965037444,262765200.0
2022-11-29,274.5964050292969,9.91901683807373,9.57785306751042,275805400.0
2022-11-30,287.1141357421875,11.251420021057127,10.886463177240929,545469800.0
2022-12-01,287.466552734375,11.313504219055176,10.925146245219452,411007200.0
2022-12-02,286.3213806152344,11.17978286743164,10.793170138240708,363310000.0
2022-12-05,281.51593017578125,10.61625862121582,10.248338869889224,301980000.0
2022-12-06,275.68280029296875,9.942893028259276,9.609966813916934,339801000.0
2022-12-07,274.5572814941406,9.823501586914062,9.491024303192711,347335800.0
2022-12-08,277.8066101074219,10.172121047973633,9.826772709830983,377840200.0
2022-12-09,276.0351257324219,9.976323127746582,9.637518262364392,354007800.0
2022-12-12,279.49981689453125,10.339271545410156,9.999174574112557,225655000.0
2022-12-13,282.50439453125,10.664015769958496,10.32035300179987,695385600.0
2022-12-14,280.40997314453125,10.410903930664062,10.089483446596486,578911000.0
2022-12-15,270.994873046875,9.379366874694824,9.071882306614167,428053200.0
2022-12-16,268.4109802246094,9.102380752563477,8.811215018749628,351284200.0
2022-12-19,264.63885498046875,8.725103378295898,8.438591840789003,310533000.0
2022-12-20,264.432861328125,8.686899185180664,8.417797423047688,345762400.0
2022-12-21,268.2687683105469,9.064175605773926,8.783041270283283,326374600.0
2022-12-22,261.70556640625,8.419958114624023,8.137276142670883,460900400.0
2022-12-23,262.29412841796875,8.443958282470703,8.191127196267646,330134600.0
2022-12-27,258.58575439453125,8.083927154541016,7.842646331894096,263200600.0
2022-12-28,255.17169189453125,7.757497310638428,7.5309992194718145,364869200.0
2022-12-29,261.3915710449219,8.304744720458984,8.080738021323883,306109800.0
2022-12-30,261.234619140625,8.304744720458984,8.065139279381581,301941200.0
2023-01-03,259.46875,8.117527961730957,7.900544822214072,359851800.0
2023-01-04,260.7048645019531,8.242340087890625,8.012440582130187,435272800.0
2023-01-05,256.62359619140625,7.853506088256836,7.635108672627804,362504000.0
2023-01-06,263.7068176269531,8.467961311340332,8.266347210385899,466895200.0
2023-01-09,265.4139099121094,8.645577430725098,8.425815995556896,372042800.0
2023-01-10,267.6604919433594,8.875998497009277,8.638688532191182,328723000.0
2023-01-11,272.29107666015625,9.317636489868164,9.085927550613716,302550000.0
2023-01-12,273.7626037597656,9.46164894104004,9.23206297279816,561852600.0
2023-01-13,275.64630126953125,9.648866653442385,9.42144296992786,319566000.0
2023-01-17,276.2054748535156,9.701671600341797,9.47756418880507,279515800.0
2023-01-18,272.6148376464844,9.341639518737791,9.10671989911622,373300200.0
2023-01-19,269.9365539550781,9.048812866210938,8.837140135783113,332741400.0
2023-01-20,277.3238525390625,9.788079261779783,9.561532611534444,322650400.0
2023-01-23,283.4848937988281,10.431336402893066,10.19755752586888,388084200.0
2023-01-24,282.9060363769531,10.368931770324709,10.133773634482784,290013000.0
2023-01-25,282.2781982421875,10.29212474822998,10.064998173740262,436167200.0
2023-01-26,287.78192138671875,10.887378692626951,10.65242693178397,406837800.0
2023-01-27,290.6466064453125,11.199405670166016,10.969166870898825,376822200.0
2023-01-30,284.77008056640625,10.527345657348633,10.302401439245775,347816000.0
2023-01-31,289.03759765625,10.99778652191162,10.76424246320941,316513800.0
2023-02-01,295.2182312011719,11.708251953125,11.45338499598916,543277600.0
2023-02-02,305.81365966796875,12.917961120605469,12.685098629148264,535770200.0
2023-02-03,300.37860107421875,12.25070095062256,12.007126094193394,534808400.0
2023-02-06,297.8376770019531,11.938672065734863,11.700869535190044,323632400.0
2023-02-07,304.00848388671875,12.677939414978027,12.426640015691746,519789200.0
2023-02-08,298.6028747558594,11.99627685546875,11.762158285119371,362514400.0
2023-02-09,295.9638061523437,11.67464828491211,11.44877694463574,395196800.0
2023-02-10,294.0214233398437,11.434626579284668,11.221888077745458,367863400.0
2023-02-13,298.7304077148437,11.977075576782228,11.75962233902413,279739800.0
2023-02-14,300.93780517578125,12.236298561096191,12.018789944459892,511474400.0
2023-02-15,303.2432556152344,12.50992202758789,12.293463061402736,275527400.0
2023-02-16,297.5531616210937,11.794658660888672,11.599848786084678,388993000.0
2023-02-17,295.45367431640625,11.54023551940918,11.352812180579823,389804800.0
2023-02-21,288.4588317871094,10.728962898254396,10.545016646182807,300937600.0
2023-02-22,288.6746826171875,10.738564491271973,10.567328330393712,334677400.0
2023-02-23,291.1959533691406,11.0073881149292,10.84284855522986,359540000.0
2023-02-24,286.3200988769531,10.45053768157959,10.296783898697276,345563600.0
2023-02-27,288.3705444335937,10.676156997680664,10.516672809153771,277508800.0
2023-02-28,287.9977111816406,10.6233549118042,10.47452505524072,254631600.0
2023-03-01,285.6824951171875,10.36413288116455,10.220559256228617,308773800.0
2023-03-02,288.0467529296875,10.613752365112305,10.472991236507346,315874600.0
2023-03-03,294.00177001953125,11.26180934906006,11.12118918147747,303353200.0
2023-03-06,294.3353881835937,11.309815406799316,11.157613609529475,303699800.0
2023-03-07,290.7250671386719,10.887378692626951,10.74559584246874,352663000.0
2023-03-08,292.1770935058594,11.036189079284668,10.905216097349,290985600.0
2023-03-09,287.11480712890625,10.455339431762695,10.33697488105872,393667400.0
2023-03-10,283.0826721191406,10.023298263549805,9.900135170348118,629715200.0
2023-03-13,285.1820983886719,10.239320755004885,10.119125011436097,659081400.0
2023-03-14,291.7356262207031,10.935380935668944,10.815436533368608,434325800.0
2023-03-15,293.2659912109375,11.093794822692873,10.98424557108017,549118800.0
2023-03-16,300.9966735839844,11.97227668762207,11.851483982201152,456714200.0
2023-03-17,299.5741577148437,11.794658660888672,11.68192391922438,403540600.0
2023-03-20,300.6372985839844,11.91947078704834,11.804788582971144,328356000.0
2023-03-21,304.9310913085937,12.423516273498535,12.309064215493626,270290200.0
2023-03-22,300.78472900390625,11.91653060913086,11.805351131436142,475836200.0
2023-03-23,304.3514099121094,12.341434478759766,12.223788707815883,392994400.0
2023-03-24,305.4715270996094,12.466968536376951,12.357174768952495,338830200.0
2023-03-27,303.3786926269531,12.211064338684082,12.101597498096396,273591200.0
2023-03-28,301.7672424316406,12.008272171020508,11.907196766323016,236041400.0
2023-03-29,307.2696838378906,12.664937019348145,12.55701006551999,238730600.0
2023-03-30,310.1781005859375,13.007753372192385,12.91195966416426,260300000.0
2023-03-31,315.3365783691406,13.645105361938477,13.55449841881435,254044200.0
2023-04-03,314.5700988769531,13.54853630065918,13.453910054614544,250232600.0
2023-04-04,313.5090026855469,13.41334056854248,13.31602755758591,232180800.0
2023-04-05,310.4138488769531,12.983613967895508,12.919917485033746,258274000.0
2023-04-06,312.5067138671875,13.244345664978027,13.179575670633737,241920600.0
2023-04-10,312.3298645019531,13.215375900268556,13.155500063840543,237057600.0
2023-04-11,310.3254699707031,12.959470748901367,12.90052426640635,208521600.0
2023-04-12,307.5841369628906,12.616652488708496,12.55698041434498,348038600.0
2023-04-13,313.6072082519531,13.340914726257324,13.293027644923834,247523000.0
2023-04-14,313.0177001953125,13.263659477233888,13.216349265943224,285332200.0
2023-04-17,313.28302001953125,13.27814483642578,13.248251405673477,228617800.0
2023-04-18,313.3025817871094,13.287802696228027,13.2490238439185,212829800.0
2023-04-19,313.1552734375,13.258829116821287,13.228626227050007,191850600.0
2023-04-20,310.7675476074219,12.949810981750488,12.924325197208836,273695200.0
2023-04-21,311.0918273925781,12.973956108093262,12.963116550482331,228888000.0
2023-04-24,310.443359375,12.896699905395508,12.880379579075166,215290800.0
2023-04-25,304.5871887207031,12.167609214782717,12.1497954206089,276576000.0
2023-04-26,306.4344177246094,12.370403289794922,12.369282352886744,249724600.0
2023-04-27,314.76666259765625,13.369885444641112,13.376684333624697,255631200.0
2023-04-28,316.93817138671875,13.64027500152588,13.651807259649438,261072200.0
2023-05-01,316.5745544433594,13.601648330688477,13.603058569962757,178002600.0
2023-05-02,313.8135681152344,13.23951816558838,13.245388699317822,249312000.0
2023-05-03,311.7599792480469,12.978781700134276,12.983647227713254,340267600.0
2023-05-04,310.6595458984375,12.833929061889648,12.844485187858014,242621600.0
2023-05-05,317.2624206542969,13.620963096618652,13.66183255744116,195603200.0
2023-05-08,318.0484924316406,13.732015609741213,13.761618489143634,151477000.0
2023-05-09,316.0341796875,13.466452598571776,13.498371501805998,129681400.0
2023-05-10,319.4731750488281,13.901010513305664,13.93728644532488,303102000.0
2023-05-11,320.51470947265625,14.01689338684082,14.071801725516876,194683000.0
2023-05-12,319.3651123046875,13.872040748596191,13.91857127669485,210763400.0
2023-05-15,321.09442138671875,14.084489822387695,14.142875781733585,172935200.0
2023-05-16,321.4580078125,14.137603759765623,14.189094502921645,159327000.0
2023-05-17,325.3489074707031,14.644586563110352,14.70249452749768,202209200.0
2023-05-18,331.3917236328125,15.431617736816406,15.519820958850136,271867600.0
2023-05-19,330.6449890136719,15.32539176940918,15.412904818811924,198058400.0
2023-05-22,331.7553405761719,15.484731674194336,15.566192258736006,166624800.0
2023-05-23,327.5499267578125,14.88600730895996,14.97222106965391,212630000.0
2023-05-24,325.86968994140625,14.644586563110352,14.739879823581932,235945000.0
2023-05-25,333.7991027832031,15.702008247375488,15.81397807523687,261747000.0
2023-05-26,342.3277587890625,16.889801025390625,17.02409183549163,252784400.0
2023-05-30,343.8802795410156,17.126392364501953,17.253517781901753,270612800.0
2023-05-31,341.9249572753906,16.778749465942383,16.95697839023462,210289000.0
2023-06-01,345.87481689453125,17.387126922607422,17.542443113537566,216759200.0
2023-06-02,348.4688415527344,17.778228759765625,17.934879231824382,216505600.0
2023-06-05,348.7145080566406,17.81686019897461,17.970496944837162,206261800.0
2023-06-06,348.65557861328125,17.79754638671875,17.959067884619653,159509000.0
2023-06-07,342.7405090332031,16.889801025390625,17.04270433786362,228485400.0
2023-06-08,346.9949951171875,17.469213485717773,17.675165959569004,188153800.0
2023-06-09,348.3214416503906,17.68166160583496,17.87558438695758,207944000.0
2023-06-12,354.20709228515625,18.58457374572754,18.779419086389623,154857400.0
2023-06-13,356.9288024902344,18.99981689453125,19.209896640773238,266534200.0
2023-06-14,359.5227966308594,19.405405044555664,19.626244248313075,305313000.0
2023-06-15,363.8068542480469,20.08621406555176,20.325308450806094,255874000.0
2023-06-16,361.5173645019531,19.699939727783203,19.93895568947156,224810400.0
2023-06-20,360.9999084472656,19.603368759155277,19.850764621048977,168249800.0
2023-06-21,356.0802917480469,18.81772232055664,19.036639696464373,199266600.0
2023-06-22,360.2816162109375,19.44256019592285,19.708012820044463,210199200.0
2023-06-23,356.71002197265625,18.86616325378418,19.119353409553494,225152400.0
2023-06-26,351.9280700683594,18.1202335357666,18.347961006323363,216900000.0
2023-06-27,357.9792175292969,19.016319274902344,19.29203335137409,195354000.0
2023-06-28,358.6778259277344,19.13256454467773,19.402491460873865,217352600.0
2023-06-29,357.9595642089844,19.001785278320312,19.2834261886459,198266400.0
2023-06-30,363.4793090820313,19.859119415283203,20.17299091836782,184308800.0
2023-07-03,364.3353576660156,19.994741439819336,20.31291953257914,79868000.0
2023-07-05,364.3255310058594,19.980209350585938,20.30865517865273,139007400.0
2023-07-06,361.55084228515625,19.51036834716797,19.84202525802972,170473400.0
2023-07-07,360.3504638671875,19.31178092956543,19.64183381766188,168624800.0
2023-07-10,360.4685668945313,19.326311111450195,19.65861218690362,172013600.0
2023-07-11,362.24945068359375,19.602399826049805,19.947444152467785,162478600.0
2023-07-12,366.8246765136719,20.32895851135254,20.700681740736623,230335400.0
2023-07-13,373.0528564453125,21.341283798217773,21.752418525202703,164773200.0
2023-07-14,372.9741516113281,21.321908950805664,21.735844406092344,186056400.0
2023-07-17,376.4571838378906,21.912841796875,22.34198291747737,145525200.0
2023-07-18,379.5368347167969,22.43595695495605,22.88741379382975,196113200.0
2023-07-19,379.4483642578125,22.43595695495605,22.868455644996622,200573800.0
2023-07-20,370.7012939453125,20.86176300048828,21.28400945558434,233862800.0
2023-07-21,369.5894470214844,20.677703857421875,21.089751595853404,205108600.0
2023-07-24,370.1798400878906,20.76004409790039,21.188098794739798,126429200.0
2023-07-25,372.6888427734375,21.17659950256348,21.616190838564275,138199200.0
2023-07-26,371.4490966796875,20.958635330200195,21.397683751188755,205764600.0
2023-07-27,370.5635070800781,20.7794189453125,21.24187731924192,261103200.0
2023-07-28,377.3132019042969,21.903156280517575,22.399878563410702,204487600.0
2023-07-31,377.510009765625,21.946746826171875,22.43204012134011,159009200.0
2023-08-01,376.6343994140625,21.7772159576416,22.27305691699892,153056600.0
2023-08-02,368.3694458007813,20.353178024291992,20.80388771894301,258044000.0
2023-08-03,367.7791137695313,20.207862854003903,20.70118555105868,201340200.0
2023-08-04,366.0571594238281,19.92692756652832,20.407743742532105,247452800.0
2023-08-07,369.1565551757813,20.42098426818848,20.92348615243333,149792200.0
2023-08-08,366.0178527832031,19.897869110107425,20.387089517820087,188780000.0
2023-08-09,361.99365234375,19.234281539916992,19.71201876844172,199430600.0
2023-08-10,362.6626892089844,19.321468353271484,19.81877084127621,260554200.0
2023-08-11,360.3504638671875,18.933969497680664,19.43713875691204,201573800.0
2023-08-14,364.3943176269531,19.563650131225582,20.08900185458436,142553600.0
2023-08-15,360.5276184082031,18.963037490844727,19.44689842492069,162553600.0
2023-08-16,356.71002197265625,18.33335494995117,18.826624727598603,190222000.0
2023-08-17,352.8136291503906,17.713363647460938,18.20725827727896,210232800.0
2023-08-18,352.37091064453125,17.63102149963379,18.136368564854777,247002000.0
2023-08-21,358.0481262207031,18.483510971069336,19.010639651535914,191487200.0
2023-08-22,357.5364990234375,18.401168823242188,18.9266920669246,180368000.0
2023-08-23,363.17425537109375,19.268184661865234,19.81957760074456,175454000.0
2023-08-24,355.4112243652344,17.9991397857666,18.54606040947525,232397200.0
2023-08-25,358.1661682128906,18.42538833618164,18.97494287248208,278289400.0
2023-08-28,360.8621520996094,18.837099075317383,19.400978606048483,182641000.0
2023-08-29,368.7432861328125,20.038331985473636,20.6696122538282,187495600.0
2023-08-30,370.7997131347656,20.37254905700684,21.01275963835533,185958200.0
2023-08-31,371.9115295410156,20.55660629272461,21.199064368331555,162242800.0
2023-09-01,371.5179748535156,20.48395347595215,21.129031101238315,165058400.0
2023-09-05,371.990234375,20.537233352661133,21.206880324085617,123778600.0
2023-09-06,368.7137756347656,19.994741439819336,20.643778978347115,148058200.0
2023-09-07,366.076904296875,19.558809280395508,20.19821110808076,168623000.0
2023-09-08,366.5885009765625,19.61693382263184,20.280286857835648,149541600.0
2023-09-11,370.907958984375,20.28536605834961,20.99454917040283,141712800.0
2023-09-12,366.795166015625,19.636308670043945,20.293449691046785,155524200.0
2023-09-13,368.1922607421875,19.83005714416504,20.5227200491042,170849400.0
2023-09-14,371.2030944824219,20.2950496673584,21.023536086959805,152379800.0
2023-09-15,364.846923828125,19.2536563873291,19.940855426888845,179839600.0
2023-09-18,365.2273254394531,19.29724884033203,20.000655693471785,124798200.0
2023-09-19,364.4489440917969,19.18100357055664,19.87019758557019,148741400.0
2023-09-20,359.1970520019531,18.34932518005371,19.00861541698889,196038400.0
2023-09-21,352.6148986816406,17.30426597595215,17.96118537862542,216821200.0
2023-09-22,352.6641845703125,17.31884765625,17.96639949305413,188181200.0
2023-09-25,354.3392639160156,17.54730224609375,18.22009114098333,162538400.0
2023-09-26,349.0184326171875,16.76472282409668,17.3969504958245,210679400.0
2023-09-27,349.8362731933594,16.866798400878906,17.51700264565158,256871600.0
2023-09-28,352.7627258300781,17.275102615356445,17.954342653832796,268145800.0
2023-09-29,353.0189514160156,17.313989639282227,17.991149065904935,286858200.0
2023-10-02,355.965087890625,17.727149963378906,18.439265846171143,236463200.0
2023-10-03,349.7179870605469,16.789030075073242,17.466072926120304,266539000.0
2023-10-04,354.4772644042969,17.469532012939453,18.176901630417422,252759200.0
2023-10-05,353.4327697753906,17.28482437133789,18.013877538293844,218006200.0
2023-10-06,359.3547058105469,18.154895782470703,18.917046956504123,294897400.0
2023-10-09,361.18743896484375,18.4222354888916,19.204040937172625,210966000.0
2023-10-10,363.1876525878906,18.723608016967773,19.52061242798065,216109600.0
2023-10-11,365.7791442871094,19.1221866607666,19.935956444932145,191710800.0
2023-10-12,364.5079956054688,18.898591995239254,19.72554117132277,236509200.0
2023-10-13,359.9261474609375,18.184062957763672,18.979148868876504,259511000.0
2023-10-16,363.9956970214844,18.79651641845703,19.62047049552888,173152200.0
2023-10-17,362.8034362792969,18.616668701171875,19.425139693422743,210387000.0
2023-10-18,358.0441589355469,17.829225540161133,18.65817302774416,263165200.0
2023-10-19,354.69403076171875,17.352876663208008,18.132026429599957,370050400.0
2023-10-20,349.4027709960937,16.57029151916504,17.31821643755382,277722800.0
2023-10-23,350.45709228515625,16.71611785888672,17.472754984648937,263599000.0
2023-10-24,353.8663024902344,17.18760871887207,17.980420111672707,245074600.0
2023-10-25,345.2051696777344,15.92867374420166,16.657849075261574,328363200.0
2023-10-26,338.62310791015625,15.000271797180176,15.70284923920968,374047400.0
2023-10-27,340.2489318847656,15.214144706726074,15.92700455334674,294702200.0
2023-10-30,344.0818786621094,15.705080032348633,16.46320876778667,264305600.0
2023-10-31,345.7274169921875,15.93353271484375,16.69728582076812,222923600.0
2023-11-01,351.7281188964844,16.755001068115234,17.564563052418418,332635600.0
2023-11-02,358.11309814453125,17.644515991210938,18.51885422990193,234134000.0
2023-11-03,362.3205261230469,18.266695022583008,19.169192365190767,228661200.0
2023-11-06,363.7985534667969,18.4757080078125,19.40131193909945,183599600.0
2023-11-07,367.2374572753906,18.99580955505371,19.948997186869573,204502200.0
2023-11-08,367.4739379882813,19.029834747314453,19.98496156272113,187960200.0
2023-11-09,364.6459655761719,18.57778549194336,19.520987796715712,258365200.0
2023-11-10,372.8440551757813,19.81727409362793,20.835100879522685,248927600.0
2023-11-13,371.6813659667969,19.637426376342773,20.637494163341383,180430400.0
2023-11-14,379.6823425292969,20.87205696105957,21.967586870516804,233552400.0
2023-11-15,379.9680480957031,20.93038749694824,22.014343532192527,218432600.0
2023-11-16,380.2932434082031,20.96441078186035,22.0680261390735,178045000.0
2023-11-17,380.3819274902344,20.97899436950684,22.080617689964672,157517000.0
2023-11-20,385.012939453125,21.727548599243164,22.88423940613437,165655600.0
2023-11-21,382.7762756347656,21.33383178710937,22.482461222762268,148275200.0
2023-11-22,384.3429870605469,21.581722259521484,22.755624139169857,171446400.0
2023-11-24,383.8010559082031,21.47479248046875,22.656430609155503,63975400.0
2023-11-27,383.466064453125,21.411602020263672,22.594182156430502,121856400.0
2023-11-28,384.4710998535156,21.581722259521484,22.7689199857697,158349000.0
2023-11-29,384.0965881347656,21.503955841064453,22.699445035575327,177523200.0
2023-11-30,383.1310119628906,21.324106216430664,22.52532473046921,186394600.0
2023-12-01,384.2247619628906,21.503955841064453,22.71533224459268,172937600.0
2023-12-04,380.6578369140625,20.891498565673828,22.07977270956324,181143600.0
2023-12-05,381.6135559082031,21.04218292236328,22.243231299677657,167540400.0
2023-12-06,379.4064331054688,20.66790580749512,21.854419690729426,163000600.0
2023-12-07,384.7075500488281,21.53311920166016,22.76765860331568,162755400.0
2023-12-08,386.4220886230469,21.79073905944824,23.06912923032544,181789000.0
2023-12-11,389.7229614257813,22.34486389160156,23.657332295424048,151540000.0
2023-12-12,392.8268127441406,22.884408950805664,24.219518824460405,142899400.0
2023-12-13,397.8224487304688,23.69128799438477,25.140403535323376,230081400.0
2023-12-14,397.4776306152344,23.65240478515625,25.071787575199867,202697800.0
2023-12-15,399.3990783691406,23.934329986572266,25.432151646934354,156731000.0
2023-12-18,401.9146728515625,24.434986114501957,25.90941970818612,116436000.0
2023-12-19,403.9682922363281,24.799541473388672,26.3032364816788,120349600.0
2023-12-20,397.9654541015625,23.69765281677246,25.127270118617847,176165000.0
2023-12-21,402.5958862304688,24.48367118835449,26.00111530774075,149089400.0
2023-12-22,403.1982421875,24.5813102722168,26.11446773283389,132420000.0
2023-12-26,405.6665344238281,25.03046417236328,26.590699810399737,87371200.0
2023-12-27,406.4922790527344,25.16227912902832,26.74964726657572,111495600.0
2023-12-28,406.2947387695313,25.098812103271484,26.7071980309744,85768200.0
2023-12-29,404.5364074707031,24.752185821533203,26.35700819601365,134245400.0
2024-01-02,397.6907348632813,23.497488021850582,25.015546755586342,176270600.0
2024-01-03,393.4826354980469,22.74564743041992,24.21822555221641,167812200.0
2024-01-04,391.4575500488281,22.36484718322754,23.841178657814893,143735400.0
2024-01-05,391.92181396484375,22.44783973693848,23.922928748374886,170481600.0
2024-01-08,400.0220336914063,23.8001766204834,25.403155796023512,135374200.0
2024-01-09,400.812255859375,23.956403732299805,25.55042604798177,148431600.0
2024-01-10,403.5288696289063,24.42996597290039,26.066654392218787,147621000.0
2024-01-11,404.3684997558594,24.547134399414062,26.226003444644764,190228400.0
2024-01-12,404.5758972167969,24.57642936706543,26.26297314039172,128214000.0
2024-01-16,404.5364074707031,24.56178474426269,26.25189431656461,145874000.0
2024-01-17,402.2545166015625,24.137039184570312,25.804265798842,166554600.0
2024-01-18,407.9642333984375,25.17204475402832,26.899756172934183,182140800.0
2024-01-19,416.0545349121094,26.62690544128418,28.496625437651662,186359400.0
2024-01-22,416.5978698730469,26.73431205749512,28.60459199012105,149656600.0
2024-01-23,418.3265380859375,27.051647186279297,28.956984769401704,112172000.0
2024-01-24,420.6479187011719,27.49591827392578,29.43531369807882,179718600.0
2024-01-25,421.16156005859375,27.574031829833984,29.53934389694644,151395200.0
2024-01-26,418.6525268554688,27.066295623779297,29.007598587345765,128382600.0
2024-01-29,422.939697265625,27.862075805664062,29.895004526314967,115977200.0
2024-01-30,420.1243591308594,27.305517196655277,29.29415072893084,119554400.0
2024-01-31,411.8957824707031,25.69930648803711,27.56910114287434,203451600.0
2024-02-01,416.7460021972656,26.607378005981445,28.53945220637266,162261400.0
2024-02-02,423.7892150878906,27.945072174072266,29.982762520214276,198505000.0
2024-02-05,423.236083984375,27.80349349975586,29.86149337751176,139947800.0
2024-02-06,422.3865051269531,27.642377853393555,29.67781414784397,140124200.0
2024-02-07,426.7329711914063,28.46745491027832,30.590162238528663,131823400.0
2024-02-08,427.5232543945313,28.584625244140625,30.756168830420695,98922200.0
2024-02-09,431.7314453125,29.424341201782227,31.66041678272309,110222000.0
2024-02-12,430.0421447753906,29.077716827392575,31.28468457888237,116255000.0
2024-02-13,423.3348083496094,27.700965881347656,29.816813339204145,188933000.0
2024-02-14,427.947998046875,28.579742431640625,30.787731162597066,156151400.0
2024-02-15,429.2222900390625,28.818965911865234,31.05878696046659,130057200.0
2024-02-16,425.3302307128906,28.028064727783203,30.20988442963876,151933000.0
2024-02-20,422.1198120117188,27.37874794006348,29.52190860164101,163321000.0
2024-02-21,420.4305725097656,27.03700256347656,29.16367731053916,152898600.0
2024-02-22,432.7389831542969,29.37552070617676,31.72127821332309,179279200.0
2024-02-23,431.4646606445313,29.107006072998047,31.436948709561342,140390800.0
2024-02-26,431.2374572753906,29.067951202392575,31.38322995868353,109875400.0
2024-02-27,432.2747192382813,29.24858665466309,31.60564060551115,109399800.0
2024-02-28,429.9729919433594,28.7750244140625,31.096692518640925,123503400.0
2024-02-29,433.6575927734375,29.46828269958496,31.892118344623828,136959800.0
2024-03-01,440.1872253417969,30.820619583129883,33.32861361753349,140959600.0
2024-03-04,438.6165466308594,30.454463958740234,32.96754352380668,120418600.0
2024-03-05,430.74359130859375,28.8238468170166,31.18803560959349,193207000.0
2024-03-06,433.4502258300781,29.355993270874023,31.771934252942643,181677400.0
2024-03-07,440.0291748046875,30.66439247131348,33.21454744844978,142370800.0
2024-03-08,433.6774291992188,29.321821212768555,31.771923278430027,296451200.0
2024-03-11,432.06732177734375,28.980073928833008,31.41394673605314,146770000.0
2024-03-12,438.2609252929688,30.21036148071289,32.76083274372748,170560000.0
2024-03-13,434.8924560546875,29.50733757019043,32.001207652375065,143779800.0
2024-03-14,433.7959899902344,29.268115997314453,31.755031208285587,162480400.0
2024-03-15,428.6394958496094,28.19894027709961,30.618526567334136,140883800.0
2024-03-18,432.7276306152344,28.994718551635746,31.490645705476943,129193800.0
2024-03-19,433.8057556152344,29.194881439208984,31.721956185888253,118810000.0
2024-03-20,438.94927978515625,30.231170654296875,32.84622088538869,156556000.0
2024-03-21,441.0264587402344,30.62314796447754,33.30828399141653,126541800.0
2024-03-22,441.5309143066406,30.686845779418945,33.41828279943368,91574800.0
2024-03-25,439.9285583496094,30.373262405395508,33.05013722836203,86669400.0
2024-03-26,438.5041198730469,30.08907890319824,32.7248354232599,93986000.0
2024-03-27,439.9977416992188,30.353662490844727,33.055012869603715,111388600.0
2024-03-28,439.1866455078125,30.16257667541504,32.86794634199386,87023400.0
2024-04-01,440.1164855957031,30.34876251220703,33.07246849129393,112290600.0
2024-04-02,436.3181457519531,29.5354118347168,32.211924978483786,109672800.0
2024-04-03,437.2974243164063,29.73139953613281,32.42465972680804,111683800.0
2024-04-04,430.6108093261719,28.33008575439453,30.933082152086147,167520400.0
2024-04-05,435.6851196289063,29.329626083374023,32.02263591618252,154897200.0
2024-04-08,435.813720703125,29.349225997924805,32.046860739742705,89725400.0
2024-04-09,437.4259948730469,29.653005599975582,32.39839405707107,119965000.0
2024-04-10,433.6078796386719,28.873952865600582,31.54583648184467,202080600.0
2024-04-11,440.5318908691406,30.231170654296875,33.052973284286395,146931200.0
2024-04-12,433.5090637207031,28.77105712890625,31.467947102403706,172589800.0
2024-04-15,426.3773193359375,27.32564926147461,29.91083065886717,203656200.0
2024-04-16,426.4169006347656,27.33054542541504,29.91530161595213,163766200.0
2024-04-17,421.2140502929688,26.316307067871094,28.81642320935696,171026400.0
2024-04-18,418.81048583984375,25.84593772888184,28.319401790279205,172781600.0
2024-04-19,410.1455993652344,24.24373435974121,26.55802414871753,250807600.0
2024-04-22,414.2703247070313,24.94928741455078,27.35585864952685,142604800.0
2024-04-23,420.452392578125,26.0615234375,28.57700619919828,151835000.0
2024-04-24,421.8768005371094,26.316307067871094,28.863758642555155,144316800.0
2024-04-25,419.839111328125,25.89493179321289,28.441793835918837,172827200.0
2024-04-26,426.3180236816406,27.085561752319336,29.75485649329691,135994600.0
2024-04-29,428.0489807128906,27.40894317626953,30.113453877592587,102355000.0
2024-04-30,419.97760009765625,25.841035842895508,28.40609202968045,125248600.0
2024-05-01,416.9409790039063,25.282468795776367,27.78626183516851,208076800.0
2024-05-02,422.2625122070313,26.21831512451172,28.846608157273465,124829800.0
2024-05-03,430.7493286132813,27.78131866455078,30.582201597135636,150878000.0
2024-05-06,435.4675598144531,28.69266700744629,31.58320628299617,82530800.0
2024-05-07,435.5367736816406,28.69266700744629,31.594191106017703,93320400.0
2024-05-08,435.2795715332031,28.638769149780277,31.534141907353515,78027200.0
2024-05-09,436.2290954589844,28.79555892944336,31.73644024707548,81439200.0
2024-05-10,437.25787353515625,28.99154281616211,31.95688194153457,92669600.0
2024-05-13,438.2667236328125,29.18263435363769,32.173953575404546,67722000.0
2024-05-14,441.0857849121094,29.72649955749512,32.79065971000597,92952800.0
2024-05-15,447.9800720214844,31.098419189453125,34.324009071767854,130481400.0
2024-05-16,447.0701293945313,30.907331466674805,34.11042258651231,87715200.0
2024-05-17,446.85247802734375,30.83873748779297,34.05620280875782,70099600.0
2024-05-20,449.96826171875,31.47569274902344,34.7642035036091,74539000.0
2024-05-21,450.84857177734375,31.63738441467285,34.963754516088414,62314000.0
2024-05-22,450.7595520019531,31.617786407470703,34.93853282271137,80039400.0
2024-05-23,448.7318115234375,31.14741516113281,34.46251244735399,130877800.0
2024-05-24,452.9752807617188,32.019561767578125,35.43575887954748,82558000.0
2024-05-28,454.6864318847656,32.36743927001953,35.832771425677954,83186400.0
2024-05-29,451.4816284179688,31.6912841796875,35.07045919167426,79282200.0
2024-05-30,446.6448059082031,30.672143936157227,33.93878169673626,84703600.0
2024-05-31,445.8138732910156,30.637845993041992,33.744985057927174,143746400.0
2024-06-03,448.2075805664063,30.936729431152344,34.284191907216425,111435000.0
2024-06-04,449.43408203125,31.16701316833496,34.56122041604621,88491800.0
2024-06-05,458.49462890625,33.04849624633789,36.64701378264362,104871400.0
2024-06-06,458.33636474609375,33.00930404663086,36.60433594872513,73031200.0
2024-06-07,457.9308166503906,32.886810302734375,36.50244786204645,89943400.0
2024-06-10,459.7804870605469,33.23468780517578,36.940059531252594,72041800.0
2024-06-11,462.9358215332031,33.920650482177734,37.695818953912166,71386800.0
2024-06-12,468.999267578125,35.25826644897461,39.17215366210511,124402600.0
2024-06-13,471.5413513183594,35.82173156738281,39.80406592988925,87285000.0
2024-06-14,473.9844970703125,36.341102600097656,40.417627852812586,71555000.0
2024-06-17,479.7907104492188,37.65911865234375,41.89773630744923,93354600.0
2024-06-18,479.9390869140625,37.6787223815918,41.93120165288033,66433200.0
2024-06-20,476.23974609375,36.79187774658203,40.956182412052925,105455000.0
2024-06-21,474.9637451171875,36.45379638671875,40.62169355014292,77341800.0
2024-06-24,469.5564880371094,35.21906661987305,39.22907128870612,93754600.0
2024-06-25,474.9260864257813,36.394996643066406,40.56981842296206,77675000.0
2024-06-26,475.9068908691406,36.62271881103516,40.81593521710058,72549600.0
2024-06-27,477.1353759765625,36.88832473754883,41.12675057669599,74115400.0
2024-06-28,474.6585693359375,36.30793762207031,40.48097837156392,107803000.0
2024-07-01,477.4425048828125,36.90307235717773,41.18803451209348,86557400.0
2024-07-02,482.45550537109375,38.0343132019043,42.48010583644543,74950200.0
2024-07-03,486.477783203125,38.96882247924805,43.53710726223842,56150400.0
2024-07-05,491.5501708984375,40.14924240112305,44.89334323006216,79624600.0
2024-07-08,492.71923828125,40.41483688354492,45.20786439425248,73365600.0
2024-07-09,493.1452331542969,40.50337600708008,45.319289091806894,72033600.0
2024-07-10,498.2870178222656,41.77233123779297,46.73100838525929,77554800.0
2024-07-11,487.3595275878906,39.02783584594727,43.65053043376217,149329000.0
2024-07-12,490.2226867675781,39.66231918334961,44.4142183285605,101019800.0
2024-07-15,491.5403137207031,39.95742416381836,44.76661941665756,109900400.0
2024-07-16,491.7285461425781,39.9869384765625,44.81227301368863,83637600.0
2024-07-17,477.2938537597656,36.470252990722656,40.86009832149647,142840000.0
2024-07-18,475.03509521484375,35.9243049621582,40.27472425041513,131678400.0
2024-07-19,470.8246154785156,34.9504508972168,39.1986014342465,118249600.0
2024-07-22,477.83880615234375,36.47517395019531,40.945447799308894,112808600.0
2024-07-23,476.1545715332031,36.08169174194336,40.50720479440585,87127000.0
2024-07-24,459.0747375488281,32.191200256347656,36.14295504068996,159575200.0
2024-07-25,454.01220703125,31.118986129760746,34.94257280991254,188128000.0
2024-07-26,458.6685485839844,32.00922393798828,36.013175880960794,137407000.0
2024-07-29,459.5899353027344,32.196128845214844,36.22556245359235,115640800.0
2024-07-30,453.2791137695313,30.882902145385746,34.72860365296887,143063600.0
2024-07-31,466.69329833984375,33.583126068115234,37.807361697517415,173408400.0
2024-08-01,455.3893432617188,31.16325187683105,35.0552445748796,210693200.0
2024-08-02,444.5807189941406,28.890932083129883,32.5546227555093,209844000.0
2024-08-05,431.3250122070313,26.372690200805664,29.638457358072465,287924400.0
2024-08-06,435.4464111328125,27.03175926208496,30.484238053879597,192909400.0
2024-08-07,430.7305603027344,26.161195755004883,29.489879222627376,182751600.0
2024-08-08,443.9070129394531,28.55647850036621,32.192443836691204,152879200.0
2024-08-09,446.2252502441406,28.94503402709961,32.69265093197648,125592400.0
2024-08-12,447.1863098144531,29.141773223876957,32.89966878607349,108972600.0
2024-08-13,458.28216552734375,31.261621475219727,35.344403229978745,108962800.0
2024-08-14,458.4307556152344,31.31572532653809,35.37422258121125,124710600.0
2024-08-15,470.0121765136719,33.671653747558594,38.050655212753576,106424800.0
2024-08-16,470.6165161132813,33.76019287109375,38.19252206535729,89675200.0
2024-08-19,476.7985534667969,35.06850051879883,39.69269000276911,91599800.0
2024-08-20,475.7979431152344,34.852081298828125,39.43767144006691,97859000.0
2024-08-21,478.0170593261719,35.32917022705078,39.98439380089425,103000800.0
2024-08-22,470.4382019042969,33.63230514526367,38.07740323633188,127496400.0
2024-08-23,475.5403137207031,34.68977737426758,39.31138972942855,128753200.0
2024-08-26,470.9236450195313,33.671653747558594,38.16138232413999,84981400.0
2024-08-27,472.3304443359375,33.956932067871094,38.49845950037359,71532600.0
2024-08-28,466.970703125,32.806007385253906,37.18291564286928,118625800.0
2024-08-29,466.287109375,32.63386154174805,37.01482325533048,120033600.0
2024-08-30,471.8450012207031,33.74543380737305,38.33363807622952,92946800.0
2024-09-03,457.5193786621094,30.666484832763672,34.83716504633909,147572600.0
2024-09-04,456.3304748535156,30.40580940246582,34.561088211814415,96798400.0
2024-09-05,456.7565002441406,30.50417900085449,34.65342680462018,110171600.0
2024-09-06,444.521240234375,28.03020477294922,31.864143693228023,169904600.0
2024-09-09,450.2376098632813,29.07291412353516,33.08931397235181,110835000.0
2024-09-10,454.3986206054688,29.85494613647461,34.002460356564974,91582400.0
2024-09-11,464.2660827636719,31.758380889892575,36.21320770888539,163475200.0
2024-09-12,468.8233642578125,32.697811126708984,37.27495274585837,109802600.0
2024-09-13,470.9236450195313,33.125709533691406,37.77110751798424,87966600.0
2024-09-16,468.8431396484375,32.68305206298828,37.26562457265504,82331000.0
2024-09-17,469.0908203125,32.702720642089844,37.31987671361116,103114400.0
2024-09-18,467.0599060058594,32.27482223510742,36.83033597062848,166396200.0
2024-09-19,478.8691101074219,34.7143669128418,39.61925334764229,114801400.0
2024-09-20,477.9577026367188,34.49303436279297,39.3879257326254,96759600.0
2024-09-23,479.224609375,34.74879455566406,39.69605678637015,69837000.0
2024-09-24,481.53619384765625,35.24063873291016,40.26536811887902,81259600.0
2024-09-25,481.9826049804688,35.36399459838867,40.372157916496754,64724800.0
2024-09-26,485.6038208007813,36.11400985717773,41.27691745229882,107003200.0
2024-09-27,482.9052734375,35.49229049682617,40.58345250052004,82930600.0
2024-09-30,484.2148742675781,35.768611907958984,40.908393797635526,85862800.0
2024-10-01,477.4685668945313,34.2537841796875,39.19325140813624,134760200.0
2024-10-02,478.1432189941406,34.382080078125,39.35433223413323,79119400.0
2024-10-03,477.7860107421875,34.30312728881836,39.26105302346052,97749400.0
2024-10-04,483.4707336425781,35.51202774047852,40.6573777902167,110700400.0
2024-10-07,478.2919921875,34.34260177612305,39.345616447462994,82403400.0
2024-10-08,485.4351501464844,35.8327522277832,41.10338766386155,77914000.0
2024-10-09,489.2547607421875,36.69625473022461,42.06834146156216,78696200.0
2024-10-10,488.69915771484375,36.567962646484375,41.91959406147726,86060600.0
2024-10-11,489.4630737304688,36.66171646118164,42.11076701651045,70735200.0
2024-10-14,493.57037353515625,37.59922409057617,43.1654438109374,67691200.0
2024-10-15,486.972900390625,36.09920883178711,41.428918724326586,106307600.0
2024-10-16,487.0324096679688,36.079471588134766,41.43876176503521,70784200.0
2024-10-17,487.3696899414063,36.18802261352539,41.51950705502491,97697800.0
2024-10-18,490.5643310546875,36.8294792175293,42.3306141937418,64151600.0
2024-10-21,491.5068054199219,37.03179168701172,42.56913004418651,74995800.0
2024-10-22,492.0425415039063,37.14033889770508,42.70283724080633,76308000.0
2024-10-23,484.5025634765625,35.423213958740234,40.73421426153521,118172200.0
2024-10-24,488.4312744140625,36.2669677734375,41.719869662433965,78612800.0
2024-10-25,491.4075927734375,36.87882232666016,42.47716308435525,114826000.0
2024-10-28,491.4869384765625,36.913360595703125,42.49225861173997,69162200.0
2024-10-29,496.2093811035156,37.934757232666016,43.7116344218128,78545200.0
2024-10-30,492.4592590332031,37.09099197387695,42.71493757413816,80473200.0
2024-10-31,480.0281677246094,34.268585205078125,39.47468207363105,138905200.0
2024-11-01,483.5798950195313,34.998863220214844,40.34580834448344,96678800.0
2024-11-04,482.1711120605469,34.67319869995117,39.98799224750264,82214400.0
2024-11-05,488.3221435546875,35.99065017700195,41.513207185766966,79352600.0
2024-11-06,501.5865173339844,38.91175079345703,44.89074119529844,118794200.0
2024-11-07,509.4836120605469,40.73249435424805,47.00526024493821,99545200.0
2024-11-08,510.0789794921875,40.83118438720703,47.16398254553337,70060000.0
2024-11-11,509.7813720703125,40.75716400146485,47.075343523236775,70806000.0
2024-11-12,508.8586120605469,40.53512191772461,46.81363537130293,68286000.0
2024-11-13,508.2038879394531,40.35749435424805,46.62689691824535,74989000.0
2024-11-14,504.6719970703125,39.50386047363281,45.648745099634816,77651400.0
2024-11-15,492.6477355957031,36.64691162109375,42.37998908172822,120601600.0
2024-11-18,496.0704040527344,37.387054443359375,43.25782575886987,77551200.0
2024-11-19,499.4832458496094,38.13706588745117,44.14505414695461,80088200.0
2024-11-20,499.195556640625,38.0926513671875,44.06307944101447,101260600.0
2024-11-21,500.9913024902344,38.46765899658203,44.53291609331613,109865600.0
2024-11-22,501.79486083984375,38.61075210571289,44.74145445429456,79934800.0
2024-11-25,502.5885620117188,38.78839111328125,44.94798792069864,91515800.0
2024-11-26,505.2870788574219,39.3903694152832,45.66619792115208,69747200.0
2024-11-27,501.3087463378906,38.43805694580078,44.58165998173384,78463600.0
2024-11-29,505.7136840820313,39.41997528076172,45.75110865657884,40865800.0
2024-12-02,511.21978759765625,40.69795608520508,47.23959106100771,73638200.0
2024-12-03,512.787353515625,41.05815887451172,47.66805206163337,84810800.0
2024-12-04,519.1268920898438,42.55818176269531,49.42984801968702,69992600.0
2024-12-05,517.6883544921875,42.20784759521485,49.012549756130696,54020400.0
2024-12-06,522.3214111328125,43.29339218139648,50.32214100223609,62740600.0
2024-12-09,518.2538452148438,42.281856536865234,49.14000097589712,69577600.0
2024-12-10,516.4879150390625,41.82296752929688,48.63133297066827,71541600.0
2024-12-11,525.7342529296875,44.058204650878906,51.23690135835848,74897800.0
2024-12-12,522.34130859375,43.18483352661133,50.2382842144157,66348400.0
2024-12-13,526.3395385742188,44.11248016357422,51.38544026893797,79663600.0
2024-12-16,533.9191284179688,46.03191757202149,53.59874961511974,69967600.0
2024-12-17,531.56787109375,45.415130615234375,52.88372459296173,69168200.0
2024-12-18,512.3905029296875,40.50551986694336,47.15324497558435,134849200.0
2024-12-19,510.108642578125,39.933143615722656,46.51718993015688,113317600.0
2024-12-20,514.5632934570312,40.96934127807617,47.729857213781,145241000.0
2024-12-23,519.576416015625,42.1104736328125,49.11872069841772,83645800.0
2024-12-24,526.621826171875,43.7838020324707,51.11051996528809,48139600.0
2024-12-26,526.2640380859375,43.68973922729492,50.99975193735359,59062000.0
2024-12-27,519.2683715820312,41.912445068359375,48.95934167392379,102139000.0
2024-12-30,512.3621826171875,40.22921371459961,46.99957000673348,102844000.0
2024-12-31,508.0097961425781,39.17472076416016,45.79575799125932,105177600.0
2025-01-02,507.01611328125,38.92718505859375,45.52111572923978,141370600.0
2025-01-03,515.3134765625,40.7935905456543,47.75011384127349,92431600.0
2025-01-06,521.23583984375,42.18473052978516,49.39029196925208,92050000.0
2025-01-07,511.9348449707031,39.91237258911133,46.73994080926666,111021000.0
2025-01-08,512.0243530273438,39.94207763671875,46.75842689242816,96021200.0
2025-01-10,503.9952087402344,38.03606414794922,44.55271273752078,145651600.0
2025-01-13,502.37548828125,37.64000701904297,44.11741921049839,113382000.0
2025-01-14,501.89849853515625,37.506343841552734,43.98606292805732,125271000.0
2025-01-15,513.4453125,40.04108810424805,47.01625404357815,106919200.0
2025-01-16,509.84814453125,39.2242317199707,46.02200865240314,93055400.0
2025-01-17,518.4535522460938,41.159942626953125,48.34640098953961,87352200.0
2025-01-21,521.4943237304688,41.84313583374024,49.1908299081192,83451800.0
2025-01-22,528.1619873046875,43.46696090698242,51.071299142860845,86265400.0
2025-01-23,529.284912109375,43.73429107666016,51.39045794364618,60481000.0
2025-01-24,526.2938232421875,42.94713973999024,50.51257610278156,72479200.0
2025-01-27,510.9710388183594,39.17966842651367,46.09411300910937,161821600.0
2025-01-28,518.523193359375,40.917362213134766,48.13197967858512,101033400.0
2025-01-29,517.54931640625,40.66487121582031,47.85456900761831,118481200.0
2025-01-30,519.7553100585938,41.17478942871094,48.46031844641192,115171000.0
2025-01-31,519.0001220703125,40.9520149230957,48.24283224092448,118146600.0
2025-02-03,514.8463745117188,39.961875915527344,47.07829298841407,153257000.0
2025-02-04,521.1663818359375,41.41242980957031,48.80595068864075,84634600.0
2025-02-05,523.5313720703125,41.95204925537109,49.464080377073984,79694800.0
2025-02-06,526.2640380859375,42.58078384399414,50.23225853861338,76431000.0
2025-02-07,519.6260986328125,40.95696640014648,48.32499020166895,110870400.0
2025-02-10,525.9161987304688,42.39761734008789,50.073684696909126,65594200.0
2025-02-11,524.6641845703125,42.09561920166016,49.70960285705086,62602800.0
2025-02-12,524.9722900390625,42.179779052734375,49.79076426686871,96986600.0
2025-02-13,532.5243530273438,43.95707702636719,51.93315653312653,92920200.0
2025-02-14,534.76025390625,44.471946716308594,52.580608750073786,76057400.0
2025-02-18,535.9725341796875,44.74918746948242,52.9314193294957,68825200.0
2025-02-19,536.12158203125,44.75413513183594,52.96874906059725,68515800.0
2025-02-20,533.845947265625,44.209564208984375,52.28741776341657,80266000.0
2025-02-21,522.7662353515625,41.44213104248047,49.0250722517512,118627200.0
2025-02-24,516.5953369140625,39.95197677612305,47.28262459821707,106467400.0
2025-02-25,510.0866088867188,38.42716979980469,45.489343525625095,151194400.0
2025-02-26,511.3187255859375,38.67470169067383,45.81311374613882,126351400.0
2025-02-27,497.1188049316406,35.4666633605957,41.99035131172419,206751000.0
2025-02-28,504.9690551757813,37.09048843383789,43.97420532469165,186358000.0
2025-03-03,493.9190673828125,34.694358825683594,41.08173454853823,183891600.0
2025-03-04,492.4285278320313,34.31315231323242,40.70450721010782,261673800.0
2025-03-05,498.8478393554688,35.649837493896484,42.291130718312495,201266600.0
2025-03-06,485.1248168945313,32.69428253173828,38.7954589744057,245645400.0
2025-03-07,488.6922302246094,33.37252426147461,39.64631237133183,270354600.0
2025-03-10,469.7522888183594,29.610010147094727,35.03155470331444,312271600.0
2025-03-11,468.62939453125,29.263463973999023,34.77581704773813,278978600.0
2025-03-12,473.9159240722656,30.26349830627441,35.94823078293946,283837200.0
2025-03-13,465.3899230957031,28.609973907470703,34.00340908712843,242454600.0
2025-03-14,476.6386413574219,30.63974952697754,36.4646626488933,198217000.0
2025-03-17,479.72900390625,31.23383331298828,37.169231371117824,180300800.0
2025-03-18,471.5509033203125,29.659517288208008,35.263526934651686,175652400.0
2025-03-19,477.8608703613281,30.813024520874023,36.674593439150485,185186400.0
2025-03-20,476.2411804199219,30.49618148803711,36.29694061301074,176818200.0
2025-03-21,477.8111877441406,30.7833194732666,36.65123412073116,160982000.0
2025-03-24,488.2964477539063,32.73883819580078,39.059368892426086,126823000.0
2025-03-25,491.0829162597656,33.323020935058594,39.723007528324224,111139400.0
2025-03-26,482.0466918945313,31.4699764251709,37.525100017093855,157006400.0
2025-03-27,479.2999877929688,30.93372344970703,36.87880403957978,144736000.0
2025-03-28,466.68109130859375,28.4709415435791,33.96123674762774,207264200.0
2025-03-31,466.6611633300781,28.451080322265625,33.95250452739449,213709000.0
2025-04-01,470.4229736328125,29.10649871826172,34.76920936880912,194196400.0
2025-04-02,473.8562927246094,29.75695037841797,35.52599875017316,246174800.0
2025-04-03,448.4891357421875,24.97538375854492,29.815928562511758,280231400.0
2025-04-04,420.6339416503906,20.4023551940918,24.25657274771936,516053400.0
2025-04-07,421.6490478515625,20.481801986694336,24.429056681393188,791455200.0
2025-04-08,414.0557861328125,19.31495857238769,23.10611377182331,502295400.0
2025-04-09,463.7552185058594,26.12236213684082,31.423466123043283,713864000.0
2025-04-10,444.0306701660156,22.909822463989254,27.40988068334821,563385400.0
2025-04-11,452.2110900878906,24.121353149414062,28.921268934169795,358585800.0
2025-04-14,455.2762756347656,24.62781143188477,29.50564158494831,294861400.0
2025-04-15,455.7838134765625,24.722152709960938,29.60051266687036,209340200.0
2025-04-16,442.0403442382813,22.487773895263672,26.91901802678324,269148800.0
2025-04-17,441.9607238769531,22.42322540283203,26.900999000115977,202191600.0
2025-04-21,431.0236511230469,20.78468132019043,24.900394808803004,229539400.0
2025-04-22,442.33892822265625,22.373573303222656,26.858245348479844,260222800.0
2025-04-23,452.370361328125,23.858192443847656,28.68206691047498,303995400.0
2025-04-24,465.0987548828125,25.888994216918945,31.099457601029204,240615400.0
2025-04-25,470.28363037109375,26.743024826049805,32.13552633667803,226103200.0
2025-04-28,470.1343688964844,26.72316169738769,32.10078214802848,191356800.0
2025-04-29,473.23931884765625,27.244516372680664,32.732658642948934,169808000.0
2025-04-30,473.1795959472656,27.249483108520508,32.71604291362521,268446600.0
2025-05-01,479.3596801757813,28.18791961669922,33.99371089797298,205481600.0
2025-05-02,486.4752197265625,29.50868797302246,35.50311693694212,195097800.0
2025-05-05,483.5892333984375,28.997264862060547,34.866675759314106,138579000.0
2025-05-06,479.0910034179688,28.173025131225582,33.889213175014234,165885800.0
2025-05-07,480.9718627929688,28.500734329223636,34.28397697169089,207867200.0
2025-05-08,485.9378662109375,29.34980010986328,35.34149324191837,197621600.0
2025-05-09,485.6194152832031,29.28028678894043,35.26745223068045,146818800.0
2025-05-12,505.4036254882813,32.825496673583984,39.57330647189764,202490000.0
2025-05-13,513.1063232421875,34.32997512817383,41.37757374170912,170595400.0
2025-05-14,516.1814575195312,34.93574142456055,42.116183969323146,161184800.0
2025-05-15,516.7486572265625,35.044979095458984,42.24958676215776,161694800.0
2025-05-16,518.9978637695312,35.476959228515625,42.79582398481652,127627200.0
2025-05-19,519.4954223632812,35.5713005065918,42.913386441197744,143794200.0
2025-05-20,517.7638549804688,35.19890213012695,42.478736771286606,134069400.0
2025-05-21,510.5686645507813,33.73414611816406,40.70231799863954,219255200.0
2025-05-22,511.5240783691406,33.907928466796875,40.925562195924016,173542000.0
2025-05-23,506.7869262695313,32.92976379394531,39.78326451467783,214220800.0
2025-05-27,518.709228515625,35.223731994628906,42.5858685482233,130539600.0
2025-05-28,516.4102783203125,34.77188873291016,42.01414485823985,132542600.0
2025-05-29,517.4254150390625,34.94070816040039,42.2564929490574,193248800.0
2025-05-30,516.609375,34.75699234008789,42.05111086493013,187118200.0
2025-06-02,520.689697265625,35.55640411376953,43.04207904151071,137925400.0
2025-06-03,524.7598876953125,36.38560485839844,44.04589545375284,128728400.0
2025-06-04,526.222900390625,36.67856216430664,44.40860807994329,128889000.0
2025-06-05,522.2620239257812,35.82452774047852,43.40008859806608,198008800.0
2025-06-06,527.3672485351562,36.84737777709961,44.66722502625984,131215400.0
2025-06-09,528.1435546875,37.01123428344727,44.85871806457787,100363800.0
2025-06-10,531.63671875,37.72623443603516,45.74302289251441,122693000.0
2025-06-11,529.8452758789062,37.33893585205078,45.27470384918078,181652000.0
2025-06-12,531.0892944335938,37.58224487304688,45.587762673294485,126110000.0
2025-06-13,524.4215698242188,36.16217041015625,43.86484405248689,210666200.0
2025-06-16,531.7162475585938,37.63685989379883,45.68965801059412,116668600.0
2025-06-17,526.5313720703125,36.52463150024414,44.34717517669656,135418200.0
2025-06-18,526.4417114257812,36.474979400634766,44.31879852346885,142661400.0
2025-06-20,524.292236328125,35.97348403930664,43.77021617532647,163355000.0
2025-06-23,529.6832275390625,37.09067153930664,45.11475979627383,167572800.0
2025-06-24,537.783203125,38.77886962890625,47.17863911695031,113191600.0
2025-06-25,539.157958984375,39.07662963867188,47.53436589346525,101438200.0
2025-06-26,544.1992797851562,40.14715194702149,48.86162331660587,100144200.0
2025-06-27,546.0623779296875,40.540504455566406,49.35716115211217,146023600.0
2025-06-30,549.5992431640625,41.32721710205078,50.309857364476144,113721400.0
2025-07-01,544.9664306640625,40.276611328125,49.03111505015693,140390000.0
2025-07-02,548.7623291015625,41.07826232910156,50.04935020831474,100285000.0
2025-07-03,554.1622924804688,42.22845077514648,51.52038859494792,83484600.0
2025-07-07,549.9878540039062,41.287384033203125,50.34945066895817,139674800.0
2025-07-08,550.2966918945312,41.3421516418457,50.42777371234328,115515400.0
2025-07-09,554.1921997070312,42.198577880859375,51.49219054259585,117976200.0
2025-07-10,553.3952026367188,42.00438690185547,51.26339063225146,110317800.0
2025-07-11,552.1497802734375,41.68571853637695,50.91067012031352,106937600.0
2025-07-14,554.1524047851562,42.128868103027344,51.45805440396885,97311400.0
2025-07-15,554.660400390625,42.238407135009766,51.59293129027375,123257600.0
2025-07-16,555.2283325195312,42.35791015625,51.74475712754631,166357600.0
2025-07-17,559.7216186523438,43.34379196166992,52.99434262535568,97330800.0
2025-07-18,559.1836547851562,43.19441223144531,52.83470239747773,98496200.0
2025-07-21,562.0828857421875,43.851661682128906,53.64969089668972,87720400.0
2025-07-22,559.1737060546875,43.16951370239258,52.80974287986199,108345200.0
2025-07-23,561.7242431640625,43.73714065551758,53.5255664678134,118025200.0
2025-07-24,562.9197387695312,44.02593612670898,53.86040974136394,90378200.0
2025-07-25,564.2747192382812,44.2748908996582,54.24239613529348,79003200.0
2025-07-28,566.0382690429688,44.70808410644531,54.74397548649798,95592000.0
2025-07-29,565.1614990234375,44.50393295288086,54.48252398554759,116251200.0
2025-07-30,565.9186401367188,44.658294677734375,54.69446377241618,145527600.0
2025-07-31,562.9197387695312,43.9213752746582,53.81790071714926,178874600.0
2025-08-01,551.8309936523438,41.287384033203125,50.630541189436016,219781200.0
2025-08-04,562.0131225585938,43.54793548583984,53.42664251593098,108586000.0
2025-08-05,558.1973266601562,42.6417236328125,52.33152668776553,152088400.0
2025-08-06,565.2212524414062,44.23506164550781,54.30027397525643,128995200.0
2025-08-07,567.1340942382812,44.68318557739258,54.8445629612886,169239200.0
2025-08-08,572.4244995117188,45.88814926147461,56.37230900685567,104522600.0
2025-08-11,570.730712890625,45.48483657836914,55.8646241012112,94617000.0
2025-08-12,577.9041137695312,47.16282272338867,57.96387058746436,119469600.0
2025-08-13,578.193115234375,47.23252487182617,58.0433528382543,96058600.0
2025-08-14,577.7447509765625,47.10307312011719,57.90083368061172,106385800.0
2025-08-15,575.2042236328125,46.43585968017578,57.129538271874814,96167400.0
2025-08-18,574.9750366210938,46.3761100769043,57.05387862779904,73371400.0
2025-08-19,567.1740112304688,44.4840202331543,54.72426676195512,111118600.0
2025-08-20,563.8065185546875,43.67241287231445,53.74246012642271,164404200.0
2025-08-21,561.1962280273438,43.0649528503418,52.98908179396995,119920000.0
2025-08-22,569.85400390625,45.00185394287109,55.4346900329868,132726400.0
2025-08-25,568.210205078125,44.60850143432617,54.94781779482075,80452600.0
2025-08-26,570.4915771484375,45.12633514404297,55.602577314333935,84374600.0
2025-08-27,571.368408203125,45.33048248291016,55.851782787778944,90055200.0
2025-08-28,574.9451293945312,46.15702438354492,56.89346013608085,90658000.0
2025-08-29,568.2898559570312,44.49398040771485,54.91041023372431,121887000.0
2025-09-02,563.527587890625,43.35872650146485,53.52287832046891,166668000.0
2025-09-03,567.9610595703125,44.36949920654297,54.77922334918889,119929800.0
2025-09-04,573.1019287109375,45.569480895996094,56.25964943336437,101759600.0
2025-09-05,573.9288940429688,45.7188606262207,56.49593279893932,172625800.0
2025-09-08,576.728515625,46.37112808227539,57.31540419671608,101696800.0
2025-09-09,578.3624267578125,46.749549865722656,57.79514476072999,94620800.0
2025-09-10,578.5517578125,46.7993392944336,57.84444706286613,120818800.0
2025-09-11,581.9192504882812,47.58605194091797,58.84704451019139,91247200.0
2025-09-12,584.4896850585938,48.1785774230957,59.619263829785645,92235200.0
2025-09-15,589.4910888671875,49.40843200683594,61.14203517794608,78114400.0
2025-09-16,588.992919921875,49.27399444580078,60.9791364150724,77137200.0
2025-09-17,587.8173217773438,48.96030426025391,60.6061357517948,147697200.0
2025-09-18,593.11767578125,50.27979278564453,62.237774619063565,123401600.0
2025-09-19,597.1326904296875,51.27562713623047,63.49367057941246,84365400.0
2025-09-22,600.667724609375,52.14200210571289,64.61312905948336,81054600.0
2025-09-23,596.6779174804688,51.09139633178711,63.31725601088333,99930600.0
2025-09-24,594.583251953125,50.54216766357422,62.642252402887245,101055600.0
2025-09-25,592.0198364257812,49.864349365234375,61.8239653086434,122820600.0
2025-09-26,594.4535522460938,50.46242141723633,62.57843947560474,124097400.0
2025-09-29,597.20654296875,51.13525390625,63.43979205112842,92393200.0
2025-09-30,598.8424072265625,51.53396987915039,63.95292872381346,92323800.0
2025-10-01,601.7150268554688,52.26162338256836,64.86501542071827,93996400.0
2025-10-02,604.188720703125,52.89956665039063,65.65664088396467,89158600.0
2025-10-03,601.645263671875,52.18188095092773,64.81898443729703,103096400.0
2025-10-06,606.1636962890625,53.34812545776367,66.2710180828781,82476800.0
2025-10-07,602.9718627929688,52.48590087890625,65.21559198221581,100185800.0
2025-10-08,609.8842163085938,54.26517105102539,67.45003497971634,86931000.0
2025-10-09,609.1461181640625,54.05086135864258,67.1964431715679,87956200.0
2025-10-10,588.0000610351562,48.37913513183594,60.189749043269394,238009400.0
2025-10-13,600.4782104492188,51.44924545288086,64.01390488934423,114511200.0
2025-10-14,596.4784545898438,50.402610778808594,62.72646547321099,147230000.0
2025-10-15,600.6876831054688,51.43429183959961,64.04631674942989,127069400.0
2025-10-16,598.46337890625,50.86113739013672,63.326576573039766,159344000.0
2025-10-17,602.393310546875,51.82802200317383,64.56594684195184,142274000.0
2025-10-20,609.9839477539062,53.771759033203125,66.9983642425163,79928800.0
2025-10-21,609.8244018554688,53.711952209472656,66.93714842089489,79811400.0
2025-10-22,603.9493408203125,52.13204193115234,64.99389061708672,134380800.0
2025-10-23,609.0264282226562,53.437835693359375,66.62461450542656,91245000.0
2025-10-24,615.52978515625,55.10247039794922,68.75032827532536,84387600.0
2025-10-27,626.4918823242188,58.02804565429688,72.41462461771519,77489400.0
2025-10-28,631.3095703125,59.35377502441406,74.07587517509121,92239400.0
2025-10-29,634.15234375,60.11133575439453,75.06700422890302,133060800.0
2025-10-30,624.45703125,57.36019515991211,71.61430708238746,127234200.0
2025-10-31,627.4694213867188,58.17258071899414,72.64147299147037,122666800.0
2025-11-03,630.4716796875,58.97001266479492,73.6748057137659,83598000.0
2025-11-04,617.67431640625,55.36164093017578,69.17892944614643,124762800.0
2025-11-05,621.6941528320312,56.43816757202149,70.52065751404821,109730000.0
2025-11-06,610.1136474609375,53.27336502075195,66.5707232558134,156461400.0
2025-11-07,608.1885375976562,52.72014617919922,65.93197659891959,183589400.0
2025-11-10,621.6442260742188,56.17401885986328,70.2995480339985,119878800.0
2025-11-11,619.9884643554688,55.71051406860352,69.72874536010657,102665600.0
2025-11-12,619.4996948242188,55.59588623046875,69.55483653192395,125708400.0
2025-11-13,606.8519897460938,52.16194915771485,65.28576826382698,201264400.0
2025-11-14,607.310791015625,52.20181655883789,65.42542013366983,222397600.0
2025-11-17,602.1240234375,50.86113739013672,63.74067200996735,186327000.0
2025-11-18,594.7926635742188,49.022064208984375,61.40416147675884,267348000.0
2025-11-19,598.3436279296875,49.864349365234375,62.49600387758362,184263600.0
2025-11-20,584.1797485351562,46.30083084106445,58.04975928498784,178246300.0
2025-11-21,588.568603515625,47.327518463134766,59.35062723061521,179618600.0
2025-11-24,603.6201782226562,50.91596603393555,63.89632388080727,93894200.0
2025-11-25,607.3407592773438,51.84297180175781,65.06960841666384,101851900.0
2025-11-26,612.70703125,53.1986083984375,66.78601701892384,75598100.0
2025-11-28,617.67431640625,54.36484909057617,68.40172574155032,34381600.0
2025-12-01,615.599609375,53.87641906738281,67.70363671575716,66359600.0
2025-12-02,620.4172973632812,55.12240982055664,69.28444946147499,79504400.0
2025-12-03,621.9334716796875,55.51115417480469,69.78346199204454,69844900.0
2025-12-04,621.35498046875,55.33173370361328,69.57973143042945,63958000.0
2025-12-05,623.8884887695312,55.96968078613281,70.42186602566105,73206000.0
2025-12-08,622.6915283203125,55.62080001831055,70.00745695099302,69700000.0
2025-12-09,623.4595336914062,55.83012390136719,70.25745873204625,48736000.0
2025-12-10,626.0130615234375,56.468074798583984,71.11166295199433,100261100.0
2025-12-11,623.98828125,55.9298095703125,70.41247629517125,99683900.0
2025-12-12,612.0586547851562,52.65037536621094,66.36488063545124,138448500.0
2025-12-15,608.9865112304688,51.85294342041016,65.35699037604286,98696300.0
2025-12-16,610.1934204101562,52.16194915771485,65.7371379005558,105953700.0
2025-12-17,598.8822631835938,49.241355895996094,62.072948026824136,125606200.0
2025-12-18,607.5601196289062,51.34457778930664,64.76326681740825,109222100.0
2025-12-19,615.47998046875,53.34812545776367,67.28757932593264,72957800.0
2025-12-22,618.4302368164062,54.075782775878906,68.24651161110319,64783100.0
2025-12-23,621.3265380859375,54.83333969116211,69.1965654979245,48197100.0
2025-12-24,623.144287109375,55.26862335205078,69.79496096275659,25855000.0
2025-12-26,623.1043090820312,55.21870422363281,69.7725229528981,37244200.0
2025-12-29,620.088134765625,54.40005874633789,68.7503065677288,50635300.0
2025-12-30,618.64990234375,54.01070022583008,68.2630581101891,38976800.0
2025-12-31,613.536376953125,52.63298034667969,66.56154127814553,57199400.0
2026-01-02,612.347900390625,52.26358795166016,66.16614605827023,107226600.0
2026-01-05,617.2117309570312,53.51152420043945,67.7342666629233,77968000.0
2026-01-06,622.6348876953125,54.91919708251953,69.51097759467179,68915800.0
2026-01-07,623.2341918945312,55.07893371582031,69.70272839671328,65588300.0
2026-01-08,619.6885986328125,54.10055160522461,68.50411429876362,83760300.0
2026-01-09,625.86083984375,55.6679573059082,70.5422262712208,78706300.0
2026-01-12,626.3801879882812,55.79774475097656,70.70873580674943,59673900.0
2026-01-13,625.4513549804688,55.50822448730469,70.38505996971051,88611000.0
2026-01-14,618.769775390625,53.74114990234375,68.12024777453694,117421500.0
2026-01-15,620.9970092773438,54.29024124145508,68.84704626474479,90483000.0
2026-01-16,620.4776611328125,54.05063247680664,68.66543057972403,75855900.0
2026-01-20,607.2942504882812,50.646263122558594,64.2797278160548,129209100.0
2026-01-21,615.50390625,52.64296340942383,66.87831465859023,150230100.0
2026-01-22,619.978271484375,53.811031341552734,68.32818865898359,90992300.0
2026-01-23,621.935791015625,54.29024124145508,68.96659136026415,78066100.0
2026-01-26,624.67236328125,54.98908615112305,69.86807061317253,58084300.0
2026-01-27,630.335205078125,56.44667434692383,71.7591811947034,51981200.0
2026-01-28,632.4225463867188,56.965816497802734,72.46280981876751,76172100.0
2026-01-29,628.6373291015625,55.9474983215332,71.15233314573838,122642300.0
2026-01-30,621.0868530273438,53.910865783691406,68.57935064797587,110170700.0
2026-02-02,625.3515014648438,55.00904846191406,69.98318824390044,74665800.0
2026-02-03,615.7435913085938,52.43330764770508,66.74849074044548,129992200.0
2026-02-04,604.9871826171875,49.67786407470703,63.24179602170846,142536200.0
2026-02-05,596.2781982421875,47.56136322021485,60.50247888597551,158712900.0
2026-02-06,608.8822631835938,50.50649642944336,64.33135776834868,117934600.0
2026-02-09,613.54638671875,51.654598236083984,65.80141949162363,71272700.0
2026-02-10,610.699951171875,50.93578338623047,64.87710915164894,70660900.0
2026-02-11,612.337890625,51.31515884399414,65.39075345716604,92393800.0
2026-02-12,599.8836059570312,48.18033981323242,61.39238706589932,131150000.0
2026-02-13,601.1619873046875,48.38999557495117,61.77695685310222,123216600.0
2026-02-17,600.542724609375,48.27019119262695,61.5780753748565,117089700.0
2026-02-18,605.027099609375,49.308475494384766,62.94957879433609,81370800.0
2026-02-19,602.7100219726562,48.7494010925293,62.21822144620459,83447500.0
2026-02-20,608.0433349609375,49.97737121582031,63.861880200356914,118813800.0
2026-02-23,600.652587890625,48.16037368774414,61.52492355999266,91951800.0
2026-02-24,607.1044921875,49.69783020019531,63.49959391222781,71023300.0
2026-02-25,615.9033813476562,51.78438186645508,66.2523389543823,54217200.0
2026-02-26,608.4727783203125,49.967384338378906,63.84587529730904,105583800.0
2026-02-27,606.5252075195312,49.438262939453125,63.22457344112404,93802200.0
2026-03-02,607.32421875,49.61796569824219,63.46628460696638,108545900.0
2026-03-03,600.8224487304688,48.02060317993164,61.41976234421072,163365500.0
2026-03-04,609.9808959960938,50.17703628540039,64.22053630294828,99738400.0
2026-03-05,608.1431274414062,49.7177963256836,63.63179403851154,129713200.0
2026-03-06,598.9946899414062,47.46152877807617,60.75190103335819,141012200.0
2026-03-09,606.99462890625,49.308475494384766,63.178198840280885,159005500.0
2026-03-10,607.004638671875,49.318458557128906,63.1731732305248,115057200.0
2026-03-11,606.9247436523438,49.26853942871094,63.14007781827199,91104300.0
2026-03-12,596.5078735351562,46.75270462036133,59.88084320891772,130823900.0
2026-03-13,592.9722900390625,45.85418701171875,58.80835169558268,141952500.0
2026-03-16,599.6239013671875,47.38166046142578,60.7797959114609,81421500.0
2026-03-17,602.5502319335938,48.08050537109375,61.6618208515698,74570100.0
2026-03-18,594.15087890625,46.023902893066406,59.0752285199488,105059300.0
2026-03-19,592.273193359375,45.61458206176758,58.50752320443296,138384900.0
2026-03-20,581.3269653320312,43.00889205932617,55.2560154471651,137952500.0
2026-03-23,588.0,44.496429443359375,57.15173278370887,139354300.0
2026-03-24,583.97998046875,43.547996520996094,55.97215974454694,105505200.0
2026-03-25,587.8200073242188,44.38999938964844,57.06909221920643,79294400.0
2026-03-26,573.7899780273438,41.22999954223633,52.97537103986473,117558900.0
2026-03-27,562.5800170898438,38.77999877929688,49.86364491145407,124795700.0
2026-03-30,558.280029296875,37.88999938964844,48.71383787414299,111446500.0
2026-03-31,577.1799926757812,41.68000030517578,53.655014924480405,149516200.0
2026-04-01,584.3099975585938,43.22999954223633,55.63652163248531,116135500.0
2026-04-02,584.97998046875,43.33000183105469,55.82072572172149,111377300.0
2026-04-06,588.5,44.09999847412109,56.821199544894576,69245100.0
2026-04-07,588.5900268554688,44.150001525878906,56.83994552718004,131796200.0
2026-04-08,606.0900268554688,48.0,61.90251986500007,102015100.0
2026-04-09,610.1900024414062,48.959999084472656,63.150776460012295,78953600.0
2026-04-10,611.0700073242188,49.16999816894531,63.41585352137969,65481600.0
2026-04-13,617.3900146484375,50.65999984741211,65.37531199774845,67169100.0
2026-04-14,628.5999755859375,53.40999984741211,68.92793929818893,72362300.0
2026-04-15,637.4000244140625,55.650001525878906,71.81390434826857,83244000.0
2026-04-16,640.469970703125,56.43000030517578,72.84228329021643,86398100.0
2026-04-17,648.8499755859375,58.59000015258789,75.69212326081772,103604000.0
2026-04-20,646.7899780273438,58.08000183105469,74.96142547563294,67652800.0
2026-04-21,644.3300170898438,57.400001525878906,74.09644312492826,91775200.0
2026-04-22,655.1099853515625,60.209999084472656,77.8058966190696,73399800.0
2026-04-23,651.4199829101562,59.220001220703125,76.48109905826846,92856900.0
2026-04-24,663.8800048828125,62.560001373291016,80.85990339147956,80250700.0
2026-04-27,664.22998046875,62.63999938964844,80.97735095539971,56615000.0
2026-04-28,657.5499877929688,60.7400016784668,78.52379723936112,80631600.0
2026-04-29,661.5700073242188,61.86000061035156,79.95386331832196,77081400.0
2026-04-30,667.739990234375,63.540000915527344,82.18056259651628,81042700.0
2026-05-01,674.1500244140625,65.30000305175781,84.53666038380513,67762900.0
2026-05-04,672.8800048828125,64.91000366210938,84.04798213348101,60813800.0
2026-05-05,681.6099853515625,67.38999938964844,87.30846715678555,54098800.0
2026-05-06,695.77001953125,71.56999969482422,92.73854414167911,70169000.0
2026-05-07,694.9400024414062,71.33999633789062,92.39468250034032,93509100.0
2026-05-08,711.22998046875,76.27999877929688,98.88018901605076,68329700.0
